Bowler,Venue,wickets_taken,runs_conceded,balls_bowled,economy_rate
A Ashish Reddy,Barabati Stadium,1,32,18,10.666666666666666
A Ashish Reddy,Dr. Y.S. Rajasekhara Reddy ACA-VDCA Cricket Stadium,1,20,18,6.666666666666667
A Ashish Reddy,Eden Gardens,1,15,12,7.5
A Ashish Reddy,M Chinnaswamy Stadium,2,84,47,10.72340425531915
A Ashish Reddy,MA Chidambaram Stadium,1,31,16,11.625
A Ashish Reddy,Rajiv Gandhi International Stadium,9,164,108,9.11111111111111
A Ashish Reddy,Subrata Roy Sahara Stadium,2,32,24,8.0
A Ashish Reddy,Wankhede Stadium,1,11,13,5.0769230769230775
A Badoni,Brabourne Stadium,1,5,6,5.0
A Badoni,Punjab Cricket Association IS Bindra Stadium,0,0,1,0.0
A Badoni,Wankhede Stadium,1,6,6,6.0
A Chandila,M Chinnaswamy Stadium,0,21,24,5.25
A Chandila,MA Chidambaram Stadium,1,16,18,5.333333333333333
A Chandila,Punjab Cricket Association Stadium,1,24,24,6.0
A Chandila,Rajiv Gandhi International Stadium,1,20,24,5.0
A Chandila,Sawai Mansingh Stadium,8,161,144,6.708333333333333
A Choudhary,M Chinnaswamy Stadium,3,57,53,6.452830188679245
A Choudhary,Rajiv Gandhi International Stadium,1,55,24,13.75
A Choudhary,Wankhede Stadium,1,32,24,8.0
A Dananjaya,Wankhede Stadium,0,47,24,11.75
A Flintoff,Kingsmead,0,50,24,12.5
A Flintoff,Newlands,1,44,24,11.0
A Flintoff,St George's Park,1,11,18,3.6666666666666665
A Kumble,Brabourne Stadium,1,18,24,4.5
A Kumble,Dr DY Patil Sports Academy,5,46,45,6.133333333333334
A Kumble,Eden Gardens,1,40,42,5.714285714285714
A Kumble,Feroz Shah Kotla,1,33,24,8.25
A Kumble,Kingsmead,7,72,96,4.5
A Kumble,M Chinnaswamy Stadium,11,355,283,7.5265017667844525
A Kumble,MA Chidambaram Stadium,4,30,48,3.75
A Kumble,New Wanderers Stadium,6,88,84,6.285714285714286
A Kumble,Newlands,5,44,43,6.13953488372093
A Kumble,Punjab Cricket Association Stadium,1,69,48,8.625
A Kumble,Rajiv Gandhi International Stadium,1,33,24,8.25
A Kumble,Sawai Mansingh Stadium,1,60,48,7.5
A Kumble,St George's Park,0,80,72,6.666666666666667
A Kumble,SuperSport Park,4,63,60,6.3
A Kumble,Vidarbha Cricket Association Stadium,1,27,24,6.75
A Mishra,Arun Jaitley Stadium,18,309,264,7.0227272727272725
A Mishra,Barabati Stadium,2,59,60,5.9
A Mishra,Bharat Ratna Shri Atal Bihari Vajpayee Ekana Cricket Stadium,5,53,54,5.888888888888889
A Mishra,Brabourne Stadium,0,71,42,10.142857142857142
A Mishra,Buffalo Park,0,20,24,5.0
A Mishra,Dr DY Patil Sports Academy,2,26,24,6.5
A Mishra,Dr. Y.S. Rajasekhara Reddy ACA-VDCA Cricket Stadium,4,134,120,6.7
A Mishra,Dubai International Cricket Stadium,0,115,72,9.583333333333334
A Mishra,Eden Gardens,4,168,138,7.304347826086956
A Mishra,Feroz Shah Kotla,41,780,648,7.222222222222222
A Mishra,Green Park,1,27,12,13.5
A Mishra,Himachal Pradesh Cricket Association Stadium,4,9,24,2.25
A Mishra,Kingsmead,0,57,42,8.142857142857142
A Mishra,M Chinnaswamy Stadium,5,137,102,8.058823529411764
A Mishra,M.Chinnaswamy Stadium,0,32,12,16.0
A Mishra,MA Chidambaram Stadium,11,152,144,6.333333333333333
A Mishra,Maharashtra Cricket Association Stadium,9,94,90,6.266666666666667
A Mishra,Narendra Modi Stadium,1,27,18,9.0
A Mishra,Nehru Stadium,1,12,24,3.0
A Mishra,New Wanderers Stadium,3,38,42,5.428571428571429
A Mishra,OUTsurance Oval,3,33,24,8.25
A Mishra,Punjab Cricket Association IS Bindra Stadium,0,115,66,10.454545454545455
A Mishra,Punjab Cricket Association Stadium,2,74,54,8.222222222222221
A Mishra,Rajiv Gandhi International Stadium,33,706,578,7.328719723183391
A Mishra,Sardar Patel Stadium,2,47,48,5.875
A Mishra,Saurashtra Cricket Association Stadium,1,19,18,6.333333333333333
A Mishra,Sawai Mansingh Stadium,5,122,83,8.819277108433734
A Mishra,Shaheed Veer Narayan Singh International Stadium,1,88,60,8.8
A Mishra,Sharjah Cricket Stadium,3,97,57,10.210526315789474
A Mishra,Sheikh Zayed Stadium,4,61,48,7.625
A Mishra,St George's Park,1,19,24,4.75
A Mishra,Subrata Roy Sahara Stadium,0,25,18,8.333333333333334
A Mishra,SuperSport Park,7,127,97,7.855670103092783
A Mishra,Wankhede Stadium,6,190,156,7.3076923076923075
A Mithun,Feroz Shah Kotla,3,76,42,10.857142857142858
A Mithun,Himachal Pradesh Cricket Association Stadium,0,29,18,9.666666666666666
A Mithun,JSCA International Stadium Complex,1,37,24,9.25
A Mithun,M Chinnaswamy Stadium,3,189,132,8.590909090909092
A Mithun,MA Chidambaram Stadium,0,48,24,12.0
A Mithun,Nehru Stadium,0,19,6,19.0
A Mithun,St George's Park,0,42,24,10.5
A Mithun,Wankhede Stadium,1,32,18,10.666666666666666
A Nehra,Barabati Stadium,1,41,24,10.25
A Nehra,Brabourne Stadium,3,64,48,8.0
A Nehra,Buffalo Park,2,27,24,6.75
A Nehra,Dr DY Patil Sports Academy,6,57,54,6.333333333333333
A Nehra,Dr. Y.S. Rajasekhara Reddy ACA-VDCA Cricket Stadium,8,44,42,6.285714285714286
A Nehra,Eden Gardens,3,141,96,8.8125
A Nehra,Feroz Shah Kotla,6,159,125,7.632000000000001
A Nehra,Himachal Pradesh Cricket Association Stadium,2,38,24,9.5
A Nehra,JSCA International Stadium Complex,3,28,24,7.0
A Nehra,Kingsmead,4,103,72,8.583333333333334
A Nehra,M Chinnaswamy Stadium,9,139,103,8.097087378640776
A Nehra,MA Chidambaram Stadium,19,324,258,7.534883720930233
A Nehra,New Wanderers Stadium,6,77,72,6.416666666666667
A Nehra,OUTsurance Oval,2,14,42,2.0
A Nehra,Punjab Cricket Association IS Bindra Stadium,3,77,41,11.26829268292683
A Nehra,Punjab Cricket Association Stadium,3,61,54,6.777777777777778
A Nehra,Rajiv Gandhi International Stadium,10,247,199,7.4472361809045236
A Nehra,Sardar Patel Stadium,0,32,24,8.0
A Nehra,Sawai Mansingh Stadium,4,41,42,5.857142857142857
A Nehra,Shaheed Veer Narayan Singh International Stadium,1,64,48,8.0
A Nehra,Sheikh Zayed Stadium,1,24,18,8.0
A Nehra,St George's Park,3,34,24,8.5
A Nehra,Subrata Roy Sahara Stadium,5,213,150,8.52
A Nehra,SuperSport Park,5,91,72,7.583333333333333
A Nehra,Wankhede Stadium,11,324,204,9.529411764705882
A Nel,Feroz Shah Kotla,1,31,18,10.333333333333334
A Nortje,Arun Jaitley Stadium,5,181,120,9.05
A Nortje,Barsapara Cricket Stadium,0,44,24,11.0
A Nortje,Brabourne Stadium,1,35,24,8.75
A Nortje,Dr DY Patil Sports Academy,6,145,86,10.116279069767442
A Nortje,Dubai International Cricket Stadium,17,317,246,7.7317073170731705
A Nortje,Himachal Pradesh Cricket Association Stadium,3,36,24,9.0
A Nortje,M Chinnaswamy Stadium,0,31,24,7.75
A Nortje,Narendra Modi Stadium,1,39,24,9.75
A Nortje,Rajiv Gandhi International Stadium,2,33,24,8.25
A Nortje,Sharjah Cricket Stadium,10,167,134,7.477611940298508
A Nortje,Sheikh Zayed Stadium,6,164,120,8.2
A Nortje,Wankhede Stadium,2,37,24,9.25
A Nortje,Zayed Cricket Stadium,2,18,24,4.5
A Singh,De Beers Diamond Oval,1,25,18,8.333333333333334
A Singh,Eden Gardens,2,36,30,7.2
A Singh,Feroz Shah Kotla,2,41,24,10.25
A Singh,Kingsmead,4,28,45,3.7333333333333334
A Singh,M Chinnaswamy Stadium,2,43,23,11.217391304347826
A Singh,MA Chidambaram Stadium,0,45,24,11.25
A Singh,OUTsurance Oval,0,23,18,7.666666666666667
A Singh,Rajiv Gandhi International Stadium,3,35,24,8.75
A Singh,Sawai Mansingh Stadium,10,276,207,8.0
A Singh,SuperSport Park,4,19,24,4.75
A Singh,Wankhede Stadium,3,49,36,8.166666666666666
A Symonds,Barabati Stadium,4,43,48,5.375
A Symonds,Brabourne Stadium,0,32,24,8.0
A Symonds,De Beers Diamond Oval,0,50,30,10.0
A Symonds,Dr DY Patil Sports Academy,1,108,96,6.75
A Symonds,Eden Gardens,2,46,36,7.666666666666667
A Symonds,Feroz Shah Kotla,0,8,12,4.0
A Symonds,Himachal Pradesh Cricket Association Stadium,0,16,12,8.0
A Symonds,Kingsmead,1,19,18,6.333333333333333
A Symonds,M Chinnaswamy Stadium,1,34,18,11.333333333333334
A Symonds,MA Chidambaram Stadium,2,29,18,9.666666666666666
A Symonds,New Wanderers Stadium,6,56,54,6.222222222222222
A Symonds,Rajiv Gandhi International Stadium,0,81,29,16.758620689655174
A Symonds,Sardar Patel Stadium,1,9,12,4.5
A Symonds,SuperSport Park,2,35,42,5.0
A Symonds,Vidarbha Cricket Association Stadium,2,74,60,7.4
A Symonds,Wankhede Stadium,1,34,18,11.333333333333334
A Uniyal,Brabourne Stadium,3,41,24,10.25
A Uniyal,Sardar Patel Stadium,0,25,12,12.5
A Zampa,Dr. Y.S. Rajasekhara Reddy ACA-VDCA Cricket Stadium,10,72,72,6.0
A Zampa,Eden Gardens,0,8,6,8.0
A Zampa,Feroz Shah Kotla,1,29,24,7.25
A Zampa,Himachal Pradesh Cricket Association Stadium,1,26,24,6.5
A Zampa,M Chinnaswamy Stadium,2,35,24,8.75
A Zampa,MA Chidambaram Stadium,1,43,24,10.75
A Zampa,Maharashtra Cricket Association Stadium,4,93,65,8.584615384615384
A Zampa,Narendra Modi Stadium,2,32,24,8.0
A Zampa,Rajiv Gandhi International Stadium,2,32,24,8.0
A Zampa,Sawai Mansingh Stadium,5,87,60,8.7
A Zampa,Sheikh Zayed Stadium,1,39,42,5.571428571428571
A Zampa,Wankhede Stadium,0,9,6,9.0
AA Chavan,Eden Gardens,1,60,38,9.473684210526317
AA Chavan,Feroz Shah Kotla,1,31,24,7.75
AA Chavan,Holkar Cricket Stadium,0,10,6,10.0
AA Chavan,Punjab Cricket Association Stadium,0,32,18,10.666666666666666
AA Chavan,Sawai Mansingh Stadium,5,90,84,6.428571428571429
AA Chavan,Subrata Roy Sahara Stadium,0,20,12,10.0
AA Chavan,Wankhede Stadium,1,83,66,7.545454545454546
AA Jhunjhunwala,Brabourne Stadium,0,27,12,13.5
AA Jhunjhunwala,Dr DY Patil Sports Academy,0,11,6,11.0
AA Jhunjhunwala,MA Chidambaram Stadium,1,31,30,6.2
AA Jhunjhunwala,Punjab Cricket Association Stadium,0,24,12,12.0
AA Jhunjhunwala,Rajiv Gandhi International Stadium,0,12,12,6.0
AA Jhunjhunwala,Sardar Patel Stadium,0,18,7,15.428571428571427
AA Jhunjhunwala,Sawai Mansingh Stadium,0,6,6,6.0
AA Kazi,Sawai Mansingh Stadium,1,21,12,10.5
AA Noffke,M Chinnaswamy Stadium,1,40,24,10.0
AB Agarkar,Buffalo Park,1,12,6,12.0
AB Agarkar,Eden Gardens,5,188,132,8.545454545454545
AB Agarkar,Feroz Shah Kotla,5,302,192,9.4375
AB Agarkar,Kingsmead,4,62,54,6.888888888888889
AB Agarkar,M Chinnaswamy Stadium,3,54,42,7.714285714285714
AB Agarkar,MA Chidambaram Stadium,2,82,54,9.11111111111111
AB Agarkar,Nehru Stadium,2,23,24,5.75
AB Agarkar,New Wanderers Stadium,1,60,42,8.571428571428571
AB Agarkar,Newlands,0,17,6,17.0
AB Agarkar,Punjab Cricket Association Stadium,2,58,42,8.285714285714286
AB Agarkar,Rajiv Gandhi International Stadium,2,29,24,7.25
AB Agarkar,Sawai Mansingh Stadium,1,68,36,11.333333333333334
AB Agarkar,St George's Park,1,29,24,7.25
AB Agarkar,SuperSport Park,1,90,48,11.25
AB Agarkar,Wankhede Stadium,3,63,50,7.56
AB Dinda,Buffalo Park,1,27,18,9.0
AB Dinda,Dr DY Patil Sports Academy,2,42,24,10.5
AB Dinda,Dr. Y.S. Rajasekhara Reddy ACA-VDCA Cricket Stadium,4,62,66,5.636363636363637
AB Dinda,Dubai International Cricket Stadium,2,33,42,4.714285714285714
AB Dinda,Eden Gardens,14,283,246,6.902439024390244
AB Dinda,Feroz Shah Kotla,3,110,81,8.148148148148149
AB Dinda,Holkar Cricket Stadium,1,26,18,8.666666666666666
AB Dinda,Kingsmead,2,63,60,6.3
AB Dinda,M Chinnaswamy Stadium,9,202,148,8.18918918918919
AB Dinda,MA Chidambaram Stadium,2,84,54,9.333333333333334
AB Dinda,Maharashtra Cricket Association Stadium,7,191,108,10.61111111111111
AB Dinda,Newlands,2,24,18,8.0
AB Dinda,Punjab Cricket Association Stadium,2,98,72,8.166666666666666
AB Dinda,Rajiv Gandhi International Stadium,9,108,84,7.714285714285714
AB Dinda,Sardar Patel Stadium,2,28,24,7.0
AB Dinda,Sawai Mansingh Stadium,1,64,45,8.533333333333333
AB Dinda,Shaheed Veer Narayan Singh International Stadium,3,31,24,7.75
AB Dinda,Sharjah Cricket Stadium,0,77,48,9.625
AB Dinda,Sheikh Zayed Stadium,0,8,12,4.0
AB Dinda,St George's Park,0,50,24,12.5
AB Dinda,Subrata Roy Sahara Stadium,10,275,192,8.59375
AB Dinda,SuperSport Park,1,29,24,7.25
AB Dinda,Wankhede Stadium,5,119,66,10.818181818181818
AB McDonald,Brabourne Stadium,1,42,24,10.5
AB McDonald,Feroz Shah Kotla,3,54,36,9.0
AB McDonald,M Chinnaswamy Stadium,7,78,60,7.8
AB McDonald,MA Chidambaram Stadium,0,23,12,11.5
AB McDonald,New Wanderers Stadium,0,22,18,7.333333333333333
AB McDonald,Punjab Cricket Association Stadium,2,25,24,6.25
AC Gilchrist,Himachal Pradesh Cricket Association Stadium,1,0,1,0.0
AC Thomas,Dr DY Patil Sports Academy,5,186,117,9.538461538461538
AC Thomas,Feroz Shah Kotla,3,22,24,5.5
AC Thomas,M Chinnaswamy Stadium,2,23,24,5.75
AC Thomas,MA Chidambaram Stadium,2,29,24,7.25
AC Thomas,Sawai Mansingh Stadium,1,28,24,7.0
AC Thomas,Subrata Roy Sahara Stadium,2,87,60,8.7
AC Thomas,Wankhede Stadium,1,16,24,4.0
AC Voges,Eden Gardens,0,16,6,16.0
AC Voges,Feroz Shah Kotla,0,9,6,9.0
AC Voges,Punjab Cricket Association Stadium,0,12,12,6.0
AC Voges,Sardar Patel Stadium,1,22,24,5.5
AC Voges,Sawai Mansingh Stadium,0,17,6,17.0
AD Mascarenhas,Brabourne Stadium,2,34,24,8.5
AD Mascarenhas,Eden Gardens,1,34,24,8.5
AD Mascarenhas,Newlands,3,49,48,6.125
AD Mascarenhas,Punjab Cricket Association Stadium,5,48,48,6.0
AD Mascarenhas,Rajiv Gandhi International Stadium,0,25,24,6.25
AD Mascarenhas,Sardar Patel Stadium,2,31,24,7.75
AD Mascarenhas,Sawai Mansingh Stadium,2,29,24,7.25
AD Mascarenhas,Subrata Roy Sahara Stadium,1,23,24,5.75
AD Mascarenhas,SuperSport Park,2,54,44,7.363636363636364
AD Mathews,Brabourne Stadium,1,56,45,7.466666666666667
AD Mathews,Dr DY Patil Sports Academy,1,27,24,6.75
AD Mathews,Dr. Y.S. Rajasekhara Reddy ACA-VDCA Cricket Stadium,1,38,24,9.5
AD Mathews,Eden Gardens,7,178,138,7.739130434782608
AD Mathews,Feroz Shah Kotla,3,170,114,8.947368421052632
AD Mathews,JSCA International Stadium Complex,1,25,18,8.333333333333334
AD Mathews,M Chinnaswamy Stadium,2,60,42,8.571428571428571
AD Mathews,MA Chidambaram Stadium,0,27,12,13.5
AD Mathews,Maharashtra Cricket Association Stadium,1,52,42,7.428571428571429
AD Mathews,Punjab Cricket Association Stadium,2,46,42,6.571428571428571
AD Mathews,Rajiv Gandhi International Stadium,0,57,30,11.4
AD Mathews,Sardar Patel Stadium,0,33,18,11.0
AD Mathews,Sawai Mansingh Stadium,2,63,42,9.0
AD Mathews,Subrata Roy Sahara Stadium,6,154,138,6.695652173913044
AD Mathews,SuperSport Park,0,31,14,13.285714285714285
AD Mathews,Wankhede Stadium,1,62,48,7.75
AD Russell,Arun Jaitley Stadium,1,40,24,10.0
AD Russell,Brabourne Stadium,7,97,60,9.7
AD Russell,Dr DY Patil Sports Academy,8,108,53,12.226415094339622
AD Russell,Dr. Y.S. Rajasekhara Reddy ACA-VDCA Cricket Stadium,1,6,6,6.0
AD Russell,Eden Gardens,33,773,525,8.834285714285715
AD Russell,Feroz Shah Kotla,4,132,90,8.8
AD Russell,Himachal Pradesh Cricket Association Stadium,1,51,24,12.75
AD Russell,Holkar Cricket Stadium,3,41,24,10.25
AD Russell,JSCA International Stadium Complex,1,25,12,12.5
AD Russell,M Chinnaswamy Stadium,4,75,58,7.758620689655173
AD Russell,M.Chinnaswamy Stadium,3,47,24,11.75
AD Russell,MA Chidambaram Stadium,8,176,114,9.263157894736842
AD Russell,Maharashtra Cricket Association Stadium,7,108,84,7.714285714285714
AD Russell,Narendra Modi Stadium,0,2,6,2.0
AD Russell,Punjab Cricket Association IS Bindra Stadium,1,47,24,11.75
AD Russell,Rajiv Gandhi International Stadium,4,112,78,8.615384615384615
AD Russell,Sardar Patel Stadium,1,27,18,9.0
AD Russell,Sharjah Cricket Stadium,3,80,48,10.0
AD Russell,Sheikh Zayed Stadium,4,66,48,8.25
AD Russell,Wankhede Stadium,7,207,117,10.615384615384615
AD Russell,Zayed Cricket Stadium,4,74,54,8.222222222222221
AF Milne,Dubai International Cricket Stadium,4,69,48,8.625
AF Milne,M Chinnaswamy Stadium,4,70,48,8.75
AF Milne,MA Chidambaram Stadium,0,33,18,11.0
AF Milne,Maharashtra Cricket Association Stadium,0,35,24,8.75
AF Milne,Saurashtra Cricket Association Stadium,1,43,24,10.75
AF Milne,Wankhede Stadium,0,48,27,10.666666666666666
AF Milne,Zayed Cricket Stadium,0,29,18,9.666666666666666
AG Murtaza,Brabourne Stadium,4,64,48,8.0
AG Murtaza,Eden Gardens,0,27,24,6.75
AG Murtaza,Feroz Shah Kotla,3,21,24,5.25
AG Murtaza,JSCA International Stadium Complex,0,34,24,8.5
AG Murtaza,M Chinnaswamy Stadium,0,71,36,11.833333333333334
AG Murtaza,Sawai Mansingh Stadium,0,15,24,3.75
AG Murtaza,Subrata Roy Sahara Stadium,3,26,36,4.333333333333333
AG Murtaza,Wankhede Stadium,2,55,48,6.875
AJ Finch,Eden Gardens,0,5,7,4.285714285714286
AJ Finch,Feroz Shah Kotla,0,13,12,6.5
AJ Finch,M Chinnaswamy Stadium,0,29,6,29.0
AJ Finch,MA Chidambaram Stadium,0,9,6,9.0
AJ Finch,Wankhede Stadium,1,11,12,5.5
AJ Hosein,Arun Jaitley Stadium,1,40,24,10.0
AJ Tye,Arun Jaitley Stadium,2,25,24,6.25
AJ Tye,Brabourne Stadium,3,40,24,10.0
AJ Tye,Dr DY Patil Sports Academy,0,67,42,9.571428571428571
AJ Tye,Eden Gardens,3,67,48,8.375
AJ Tye,Holkar Cricket Stadium,8,133,96,8.3125
AJ Tye,M Chinnaswamy Stadium,3,12,24,3.0
AJ Tye,M.Chinnaswamy Stadium,2,27,24,6.75
AJ Tye,MA Chidambaram Stadium,0,38,24,9.5
AJ Tye,Maharashtra Cricket Association Stadium,0,47,24,11.75
AJ Tye,Punjab Cricket Association IS Bindra Stadium,7,266,156,10.23076923076923
AJ Tye,Rajiv Gandhi International Stadium,0,28,24,7.0
AJ Tye,Saurashtra Cricket Association Stadium,7,86,72,7.166666666666667
AJ Tye,Sawai Mansingh Stadium,5,34,24,8.5
AJ Tye,Sharjah Cricket Stadium,2,54,24,13.5
AJ Tye,Wankhede Stadium,6,50,48,6.25
AK Markram,Bharat Ratna Shri Atal Bihari Vajpayee Ekana Cricket Stadium,0,14,12,7.0
AK Markram,Brabourne Stadium,0,11,6,11.0
AK Markram,Dr DY Patil Sports Academy,1,17,12,8.5
AK Markram,MA Chidambaram Stadium,0,11,6,11.0
AK Markram,Maharashtra Cricket Association Stadium,0,36,18,12.0
AK Markram,Narendra Modi Stadium,0,13,6,13.0
AK Markram,Rajiv Gandhi International Stadium,1,31,24,7.75
AK Markram,Sharjah Cricket Stadium,0,5,6,5.0
AK Markram,Wankhede Stadium,0,1,1,6.0
AK Markram,Zayed Cricket Stadium,0,18,18,6.0
AL Menaria,Eden Gardens,1,3,6,3.0
AL Menaria,MA Chidambaram Stadium,0,23,18,7.666666666666667
AL Menaria,Punjab Cricket Association Stadium,0,7,6,7.0
AL Menaria,Rajiv Gandhi International Stadium,0,8,6,8.0
AL Menaria,Sawai Mansingh Stadium,2,91,68,8.029411764705882
AL Menaria,Wankhede Stadium,0,12,6,12.0
AM Nayar,Buffalo Park,1,20,18,6.666666666666667
AM Nayar,Dr DY Patil Sports Academy,1,49,25,11.76
AM Nayar,Feroz Shah Kotla,1,22,12,11.0
AM Nayar,M Chinnaswamy Stadium,0,25,12,12.5
AM Nayar,MA Chidambaram Stadium,1,35,24,8.75
AM Nayar,New Wanderers Stadium,0,26,24,6.5
AM Nayar,Punjab Cricket Association Stadium,0,27,18,9.0
AM Nayar,Rajiv Gandhi International Stadium,1,28,24,7.0
AM Nayar,Sawai Mansingh Stadium,0,4,6,4.0
AM Nayar,Shaheed Veer Narayan Singh International Stadium,1,15,12,7.5
AM Nayar,St George's Park,3,13,18,4.333333333333333
AM Nayar,Subrata Roy Sahara Stadium,0,23,18,7.666666666666667
AM Nayar,SuperSport Park,0,25,12,12.5
AM Nayar,Wankhede Stadium,0,10,6,10.0
AM Rahane,SuperSport Park,1,5,6,5.0
AM Salvi,Himachal Pradesh Cricket Association Stadium,2,40,24,10.0
AM Salvi,Kingsmead,0,41,18,13.666666666666666
AM Salvi,New Wanderers Stadium,0,30,24,7.5
AM Salvi,Newlands,1,17,12,8.5
AM Salvi,OUTsurance Oval,2,19,24,4.75
AM Salvi,Rajiv Gandhi International Stadium,1,26,24,6.5
AM Salvi,SuperSport Park,1,27,24,6.75
AN Ahmed,Eden Gardens,5,93,72,7.75
AN Ahmed,JSCA International Stadium Complex,1,18,24,4.5
AN Ahmed,M Chinnaswamy Stadium,2,140,72,11.666666666666666
AN Ahmed,MA Chidambaram Stadium,1,99,48,12.375
AN Ahmed,Rajiv Gandhi International Stadium,1,49,38,7.736842105263158
AN Ahmed,Subrata Roy Sahara Stadium,2,27,24,6.75
AN Ahmed,Wankhede Stadium,3,72,66,6.545454545454546
AP Dole,Sawai Mansingh Stadium,3,70,42,10.0
AP Dole,Vidarbha Cricket Association Stadium,2,42,24,10.5
AR Patel,Arun Jaitley Stadium,11,253,264,5.75
AR Patel,Barabati Stadium,0,48,48,6.0
AR Patel,Barsapara Cricket Stadium,0,38,24,9.5
AR Patel,Bharat Ratna Shri Atal Bihari Vajpayee Ekana Cricket Stadium,1,38,24,9.5
AR Patel,Brabourne Stadium,2,82,66,7.454545454545454
AR Patel,Dr DY Patil Sports Academy,2,73,66,6.636363636363637
AR Patel,Dr. Y.S. Rajasekhara Reddy ACA-VDCA Cricket Stadium,3,135,96,8.4375
AR Patel,Dubai International Cricket Stadium,12,286,264,6.5
AR Patel,Eden Gardens,4,134,120,6.7
AR Patel,Feroz Shah Kotla,3,99,83,7.156626506024096
AR Patel,Himachal Pradesh Cricket Association Stadium,1,27,18,9.0
AR Patel,Holkar Cricket Stadium,3,141,114,7.421052631578948
AR Patel,M Chinnaswamy Stadium,8,175,126,8.333333333333334
AR Patel,M.Chinnaswamy Stadium,2,47,48,5.875
AR Patel,MA Chidambaram Stadium,4,93,66,8.454545454545455
AR Patel,Maharashtra Cricket Association Stadium,4,162,119,8.168067226890757
AR Patel,Narendra Modi Stadium,5,110,96,6.875
AR Patel,Punjab Cricket Association IS Bindra Stadium,8,336,246,8.195121951219512
AR Patel,Punjab Cricket Association Stadium,10,167,144,6.958333333333333
AR Patel,Rajiv Gandhi International Stadium,4,147,107,8.242990654205608
AR Patel,Saurashtra Cricket Association Stadium,6,57,48,7.125
AR Patel,Sawai Mansingh Stadium,1,63,42,9.0
AR Patel,Sharjah Cricket Stadium,7,139,150,5.56
AR Patel,Sheikh Zayed Stadium,5,158,132,7.181818181818182
AR Patel,Wankhede Stadium,8,316,228,8.31578947368421
AR Patel,Zayed Cricket Stadium,1,27,24,6.75
AS Joseph,Arun Jaitley Stadium,2,29,24,7.25
AS Joseph,Brabourne Stadium,2,83,48,10.375
AS Joseph,Dr DY Patil Sports Academy,1,56,42,8.0
AS Joseph,Eden Gardens,0,27,12,13.5
AS Joseph,Maharashtra Cricket Association Stadium,2,48,36,8.0
AS Joseph,Narendra Modi Stadium,4,112,72,9.333333333333334
AS Joseph,Punjab Cricket Association IS Bindra Stadium,1,32,24,8.0
AS Joseph,Rajiv Gandhi International Stadium,6,12,22,3.272727272727273
AS Joseph,Wankhede Stadium,3,177,96,11.0625
AS Rajpoot,Arun Jaitley Stadium,2,23,24,5.75
AS Rajpoot,Dubai International Cricket Stadium,1,50,30,10.0
AS Rajpoot,Eden Gardens,3,109,84,7.785714285714286
AS Rajpoot,Green Park,1,35,18,11.666666666666666
AS Rajpoot,Holkar Cricket Stadium,1,89,43,12.41860465116279
AS Rajpoot,M Chinnaswamy Stadium,0,39,30,7.8
AS Rajpoot,M.Chinnaswamy Stadium,0,46,24,11.5
AS Rajpoot,MA Chidambaram Stadium,1,25,18,8.333333333333334
AS Rajpoot,Maharashtra Cricket Association Stadium,2,19,24,4.75
AS Rajpoot,Punjab Cricket Association IS Bindra Stadium,0,38,36,6.333333333333333
AS Rajpoot,Punjab Cricket Association Stadium,0,10,6,10.0
AS Rajpoot,Rajiv Gandhi International Stadium,5,14,24,3.5
AS Rajpoot,Sawai Mansingh Stadium,2,33,24,8.25
AS Rajpoot,Sharjah Cricket Stadium,1,40,24,10.0
AS Rajpoot,Sheikh Zayed Stadium,0,110,48,13.75
AS Rajpoot,Wankhede Stadium,5,135,72,11.25
AS Raut,De Beers Diamond Oval,0,13,6,13.0
AS Raut,OUTsurance Oval,0,10,6,10.0
AS Raut,Punjab Cricket Association Stadium,0,8,6,8.0
AS Raut,St George's Park,0,7,6,7.0
AS Raut,SuperSport Park,0,6,6,6.0
AS Roy,Arun Jaitley Stadium,2,19,24,4.75
AS Roy,Eden Gardens,0,20,6,20.0
AS Roy,MA Chidambaram Stadium,1,11,12,5.5
AS Roy,Maharashtra Cricket Association Stadium,0,27,18,9.0
AS Roy,Rajiv Gandhi International Stadium,1,26,18,8.666666666666666
AS Roy,Wankhede Stadium,1,28,24,7.0
AU Rashid,Bharat Ratna Shri Atal Bihari Vajpayee Ekana Cricket Stadium,2,23,18,7.666666666666667
AU Rashid,Dubai International Cricket Stadium,0,35,18,11.666666666666666
AU Rashid,Rajiv Gandhi International Stadium,0,33,24,8.25
AUK Pathan,M Chinnaswamy Stadium,0,44,27,9.777777777777779
AUK Pathan,Nehru Stadium,0,19,12,9.5
Abdul Samad,Dr DY Patil Sports Academy,0,8,6,8.0
Abdul Samad,Dubai International Cricket Stadium,1,69,30,13.8
Abdul Samad,Sharjah Cricket Stadium,1,36,18,12.0
Abdur Razzak,Sawai Mansingh Stadium,0,29,12,14.5
Abhishek Sharma,Arun Jaitley Stadium,1,26,18,8.666666666666666
Abhishek Sharma,Dubai International Cricket Stadium,2,54,36,9.0
Abhishek Sharma,MA Chidambaram Stadium,2,29,30,5.8
Abhishek Sharma,Maharashtra Cricket Association Stadium,0,15,6,15.0
Abhishek Sharma,Narendra Modi Stadium,0,13,6,13.0
Abhishek Sharma,Rajiv Gandhi International Stadium,2,91,48,11.375
Abhishek Sharma,Sawai Mansingh Stadium,0,15,12,7.5
Abhishek Sharma,Sharjah Cricket Stadium,0,9,12,4.5
Abhishek Sharma,Sheikh Zayed Stadium,0,45,30,9.0
Abhishek Sharma,Wankhede Stadium,0,23,18,7.666666666666667
Abhishek Sharma,Zayed Cricket Stadium,2,4,6,4.0
Akash Deep,Dr DY Patil Sports Academy,4,141,65,13.015384615384615
Akash Deep,Eden Gardens,0,30,12,15.0
Akash Deep,M Chinnaswamy Stadium,1,29,18,9.666666666666666
Akash Deep,Maharashtra Cricket Association Stadium,2,20,24,5.0
Akash Deep,Wankhede Stadium,0,44,24,11.0
Akash Madhwal,Bharat Ratna Shri Atal Bihari Vajpayee Ekana Cricket Stadium,0,30,24,7.5
Akash Madhwal,MA Chidambaram Stadium,7,9,27,2.0
Akash Madhwal,Narendra Modi Stadium,2,52,24,13.0
Akash Madhwal,Punjab Cricket Association IS Bindra Stadium,0,37,18,12.333333333333334
Akash Madhwal,Wankhede Stadium,7,91,60,9.1
Akash Singh,Eden Gardens,1,29,24,7.25
Akash Singh,M Chinnaswamy Stadium,1,35,18,11.666666666666666
Akash Singh,MA Chidambaram Stadium,3,92,60,9.2
Akash Singh,Sawai Mansingh Stadium,0,32,12,16.0
Akash Singh,Zayed Cricket Stadium,0,39,24,9.75
Aman Hakim Khan,Brabourne Stadium,0,13,6,13.0
Anand Rajan,Barabati Stadium,1,11,12,5.5
Anand Rajan,Dr. Y.S. Rajasekhara Reddy ACA-VDCA Cricket Stadium,0,9,12,4.5
Anand Rajan,Feroz Shah Kotla,1,20,24,5.0
Anand Rajan,Himachal Pradesh Cricket Association Stadium,1,23,12,11.5
Anand Rajan,M Chinnaswamy Stadium,1,44,23,11.478260869565217
Anand Rajan,Rajiv Gandhi International Stadium,1,22,24,5.5
Anand Rajan,Sawai Mansingh Stadium,1,45,24,11.25
Anand Rajan,Wankhede Stadium,4,27,18,9.0
Ankit Sharma,Barabati Stadium,2,28,36,4.666666666666667
Ankit Sharma,Dr. Y.S. Rajasekhara Reddy ACA-VDCA Cricket Stadium,1,46,42,6.571428571428571
Ankit Sharma,Feroz Shah Kotla,0,18,13,8.307692307692308
Ankit Sharma,JSCA International Stadium Complex,2,20,24,5.0
Ankit Sharma,MA Chidambaram Stadium,1,44,36,7.333333333333333
Ankit Sharma,Maharashtra Cricket Association Stadium,0,85,60,8.5
Ankit Sharma,Punjab Cricket Association IS Bindra Stadium,1,27,24,6.75
Ankit Sharma,Rajiv Gandhi International Stadium,0,16,6,16.0
Ankit Sharma,Sardar Patel Stadium,3,49,42,7.0
Ankit Sharma,Saurashtra Cricket Association Stadium,0,16,6,16.0
Ankit Sharma,Sawai Mansingh Stadium,0,44,30,8.8
Ankit Sharma,Subrata Roy Sahara Stadium,1,11,12,5.5
Ankit Sharma,Wankhede Stadium,1,29,24,7.25
Ankit Soni,Feroz Shah Kotla,0,26,12,13.0
Ankit Soni,Green Park,0,31,13,14.307692307692308
Ankit Soni,M Chinnaswamy Stadium,2,28,18,9.333333333333334
Ankit Soni,Maharashtra Cricket Association Stadium,0,16,24,4.0
Ankit Soni,Punjab Cricket Association IS Bindra Stadium,0,27,18,9.0
Anureet Singh,Eden Gardens,3,66,29,13.655172413793105
Anureet Singh,Feroz Shah Kotla,0,24,18,8.0
Anureet Singh,Holkar Cricket Stadium,1,20,12,10.0
Anureet Singh,M Chinnaswamy Stadium,0,25,24,6.25
Anureet Singh,MA Chidambaram Stadium,1,40,24,10.0
Anureet Singh,Maharashtra Cricket Association Stadium,5,93,72,7.75
Anureet Singh,Punjab Cricket Association IS Bindra Stadium,1,69,48,8.625
Anureet Singh,Punjab Cricket Association Stadium,4,108,77,8.415584415584416
Anureet Singh,Rajiv Gandhi International Stadium,0,37,24,9.25
Anureet Singh,Sawai Mansingh Stadium,1,12,6,12.0
Anureet Singh,SuperSport Park,0,12,6,12.0
Anureet Singh,Wankhede Stadium,2,41,24,10.25
Arjun Tendulkar,Narendra Modi Stadium,1,9,12,4.5
Arjun Tendulkar,Rajiv Gandhi International Stadium,2,18,17,6.352941176470588
Arjun Tendulkar,Wankhede Stadium,1,65,30,13.0
Arshad Khan,Arun Jaitley Stadium,0,12,6,12.0
Arshad Khan,M Chinnaswamy Stadium,1,28,14,12.0
Arshad Khan,MA Chidambaram Stadium,0,28,10,16.8
Arshad Khan,Punjab Cricket Association IS Bindra Stadium,1,48,24,12.0
Arshad Khan,Wankhede Stadium,3,74,31,14.32258064516129
Arshdeep Singh,Arun Jaitley Stadium,0,32,24,8.0
Arshdeep Singh,Barsapara Cricket Stadium,2,47,24,11.75
Arshdeep Singh,Bharat Ratna Shri Atal Bihari Vajpayee Ekana Cricket Stadium,1,22,18,7.333333333333333
Arshdeep Singh,Brabourne Stadium,2,88,66,8.0
Arshdeep Singh,Dr DY Patil Sports Academy,5,136,96,8.5
Arshdeep Singh,Dubai International Cricket Stadium,16,185,137,8.102189781021899
Arshdeep Singh,Eden Gardens,1,39,24,9.75
Arshdeep Singh,Himachal Pradesh Cricket Association Stadium,1,61,36,10.166666666666666
Arshdeep Singh,MA Chidambaram Stadium,2,96,64,9.0
Arshdeep Singh,Maharashtra Cricket Association Stadium,2,52,48,6.5
Arshdeep Singh,Narendra Modi Stadium,1,27,16,10.125
Arshdeep Singh,Punjab Cricket Association IS Bindra Stadium,9,273,149,10.993288590604028
Arshdeep Singh,Rajiv Gandhi International Stadium,2,62,42,8.857142857142858
Arshdeep Singh,Sharjah Cricket Stadium,4,102,66,9.272727272727273
Arshdeep Singh,Sheikh Zayed Stadium,2,59,42,8.428571428571429
Arshdeep Singh,Wankhede Stadium,12,202,168,7.214285714285714
Arshdeep Singh,Zayed Cricket Stadium,0,29,24,7.25
Avesh Khan,Arun Jaitley Stadium,4,129,72,10.75
Avesh Khan,Bharat Ratna Shri Atal Bihari Vajpayee Ekana Cricket Stadium,2,74,60,7.4
Avesh Khan,Brabourne Stadium,6,88,66,8.0
Avesh Khan,Dr DY Patil Sports Academy,4,149,90,9.933333333333334
Avesh Khan,Dubai International Cricket Stadium,4,182,120,9.1
Avesh Khan,Eden Gardens,1,44,24,11.0
Avesh Khan,Feroz Shah Kotla,1,23,24,5.75
Avesh Khan,M Chinnaswamy Stadium,0,53,24,13.25
Avesh Khan,MA Chidambaram Stadium,3,54,30,10.8
Avesh Khan,Maharashtra Cricket Association Stadium,5,99,84,7.071428571428571
Avesh Khan,Narendra Modi Stadium,4,128,96,8.0
Avesh Khan,Punjab Cricket Association IS Bindra Stadium,0,58,30,11.6
Avesh Khan,Rajiv Gandhi International Stadium,1,77,30,15.4
Avesh Khan,Sawai Mansingh Stadium,3,25,24,6.25
Avesh Khan,Sharjah Cricket Stadium,7,50,66,4.545454545454546
Avesh Khan,Wankhede Stadium,10,152,118,7.728813559322034
Avesh Khan,Zayed Cricket Stadium,1,29,24,7.25
Azhar Mahmood,Brabourne Stadium,1,41,18,13.666666666666666
Azhar Mahmood,Eden Gardens,3,35,24,8.75
Azhar Mahmood,Feroz Shah Kotla,0,34,24,8.5
Azhar Mahmood,Himachal Pradesh Cricket Association Stadium,6,115,92,7.5
Azhar Mahmood,M Chinnaswamy Stadium,5,44,48,5.5
Azhar Mahmood,MA Chidambaram Stadium,3,25,24,6.25
Azhar Mahmood,Punjab Cricket Association Stadium,9,226,164,8.26829268292683
Azhar Mahmood,Rajiv Gandhi International Stadium,1,67,47,8.553191489361703
Azhar Mahmood,Sawai Mansingh Stadium,0,23,24,5.75
Azhar Mahmood,Subrata Roy Sahara Stadium,3,19,24,4.75
Azhar Mahmood,Wankhede Stadium,0,71,48,8.875
B Akhil,Dr DY Patil Sports Academy,0,6,6,6.0
B Akhil,Kingsmead,0,2,6,2.0
B Akhil,M Chinnaswamy Stadium,1,74,62,7.161290322580645
B Akhil,MA Chidambaram Stadium,0,4,6,4.0
B Akhil,Nehru Stadium,0,22,12,11.0
B Akhil,New Wanderers Stadium,0,20,12,10.0
B Akhil,Rajiv Gandhi International Stadium,0,39,18,13.0
B Akhil,St George's Park,1,8,6,8.0
B Akhil,SuperSport Park,3,50,42,7.142857142857143
B Akhil,Wankhede Stadium,2,17,18,5.666666666666667
B Chipli,Rajiv Gandhi International Stadium,0,20,6,20.0
B Geeves,Feroz Shah Kotla,2,91,48,11.375
B Kumar,Arun Jaitley Stadium,4,160,96,10.0
B Kumar,Barabati Stadium,1,22,24,5.5
B Kumar,Bharat Ratna Shri Atal Bihari Vajpayee Ekana Cricket Stadium,1,19,12,9.5
B Kumar,Brabourne Stadium,6,114,85,8.047058823529412
B Kumar,Dr DY Patil Sports Academy,7,149,126,7.095238095238095
B Kumar,Dr. Y.S. Rajasekhara Reddy ACA-VDCA Cricket Stadium,6,155,132,7.045454545454546
B Kumar,Dubai International Cricket Stadium,6,171,157,6.535031847133758
B Kumar,Eden Gardens,13,271,206,7.893203883495145
B Kumar,Feroz Shah Kotla,7,102,96,6.375
B Kumar,Green Park,2,25,20,7.5
B Kumar,JSCA International Stadium Complex,1,58,48,7.25
B Kumar,M Chinnaswamy Stadium,9,187,149,7.530201342281879
B Kumar,M.Chinnaswamy Stadium,2,24,24,6.0
B Kumar,MA Chidambaram Stadium,7,244,192,7.625
B Kumar,Maharashtra Cricket Association Stadium,6,173,144,7.208333333333333
B Kumar,Narendra Modi Stadium,6,30,24,7.5
B Kumar,Punjab Cricket Association IS Bindra Stadium,5,109,96,6.8125
B Kumar,Punjab Cricket Association Stadium,5,68,66,6.181818181818182
B Kumar,Rajiv Gandhi International Stadium,48,1278,979,7.8324821246169565
B Kumar,Sardar Patel Stadium,4,14,24,3.5
B Kumar,Saurashtra Cricket Association Stadium,4,29,24,7.25
B Kumar,Sawai Mansingh Stadium,2,137,96,8.5625
B Kumar,Shaheed Veer Narayan Singh International Stadium,1,83,72,6.916666666666667
B Kumar,Sharjah Cricket Stadium,6,110,96,6.875
B Kumar,Sheikh Zayed Stadium,3,75,63,7.142857142857143
B Kumar,Subrata Roy Sahara Stadium,10,287,246,7.0
B Kumar,Wankhede Stadium,10,248,223,6.6726457399103145
B Kumar,Zayed Cricket Stadium,1,25,24,6.25
B Laughlin,Eden Gardens,2,35,18,11.666666666666666
B Laughlin,M.Chinnaswamy Stadium,1,46,24,11.5
B Laughlin,MA Chidambaram Stadium,1,25,18,8.333333333333334
B Laughlin,Maharashtra Cricket Association Stadium,2,38,24,9.5
B Laughlin,Rajiv Gandhi International Stadium,0,20,13,9.230769230769232
B Laughlin,Sawai Mansingh Stadium,4,72,47,9.191489361702128
B Laughlin,Wankhede Stadium,0,46,24,11.5
B Lee,Barabati Stadium,1,15,24,3.75
B Lee,Brabourne Stadium,0,24,15,9.6
B Lee,De Beers Diamond Oval,1,24,24,6.0
B Lee,Dr DY Patil Sports Academy,0,28,24,7.0
B Lee,Eden Gardens,5,250,194,7.731958762886597
B Lee,Feroz Shah Kotla,3,63,48,7.875
B Lee,Kingsmead,0,16,24,4.0
B Lee,M Chinnaswamy Stadium,1,52,42,7.428571428571429
B Lee,MA Chidambaram Stadium,1,76,48,9.5
B Lee,Nehru Stadium,0,42,24,10.5
B Lee,New Wanderers Stadium,1,31,24,7.75
B Lee,OUTsurance Oval,3,15,24,3.75
B Lee,Punjab Cricket Association Stadium,6,228,168,8.142857142857142
B Lee,Rajiv Gandhi International Stadium,1,30,24,7.5
B Lee,Sawai Mansingh Stadium,4,113,96,7.0625
B Lee,Shaheed Veer Narayan Singh International Stadium,1,26,24,6.5
B Lee,SuperSport Park,1,25,24,6.25
B Lee,Wankhede Stadium,1,37,24,9.25
B Stanlake,Eden Gardens,2,21,24,5.25
B Stanlake,Holkar Cricket Stadium,0,41,24,10.25
B Stanlake,M.Chinnaswamy Stadium,2,29,24,7.25
B Stanlake,Rajiv Gandhi International Stadium,3,109,72,9.083333333333334
BA Bhatt,Eden Gardens,4,67,66,6.090909090909091
BA Bhatt,Feroz Shah Kotla,1,11,12,5.5
BA Bhatt,Himachal Pradesh Cricket Association Stadium,0,33,18,11.0
BA Bhatt,Holkar Cricket Stadium,0,36,24,9.0
BA Bhatt,MA Chidambaram Stadium,1,13,12,6.5
BA Bhatt,Punjab Cricket Association Stadium,7,178,122,8.754098360655739
BA Bhatt,Wankhede Stadium,0,59,42,8.428571428571429
BA Stokes,Arun Jaitley Stadium,0,28,18,9.333333333333334
BA Stokes,Dubai International Cricket Stadium,0,95,48,11.875
BA Stokes,Eden Gardens,4,39,48,4.875
BA Stokes,Feroz Shah Kotla,2,31,24,7.75
BA Stokes,Holkar Cricket Stadium,1,54,42,7.714285714285714
BA Stokes,M Chinnaswamy Stadium,3,18,24,4.5
BA Stokes,M.Chinnaswamy Stadium,1,32,18,10.666666666666666
BA Stokes,MA Chidambaram Stadium,1,48,24,12.0
BA Stokes,Maharashtra Cricket Association Stadium,3,181,120,9.05
BA Stokes,Rajiv Gandhi International Stadium,4,91,54,10.11111111111111
BA Stokes,Saurashtra Cricket Association Stadium,0,18,18,6.0
BA Stokes,Sawai Mansingh Stadium,6,239,155,9.251612903225807
BA Stokes,Sheikh Zayed Stadium,2,59,42,8.428571428571429
BA Stokes,Wankhede Stadium,4,59,54,6.555555555555555
BAW Mendis,Eden Gardens,3,46,48,5.75
BAW Mendis,M Chinnaswamy Stadium,0,44,24,11.0
BAW Mendis,Punjab Cricket Association Stadium,1,38,24,9.5
BAW Mendis,St George's Park,1,39,24,9.75
BAW Mendis,Subrata Roy Sahara Stadium,1,40,48,5.0
BAW Mendis,SuperSport Park,1,59,48,7.375
BB Sran,Arun Jaitley Stadium,1,45,24,11.25
BB Sran,Brabourne Stadium,0,35,18,11.666666666666666
BB Sran,Dr. Y.S. Rajasekhara Reddy ACA-VDCA Cricket Stadium,3,44,45,5.866666666666666
BB Sran,Eden Gardens,3,108,60,10.8
BB Sran,Feroz Shah Kotla,1,57,36,9.5
BB Sran,Holkar Cricket Stadium,1,48,18,16.0
BB Sran,M Chinnaswamy Stadium,1,41,18,13.666666666666666
BB Sran,Punjab Cricket Association IS Bindra Stadium,2,59,48,7.375
BB Sran,Rajiv Gandhi International Stadium,5,226,156,8.692307692307692
BB Sran,Saurashtra Cricket Association Stadium,1,36,24,9.0
BB Sran,Shaheed Veer Narayan Singh International Stadium,2,34,24,8.5
BCJ Cutting,Arun Jaitley Stadium,0,36,24,9.0
BCJ Cutting,Eden Gardens,2,53,36,8.833333333333334
BCJ Cutting,Feroz Shah Kotla,3,34,36,5.666666666666667
BCJ Cutting,Holkar Cricket Stadium,1,28,18,9.333333333333334
BCJ Cutting,M Chinnaswamy Stadium,2,35,24,8.75
BCJ Cutting,Maharashtra Cricket Association Stadium,0,14,6,14.0
BCJ Cutting,Punjab Cricket Association IS Bindra Stadium,0,11,7,9.428571428571429
BCJ Cutting,Rajiv Gandhi International Stadium,1,104,64,9.75
BCJ Cutting,Sardar Patel Stadium,2,31,24,7.75
BCJ Cutting,Wankhede Stadium,1,83,42,11.857142857142858
BE Hendricks,Eden Gardens,2,35,24,8.75
BE Hendricks,Feroz Shah Kotla,3,36,24,9.0
BE Hendricks,Punjab Cricket Association Stadium,3,124,78,9.538461538461538
BE Hendricks,Rajiv Gandhi International Stadium,3,40,24,10.0
BJ Hodge,Buffalo Park,1,13,12,6.5
BJ Hodge,Dr DY Patil Sports Academy,3,28,24,7.0
BJ Hodge,Eden Gardens,1,15,12,7.5
BJ Hodge,Holkar Cricket Stadium,5,39,36,6.5
BJ Hodge,Kingsmead,3,69,42,9.857142857142858
BJ Hodge,MA Chidambaram Stadium,1,24,18,8.0
BJ Hodge,New Wanderers Stadium,1,25,24,6.25
BJ Hodge,Rajiv Gandhi International Stadium,0,3,6,3.0
BJ Hodge,Sardar Patel Stadium,0,12,6,12.0
BJ Hodge,Sawai Mansingh Stadium,1,21,12,10.5
BJ Hodge,St George's Park,2,42,30,8.4
BJ Hodge,SuperSport Park,0,12,12,6.0
BJ Rohrer,Sawai Mansingh Stadium,0,12,6,12.0
BMAJ Mendis,Rajiv Gandhi International Stadium,1,16,18,5.333333333333333
BMAJ Mendis,Wankhede Stadium,0,20,12,10.0
BW Hilfenhaus,Barabati Stadium,1,36,24,9.0
BW Hilfenhaus,Dubai International Cricket Stadium,3,71,48,8.875
BW Hilfenhaus,Eden Gardens,1,64,36,10.666666666666666
BW Hilfenhaus,Feroz Shah Kotla,1,34,24,8.5
BW Hilfenhaus,Himachal Pradesh Cricket Association Stadium,1,20,24,5.0
BW Hilfenhaus,JSCA International Stadium Complex,1,26,18,8.666666666666666
BW Hilfenhaus,M Chinnaswamy Stadium,1,45,24,11.25
BW Hilfenhaus,MA Chidambaram Stadium,7,100,90,6.666666666666667
BW Hilfenhaus,Sawai Mansingh Stadium,2,8,24,2.0
BW Hilfenhaus,Sharjah Cricket Stadium,2,32,24,8.0
BW Hilfenhaus,Sheikh Zayed Stadium,1,9,12,4.5
BW Hilfenhaus,Wankhede Stadium,2,34,24,8.5
Basil Thampi,Brabourne Stadium,3,35,24,8.75
Basil Thampi,Dr DY Patil Sports Academy,0,26,6,26.0
Basil Thampi,Dr. Y.S. Rajasekhara Reddy ACA-VDCA Cricket Stadium,0,41,24,10.25
Basil Thampi,Eden Gardens,2,44,24,11.0
Basil Thampi,Feroz Shah Kotla,1,40,24,10.0
Basil Thampi,Green Park,2,43,22,11.727272727272728
Basil Thampi,M Chinnaswamy Stadium,1,34,24,8.5
Basil Thampi,M.Chinnaswamy Stadium,0,99,48,12.375
Basil Thampi,Maharashtra Cricket Association Stadium,4,126,90,8.4
Basil Thampi,Punjab Cricket Association IS Bindra Stadium,1,48,24,12.0
Basil Thampi,Rajiv Gandhi International Stadium,2,35,26,8.076923076923077
Basil Thampi,Saurashtra Cricket Association Stadium,2,96,66,8.727272727272727
Basil Thampi,Sawai Mansingh Stadium,1,26,12,13.0
Basil Thampi,Wankhede Stadium,2,38,35,6.514285714285714
Bipul Sharma,Barabati Stadium,1,19,12,9.5
Bipul Sharma,Dr. Y.S. Rajasekhara Reddy ACA-VDCA Cricket Stadium,0,14,6,14.0
Bipul Sharma,Eden Gardens,2,52,48,6.5
Bipul Sharma,Feroz Shah Kotla,2,37,30,7.4
Bipul Sharma,Holkar Cricket Stadium,2,32,24,8.0
Bipul Sharma,M Chinnaswamy Stadium,2,56,32,10.5
Bipul Sharma,MA Chidambaram Stadium,0,11,6,11.0
Bipul Sharma,Maharashtra Cricket Association Stadium,1,30,24,7.5
Bipul Sharma,Punjab Cricket Association Stadium,5,62,60,6.2
Bipul Sharma,Rajiv Gandhi International Stadium,5,147,102,8.647058823529411
Bipul Sharma,Saurashtra Cricket Association Stadium,1,10,12,5.0
Bipul Sharma,Sawai Mansingh Stadium,0,40,30,8.0
Bipul Sharma,Subrata Roy Sahara Stadium,0,40,16,15.0
Bipul Sharma,Wankhede Stadium,1,22,24,5.5
C Ganapathy,MA Chidambaram Stadium,0,13,6,13.0
C Green,Arun Jaitley Stadium,0,30,18,10.0
C Green,Bharat Ratna Shri Atal Bihari Vajpayee Ekana Cricket Stadium,1,16,12,8.0
C Green,M Chinnaswamy Stadium,1,30,12,15.0
C Green,MA Chidambaram Stadium,1,25,24,6.25
C Green,Narendra Modi Stadium,0,74,30,14.8
C Green,Punjab Cricket Association IS Bindra Stadium,0,15,12,7.5
C Green,Rajiv Gandhi International Stadium,1,29,24,7.25
C Green,Wankhede Stadium,4,142,96,8.875
C Munro,Eden Gardens,0,15,12,7.5
C Nanda,Kingsmead,1,4,6,4.0
C Nanda,St George's Park,1,53,42,7.571428571428571
C Sakariya,Arun Jaitley Stadium,1,92,66,8.363636363636363
C Sakariya,Bharat Ratna Shri Atal Bihari Vajpayee Ekana Cricket Stadium,2,53,24,13.25
C Sakariya,Dr DY Patil Sports Academy,2,23,24,5.75
C Sakariya,Dubai International Cricket Stadium,2,81,60,8.1
C Sakariya,Sharjah Cricket Stadium,2,59,42,8.428571428571429
C Sakariya,Wankhede Stadium,8,227,162,8.407407407407407
C Sakariya,Zayed Cricket Stadium,3,64,48,8.0
C de Grandhomme,Arun Jaitley Stadium,0,12,6,12.0
C de Grandhomme,Eden Gardens,4,57,42,8.142857142857142
C de Grandhomme,Feroz Shah Kotla,0,12,6,12.0
C de Grandhomme,Holkar Cricket Stadium,1,8,12,4.0
C de Grandhomme,M Chinnaswamy Stadium,0,15,12,7.5
C de Grandhomme,M.Chinnaswamy Stadium,1,101,54,11.222222222222221
C de Grandhomme,Maharashtra Cricket Association Stadium,1,30,36,5.0
C de Grandhomme,Punjab Cricket Association IS Bindra Stadium,0,37,24,9.25
C de Grandhomme,Rajiv Gandhi International Stadium,0,24,12,12.0
C de Grandhomme,Sawai Mansingh Stadium,0,23,12,11.5
CH Gayle,Brabourne Stadium,0,31,24,7.75
CH Gayle,Buffalo Park,1,21,24,5.25
CH Gayle,Eden Gardens,1,34,24,8.5
CH Gayle,Feroz Shah Kotla,1,66,42,9.428571428571429
CH Gayle,Himachal Pradesh Cricket Association Stadium,0,35,24,8.75
CH Gayle,Kingsmead,0,45,29,9.310344827586208
CH Gayle,M Chinnaswamy Stadium,8,216,166,7.80722891566265
CH Gayle,MA Chidambaram Stadium,3,80,60,8.0
CH Gayle,Newlands,0,14,6,14.0
CH Gayle,Punjab Cricket Association Stadium,1,45,24,11.25
CH Gayle,Sawai Mansingh Stadium,1,23,18,7.666666666666667
CH Gayle,Shaheed Veer Narayan Singh International Stadium,2,11,12,5.5
CH Gayle,Sheikh Zayed Stadium,0,5,5,6.0
CH Gayle,St George's Park,0,44,30,8.8
CH Gayle,Subrata Roy Sahara Stadium,1,5,6,5.0
CH Gayle,Wankhede Stadium,0,19,24,4.75
CH Morris,Arun Jaitley Stadium,5,127,84,9.071428571428571
CH Morris,Brabourne Stadium,4,61,48,7.625
CH Morris,Dr. Y.S. Rajasekhara Reddy ACA-VDCA Cricket Stadium,3,69,54,7.666666666666667
CH Morris,Dubai International Cricket Stadium,9,205,136,9.044117647058822
CH Morris,Eden Gardens,7,176,132,8.0
CH Morris,Feroz Shah Kotla,15,263,216,7.305555555555555
CH Morris,M Chinnaswamy Stadium,0,51,36,8.5
CH Morris,M.Chinnaswamy Stadium,5,92,72,7.666666666666667
CH Morris,MA Chidambaram Stadium,10,247,168,8.821428571428571
CH Morris,Maharashtra Cricket Association Stadium,2,82,60,8.2
CH Morris,Punjab Cricket Association IS Bindra Stadium,6,98,78,7.538461538461538
CH Morris,Punjab Cricket Association Stadium,2,27,24,6.75
CH Morris,Rajiv Gandhi International Stadium,10,91,78,7.0
CH Morris,Sardar Patel Stadium,2,76,66,6.909090909090909
CH Morris,Saurashtra Cricket Association Stadium,1,32,24,8.0
CH Morris,Sawai Mansingh Stadium,2,111,66,10.090909090909092
CH Morris,Shaheed Veer Narayan Singh International Stadium,1,31,18,10.333333333333334
CH Morris,Sharjah Cricket Stadium,3,86,84,6.142857142857143
CH Morris,Sheikh Zayed Stadium,2,71,60,7.1
CH Morris,Subrata Roy Sahara Stadium,2,21,18,7.0
CH Morris,Wankhede Stadium,12,209,150,8.36
CJ Anderson,Brabourne Stadium,0,35,18,11.666666666666666
CJ Anderson,Dubai International Cricket Stadium,2,41,18,13.666666666666666
CJ Anderson,Eden Gardens,2,48,29,9.931034482758621
CJ Anderson,Feroz Shah Kotla,3,130,78,10.0
CJ Anderson,Green Park,0,19,12,9.5
CJ Anderson,M.Chinnaswamy Stadium,2,68,28,14.571428571428571
CJ Anderson,Maharashtra Cricket Association Stadium,0,10,6,10.0
CJ Anderson,Rajiv Gandhi International Stadium,0,17,12,8.5
CJ Anderson,Sardar Patel Stadium,0,12,12,6.0
CJ Anderson,Sharjah Cricket Stadium,1,16,12,8.0
CJ Anderson,Sheikh Zayed Stadium,0,33,18,11.0
CJ Anderson,Wankhede Stadium,4,89,54,9.88888888888889
CJ Dala,Arun Jaitley Stadium,0,34,18,11.333333333333334
CJ Green,Sheikh Zayed Stadium,0,24,17,8.470588235294118
CJ Jordan,Bharat Ratna Shri Atal Bihari Vajpayee Ekana Cricket Stadium,0,50,24,12.5
CJ Jordan,Brabourne Stadium,3,23,24,5.75
CJ Jordan,Dr DY Patil Sports Academy,0,54,30,10.8
CJ Jordan,Dubai International Cricket Stadium,5,79,60,7.9
CJ Jordan,Eden Gardens,0,22,18,7.333333333333333
CJ Jordan,M Chinnaswamy Stadium,13,183,120,9.15
CJ Jordan,MA Chidambaram Stadium,1,7,12,3.5
CJ Jordan,Maharashtra Cricket Association Stadium,0,58,23,15.130434782608695
CJ Jordan,Narendra Modi Stadium,2,132,78,10.153846153846153
CJ Jordan,Punjab Cricket Association IS Bindra Stadium,0,83,48,10.375
CJ Jordan,Shaheed Veer Narayan Singh International Stadium,1,10,12,5.0
CJ Jordan,Sharjah Cricket Stadium,3,45,42,6.428571428571429
CJ Jordan,Sheikh Zayed Stadium,3,112,63,10.666666666666666
CJ Jordan,Wankhede Stadium,2,124,72,10.333333333333334
CJ McKay,Punjab Cricket Association Stadium,1,36,24,9.0
CJ McKay,Wankhede Stadium,0,24,18,8.0
CK Kapugedera,Feroz Shah Kotla,0,15,6,15.0
CK Kapugedera,MA Chidambaram Stadium,0,8,6,8.0
CK Kapugedera,Wankhede Stadium,0,26,5,31.2
CK Langeveldt,Dr DY Patil Sports Academy,2,26,24,6.5
CK Langeveldt,Eden Gardens,1,27,24,6.75
CK Langeveldt,Feroz Shah Kotla,2,35,18,11.666666666666666
CK Langeveldt,Himachal Pradesh Cricket Association Stadium,2,48,24,12.0
CK Langeveldt,Kingsmead,3,15,24,3.75
CK Langeveldt,M Chinnaswamy Stadium,2,10,18,3.3333333333333335
CK Langeveldt,Sawai Mansingh Stadium,1,26,24,6.5
CL White,Barabati Stadium,0,8,6,8.0
CL White,Dr. Y.S. Rajasekhara Reddy ACA-VDCA Cricket Stadium,0,19,12,9.5
CL White,Feroz Shah Kotla,0,19,6,19.0
CL White,M Chinnaswamy Stadium,1,38,12,19.0
CL White,Rajiv Gandhi International Stadium,0,2,6,2.0
CR Brathwaite,Eden Gardens,2,53,42,7.571428571428571
CR Brathwaite,Feroz Shah Kotla,4,97,60,9.7
CR Brathwaite,Green Park,1,38,24,9.5
CR Brathwaite,M Chinnaswamy Stadium,1,18,12,9.0
CR Brathwaite,M.Chinnaswamy Stadium,0,29,12,14.5
CR Brathwaite,Punjab Cricket Association IS Bindra Stadium,0,20,12,10.0
CR Brathwaite,Rajiv Gandhi International Stadium,2,21,16,7.875
CR Brathwaite,Shaheed Veer Narayan Singh International Stadium,4,45,43,6.27906976744186
CR Brathwaite,Wankhede Stadium,2,58,33,10.545454545454545
CR Woakes,Eden Gardens,14,179,132,8.136363636363637
CR Woakes,Feroz Shah Kotla,1,31,24,7.75
CR Woakes,M Chinnaswamy Stadium,1,39,24,9.75
CR Woakes,M.Chinnaswamy Stadium,4,123,68,10.852941176470587
CR Woakes,Maharashtra Cricket Association Stadium,0,38,18,12.666666666666666
CR Woakes,Punjab Cricket Association IS Bindra Stadium,2,20,24,5.0
CR Woakes,Rajiv Gandhi International Stadium,2,46,24,11.5
CR Woakes,Saurashtra Cricket Association Stadium,0,35,18,11.666666666666666
CR Woakes,Wankhede Stadium,7,147,108,8.166666666666666
CRD Fernando,Brabourne Stadium,2,32,24,8.0
CRD Fernando,Dr DY Patil Sports Academy,3,51,48,6.375
CRD Fernando,Eden Gardens,1,72,42,10.285714285714286
CRD Fernando,M Chinnaswamy Stadium,7,42,48,5.25
CRD Fernando,Rajiv Gandhi International Stadium,3,38,24,9.5
CRD Fernando,Sawai Mansingh Stadium,2,27,24,6.75
CRD Fernando,Wankhede Stadium,1,36,24,9.0
CV Varun,Arun Jaitley Stadium,2,16,24,4.0
CV Varun,Brabourne Stadium,1,123,54,13.666666666666666
CV Varun,Dr DY Patil Sports Academy,2,119,84,8.5
CV Varun,Dubai International Cricket Stadium,10,153,144,6.375
CV Varun,Eden Gardens,11,274,178,9.235955056179774
CV Varun,M Chinnaswamy Stadium,3,27,24,6.75
CV Varun,MA Chidambaram Stadium,5,138,96,8.625
CV Varun,Maharashtra Cricket Association Stadium,2,57,48,7.125
CV Varun,Narendra Modi Stadium,1,85,60,8.5
CV Varun,Punjab Cricket Association IS Bindra Stadium,1,26,24,6.5
CV Varun,Rajiv Gandhi International Stadium,1,20,24,5.0
CV Varun,Sharjah Cricket Stadium,5,192,168,6.857142857142857
CV Varun,Sheikh Zayed Stadium,8,151,144,6.291666666666667
CV Varun,Wankhede Stadium,5,134,120,6.7
CV Varun,Zayed Cricket Stadium,6,57,72,4.75
D Brevis,Maharashtra Cricket Association Stadium,1,8,3,16.0
D Jansen,Wankhede Stadium,1,53,24,13.25
D Kalyankrishna,Dr DY Patil Sports Academy,0,23,12,11.5
D Kalyankrishna,Rajiv Gandhi International Stadium,2,64,36,10.666666666666666
D Pretorius,Brabourne Stadium,4,61,48,7.625
D Pretorius,Dr DY Patil Sports Academy,0,17,12,8.5
D Pretorius,Maharashtra Cricket Association Stadium,3,82,42,11.714285714285714
D Pretorius,Wankhede Stadium,0,78,48,9.75
D Salunkhe,Feroz Shah Kotla,0,11,6,11.0
D Salunkhe,MA Chidambaram Stadium,0,14,6,14.0
D Salunkhe,Punjab Cricket Association Stadium,0,23,18,7.666666666666667
D Salunkhe,Rajiv Gandhi International Stadium,0,9,6,9.0
D Salunkhe,Sawai Mansingh Stadium,1,21,11,11.454545454545455
D Wiese,Eden Gardens,0,38,18,12.666666666666666
D Wiese,Feroz Shah Kotla,3,18,20,5.3999999999999995
D Wiese,JSCA International Stadium Complex,1,30,24,7.5
D Wiese,M Chinnaswamy Stadium,6,152,90,10.133333333333333
D Wiese,MA Chidambaram Stadium,2,29,24,7.25
D Wiese,Maharashtra Cricket Association Stadium,2,32,24,8.0
D Wiese,Punjab Cricket Association Stadium,1,17,12,8.5
D Wiese,Rajiv Gandhi International Stadium,2,20,12,10.0
D Wiese,Sardar Patel Stadium,0,27,24,6.75
D Wiese,Wankhede Stadium,0,38,24,9.5
D du Preez,New Wanderers Stadium,3,32,24,8.0
D du Preez,SuperSport Park,1,24,18,8.0
DA Warner,Dubai International Cricket Stadium,0,2,1,12.0
DAJ Bracewell,M Chinnaswamy Stadium,3,32,24,8.0
DB Ravi Teja,Eden Gardens,0,9,6,9.0
DB Ravi Teja,Rajiv Gandhi International Stadium,1,19,12,9.5
DE Bollinger,Dr DY Patil Sports Academy,9,65,72,5.416666666666667
DE Bollinger,Dr. Y.S. Rajasekhara Reddy ACA-VDCA Cricket Stadium,2,20,13,9.230769230769232
DE Bollinger,Eden Gardens,0,6,6,6.0
DE Bollinger,Feroz Shah Kotla,0,18,12,9.0
DE Bollinger,Himachal Pradesh Cricket Association Stadium,0,39,24,9.75
DE Bollinger,M Chinnaswamy Stadium,0,34,24,8.5
DE Bollinger,MA Chidambaram Stadium,25,390,317,7.381703470031545
DE Bollinger,Nehru Stadium,1,18,18,6.0
DE Bollinger,Sawai Mansingh Stadium,3,22,24,5.5
DE Bollinger,Vidarbha Cricket Association Stadium,0,31,18,10.333333333333334
DE Bollinger,Wankhede Stadium,3,50,48,6.25
DG Nalkande,Brabourne Stadium,2,37,18,12.333333333333334
DG Nalkande,Dr DY Patil Sports Academy,0,22,13,10.153846153846155
DG Nalkande,MA Chidambaram Stadium,1,44,24,11.0
DJ Bravo,Arun Jaitley Stadium,3,85,48,10.625
DJ Bravo,Brabourne Stadium,4,240,151,9.536423841059602
DJ Bravo,Buffalo Park,0,2,6,2.0
DJ Bravo,Dr DY Patil Sports Academy,9,217,137,9.503649635036497
DJ Bravo,Dr. Y.S. Rajasekhara Reddy ACA-VDCA Cricket Stadium,2,29,30,5.8
DJ Bravo,Dubai International Cricket Stadium,8,257,172,8.965116279069766
DJ Bravo,Eden Gardens,10,234,160,8.775
DJ Bravo,Feroz Shah Kotla,9,105,93,6.774193548387097
DJ Bravo,Green Park,3,51,48,6.375
DJ Bravo,Himachal Pradesh Cricket Association Stadium,2,18,18,6.0
DJ Bravo,JSCA International Stadium Complex,2,21,18,7.0
DJ Bravo,Kingsmead,6,88,60,8.8
DJ Bravo,M Chinnaswamy Stadium,4,154,108,8.555555555555555
DJ Bravo,M.Chinnaswamy Stadium,6,67,48,8.375
DJ Bravo,MA Chidambaram Stadium,50,1058,767,8.276401564537158
DJ Bravo,Maharashtra Cricket Association Stadium,12,238,156,9.153846153846153
DJ Bravo,New Wanderers Stadium,0,32,18,10.666666666666666
DJ Bravo,Newlands,1,27,24,6.75
DJ Bravo,Punjab Cricket Association IS Bindra Stadium,5,86,72,7.166666666666667
DJ Bravo,Punjab Cricket Association Stadium,4,74,54,8.222222222222221
DJ Bravo,Rajiv Gandhi International Stadium,11,149,126,7.095238095238095
DJ Bravo,Sardar Patel Stadium,1,30,14,12.857142857142856
DJ Bravo,Saurashtra Cricket Association Stadium,3,145,90,9.666666666666666
DJ Bravo,Sawai Mansingh Stadium,4,140,83,10.120481927710843
DJ Bravo,Sharjah Cricket Stadium,6,64,66,5.818181818181818
DJ Bravo,Sheikh Zayed Stadium,4,37,24,9.25
DJ Bravo,St George's Park,4,77,61,7.5737704918032795
DJ Bravo,Subrata Roy Sahara Stadium,1,49,42,7.0
DJ Bravo,SuperSport Park,3,33,30,6.6
DJ Bravo,Wankhede Stadium,30,553,396,8.378787878787879
DJ Harris,Dr. Y.S. Rajasekhara Reddy ACA-VDCA Cricket Stadium,0,11,6,11.0
DJ Harris,Rajiv Gandhi International Stadium,0,15,12,7.5
DJ Hooda,Bharat Ratna Shri Atal Bihari Vajpayee Ekana Cricket Stadium,0,8,6,8.0
DJ Hooda,Brabourne Stadium,0,46,24,11.5
DJ Hooda,Dr. Y.S. Rajasekhara Reddy ACA-VDCA Cricket Stadium,1,24,18,8.0
DJ Hooda,Dubai International Cricket Stadium,0,37,12,18.5
DJ Hooda,Eden Gardens,2,16,12,8.0
DJ Hooda,Feroz Shah Kotla,0,28,30,5.6
DJ Hooda,MA Chidambaram Stadium,1,37,42,5.285714285714286
DJ Hooda,Narendra Modi Stadium,1,44,30,8.8
DJ Hooda,Punjab Cricket Association IS Bindra Stadium,0,33,18,11.0
DJ Hooda,Rajiv Gandhi International Stadium,1,58,48,7.25
DJ Hooda,Sardar Patel Stadium,0,29,19,9.157894736842106
DJ Hooda,Saurashtra Cricket Association Stadium,1,22,18,7.333333333333333
DJ Hooda,Shaheed Veer Narayan Singh International Stadium,0,16,12,8.0
DJ Hooda,Wankhede Stadium,2,67,42,9.571428571428571
DJ Hussey,Eden Gardens,1,117,72,9.75
DJ Hussey,Feroz Shah Kotla,1,57,54,6.333333333333333
DJ Hussey,Himachal Pradesh Cricket Association Stadium,0,23,18,7.666666666666667
DJ Hussey,JSCA International Stadium Complex,2,38,17,13.411764705882351
DJ Hussey,M Chinnaswamy Stadium,0,9,12,4.5
DJ Hussey,MA Chidambaram Stadium,1,66,48,8.25
DJ Hussey,New Wanderers Stadium,0,6,6,6.0
DJ Hussey,Punjab Cricket Association Stadium,2,58,36,9.666666666666666
DJ Hussey,Rajiv Gandhi International Stadium,2,2,6,2.0
DJ Hussey,Sawai Mansingh Stadium,0,26,12,13.0
DJ Hussey,SuperSport Park,1,28,18,9.333333333333334
DJ Hussey,Wankhede Stadium,0,44,18,14.666666666666666
DJ Mitchell,Dr DY Patil Sports Academy,0,20,6,20.0
DJ Mitchell,Maharashtra Cricket Association Stadium,0,7,6,7.0
DJ Muthuswami,Dr. Y.S. Rajasekhara Reddy ACA-VDCA Cricket Stadium,0,20,12,10.0
DJ Muthuswami,Feroz Shah Kotla,3,39,36,6.5
DJ Muthuswami,MA Chidambaram Stadium,1,18,18,6.0
DJ Muthuswami,Maharashtra Cricket Association Stadium,0,24,18,8.0
DJ Thornely,Dr DY Patil Sports Academy,1,15,12,7.5
DJ Thornely,Rajiv Gandhi International Stadium,0,8,6,8.0
DJ Thornely,Wankhede Stadium,2,17,24,4.25
DJ Willey,Dr DY Patil Sports Academy,0,35,30,7.0
DJ Willey,Eden Gardens,2,16,24,4.0
DJ Willey,M Chinnaswamy Stadium,2,89,66,8.090909090909092
DJ Willey,Maharashtra Cricket Association Stadium,1,56,48,7.0
DJ Willey,Sawai Mansingh Stadium,1,47,24,11.75
DJ Willey,Wankhede Stadium,1,29,24,7.25
DJG Sammy,Dubai International Cricket Stadium,2,54,30,10.8
DJG Sammy,Eden Gardens,0,7,6,7.0
DJG Sammy,Feroz Shah Kotla,2,27,20,8.1
DJG Sammy,JSCA International Stadium Complex,0,11,6,11.0
DJG Sammy,M Chinnaswamy Stadium,0,43,24,10.75
DJG Sammy,MA Chidambaram Stadium,0,31,18,10.333333333333334
DJG Sammy,Punjab Cricket Association Stadium,6,22,24,5.5
DJG Sammy,Rajiv Gandhi International Stadium,3,82,54,9.11111111111111
DJG Sammy,Sawai Mansingh Stadium,0,17,18,5.666666666666667
DJG Sammy,Sharjah Cricket Stadium,1,22,12,11.0
DJG Sammy,Sheikh Zayed Stadium,0,19,12,9.5
DJG Sammy,Wankhede Stadium,0,15,12,7.5
DJM Short,M.Chinnaswamy Stadium,1,10,6,10.0
DJM Short,Rajiv Gandhi International Stadium,0,9,12,4.5
DL Chahar,Arun Jaitley Stadium,5,123,108,6.833333333333333
DL Chahar,Dr. Y.S. Rajasekhara Reddy ACA-VDCA Cricket Stadium,2,69,54,7.666666666666667
DL Chahar,Dubai International Cricket Stadium,10,345,258,8.023255813953488
DL Chahar,Eden Gardens,0,36,24,9.0
DL Chahar,M.Chinnaswamy Stadium,2,45,36,7.5
DL Chahar,MA Chidambaram Stadium,19,409,291,8.43298969072165
DL Chahar,Maharashtra Cricket Association Stadium,5,169,127,7.984251968503936
DL Chahar,Narendra Modi Stadium,1,67,48,8.375
DL Chahar,Punjab Cricket Association IS Bindra Stadium,0,65,42,9.285714285714286
DL Chahar,Rajiv Gandhi International Stadium,7,72,66,6.545454545454546
DL Chahar,Sawai Mansingh Stadium,2,33,24,8.25
DL Chahar,Sharjah Cricket Stadium,4,150,120,7.5
DL Chahar,Sheikh Zayed Stadium,4,127,90,8.466666666666667
DL Chahar,Wankhede Stadium,12,236,192,7.375
DL Chahar,Zayed Cricket Stadium,1,32,24,8.0
DL Vettori,Eden Gardens,4,87,72,7.25
DL Vettori,Feroz Shah Kotla,5,146,118,7.423728813559322
DL Vettori,Kingsmead,3,29,24,7.25
DL Vettori,M Chinnaswamy Stadium,11,227,234,5.82051282051282
DL Vettori,MA Chidambaram Stadium,3,106,96,6.625
DL Vettori,Nehru Stadium,1,17,24,4.25
DL Vettori,New Wanderers Stadium,0,32,24,8.0
DL Vettori,Newlands,5,15,18,5.0
DL Vettori,OUTsurance Oval,0,15,19,4.736842105263158
DL Vettori,Punjab Cricket Association Stadium,0,24,24,6.0
DL Vettori,Rajiv Gandhi International Stadium,0,29,24,7.25
DL Vettori,Sawai Mansingh Stadium,0,20,24,5.0
DL Vettori,St George's Park,1,35,24,8.75
DL Vettori,SuperSport Park,1,55,30,11.0
DL Vettori,Wankhede Stadium,0,42,22,11.454545454545455
DNT Zoysa,Dr DY Patil Sports Academy,1,30,24,7.5
DNT Zoysa,Rajiv Gandhi International Stadium,1,69,42,9.857142857142858
DP Nannes,Barabati Stadium,1,39,24,9.75
DP Nannes,Buffalo Park,3,33,24,8.25
DP Nannes,Feroz Shah Kotla,4,90,91,5.934065934065934
DP Nannes,Kingsmead,3,112,72,9.333333333333334
DP Nannes,M Chinnaswamy Stadium,2,31,30,6.2
DP Nannes,MA Chidambaram Stadium,3,166,115,8.660869565217391
DP Nannes,Nehru Stadium,1,31,18,10.333333333333334
DP Nannes,New Wanderers Stadium,6,42,48,5.25
DP Nannes,Newlands,0,24,18,8.0
DP Nannes,OUTsurance Oval,1,33,24,8.25
DP Nannes,Punjab Cricket Association Stadium,5,29,47,3.7021276595744683
DP Nannes,Sardar Patel Stadium,2,27,24,6.75
DP Nannes,St George's Park,1,24,24,6.0
DP Nannes,SuperSport Park,6,104,87,7.172413793103448
DP Vijaykumar,Feroz Shah Kotla,1,24,24,6.0
DP Vijaykumar,M Chinnaswamy Stadium,0,18,18,6.0
DP Vijaykumar,MA Chidambaram Stadium,1,17,18,5.666666666666667
DP Vijaykumar,Punjab Cricket Association Stadium,0,24,12,12.0
DP Vijaykumar,Rajiv Gandhi International Stadium,2,106,74,8.594594594594595
DP Vijaykumar,Sawai Mansingh Stadium,0,10,6,10.0
DR Sams,Brabourne Stadium,1,75,42,10.714285714285714
DR Sams,Dr DY Patil Sports Academy,6,120,96,7.5
DR Sams,Dubai International Cricket Stadium,0,74,48,9.25
DR Sams,Maharashtra Cricket Association Stadium,1,50,18,16.666666666666668
DR Sams,Narendra Modi Stadium,1,39,36,6.5
DR Sams,Sheikh Zayed Stadium,0,40,24,10.0
DR Sams,Wankhede Stadium,6,125,96,7.8125
DR Smith,Barabati Stadium,1,36,18,12.0
DR Smith,Buffalo Park,0,21,12,10.5
DR Smith,De Beers Diamond Oval,0,4,6,4.0
DR Smith,Eden Gardens,3,77,60,7.7
DR Smith,Feroz Shah Kotla,3,121,66,11.0
DR Smith,Green Park,6,62,54,6.888888888888889
DR Smith,Kingsmead,1,57,42,8.142857142857142
DR Smith,M Chinnaswamy Stadium,3,69,54,7.666666666666667
DR Smith,Maharashtra Cricket Association Stadium,0,26,18,8.666666666666666
DR Smith,Rajiv Gandhi International Stadium,0,15,6,15.0
DR Smith,Saurashtra Cricket Association Stadium,2,80,42,11.428571428571429
DR Smith,Sawai Mansingh Stadium,0,29,24,7.25
DR Smith,Sharjah Cricket Stadium,1,11,12,5.5
DR Smith,Sheikh Zayed Stadium,2,39,24,9.75
DR Smith,St George's Park,0,21,12,10.5
DR Smith,SuperSport Park,0,21,12,10.5
DR Smith,Vidarbha Cricket Association Stadium,1,36,23,9.391304347826086
DR Smith,Wankhede Stadium,4,85,54,9.444444444444445
DS Kulkarni,Arun Jaitley Stadium,1,85,42,12.142857142857142
DS Kulkarni,Brabourne Stadium,4,98,60,9.8
DS Kulkarni,Buffalo Park,0,9,18,3.0
DS Kulkarni,Dr DY Patil Sports Academy,5,67,65,6.184615384615384
DS Kulkarni,Dr. Y.S. Rajasekhara Reddy ACA-VDCA Cricket Stadium,2,9,18,3.0
DS Kulkarni,Dubai International Cricket Stadium,0,18,18,6.0
DS Kulkarni,Eden Gardens,1,68,54,7.555555555555555
DS Kulkarni,Feroz Shah Kotla,4,113,90,7.533333333333333
DS Kulkarni,Green Park,5,105,72,8.75
DS Kulkarni,Himachal Pradesh Cricket Association Stadium,0,12,4,18.0
DS Kulkarni,Kingsmead,0,47,30,9.4
DS Kulkarni,M Chinnaswamy Stadium,8,127,84,9.071428571428571
DS Kulkarni,M.Chinnaswamy Stadium,0,14,6,14.0
DS Kulkarni,MA Chidambaram Stadium,2,62,42,8.857142857142858
DS Kulkarni,Maharashtra Cricket Association Stadium,3,74,60,7.4
DS Kulkarni,Punjab Cricket Association IS Bindra Stadium,2,61,48,7.625
DS Kulkarni,Punjab Cricket Association Stadium,3,62,36,10.333333333333334
DS Kulkarni,Rajiv Gandhi International Stadium,3,105,83,7.590361445783132
DS Kulkarni,Sardar Patel Stadium,2,111,102,6.529411764705882
DS Kulkarni,Saurashtra Cricket Association Stadium,3,179,107,10.037383177570094
DS Kulkarni,Sawai Mansingh Stadium,9,317,222,8.567567567567568
DS Kulkarni,Sharjah Cricket Stadium,1,72,42,10.285714285714286
DS Kulkarni,Sheikh Zayed Stadium,2,23,24,5.75
DS Kulkarni,St George's Park,2,69,48,8.625
DS Kulkarni,SuperSport Park,3,81,60,8.1
DS Kulkarni,Wankhede Stadium,25,450,328,8.231707317073171
DT Christian,Arun Jaitley Stadium,1,17,18,5.666666666666667
DT Christian,Dr DY Patil Sports Academy,2,13,18,4.333333333333333
DT Christian,Dr. Y.S. Rajasekhara Reddy ACA-VDCA Cricket Stadium,3,75,48,9.375
DT Christian,Dubai International Cricket Stadium,2,61,36,10.166666666666666
DT Christian,Eden Gardens,2,42,30,8.4
DT Christian,Feroz Shah Kotla,5,91,60,9.1
DT Christian,Himachal Pradesh Cricket Association Stadium,2,21,18,7.0
DT Christian,Holkar Cricket Stadium,0,24,12,12.0
DT Christian,M Chinnaswamy Stadium,0,68,48,8.5
DT Christian,MA Chidambaram Stadium,1,88,72,7.333333333333333
DT Christian,Maharashtra Cricket Association Stadium,6,113,102,6.647058823529412
DT Christian,Nehru Stadium,0,12,18,4.0
DT Christian,Punjab Cricket Association IS Bindra Stadium,1,12,12,6.0
DT Christian,Punjab Cricket Association Stadium,2,31,24,7.75
DT Christian,Rajiv Gandhi International Stadium,7,306,213,8.619718309859154
DT Christian,Sawai Mansingh Stadium,1,43,24,10.75
DT Christian,Sharjah Cricket Stadium,0,40,16,15.0
DT Christian,Wankhede Stadium,3,121,96,7.5625
DT Christian,Zayed Cricket Stadium,2,14,18,4.666666666666667
DW Steyn,Barabati Stadium,2,70,48,8.75
DW Steyn,Brabourne Stadium,3,26,24,6.5
DW Steyn,Dr DY Patil Sports Academy,5,77,66,7.0
DW Steyn,Dr. Y.S. Rajasekhara Reddy ACA-VDCA Cricket Stadium,6,88,90,5.866666666666666
DW Steyn,Dubai International Cricket Stadium,5,143,94,9.127659574468085
DW Steyn,Eden Gardens,7,247,168,8.821428571428571
DW Steyn,Feroz Shah Kotla,9,126,144,5.25
DW Steyn,Himachal Pradesh Cricket Association Stadium,1,13,18,4.333333333333333
DW Steyn,JSCA International Stadium Complex,0,43,24,10.75
DW Steyn,M Chinnaswamy Stadium,6,405,354,6.864406779661017
DW Steyn,M.Chinnaswamy Stadium,2,29,24,7.25
DW Steyn,MA Chidambaram Stadium,5,118,96,7.375
DW Steyn,Maharashtra Cricket Association Stadium,1,34,24,8.5
DW Steyn,Nehru Stadium,3,16,21,4.571428571428571
DW Steyn,Newlands,2,27,30,5.4
DW Steyn,Punjab Cricket Association Stadium,5,110,84,7.857142857142857
DW Steyn,Rajiv Gandhi International Stadium,28,535,521,6.161228406909789
DW Steyn,Sardar Patel Stadium,2,31,24,7.75
DW Steyn,Saurashtra Cricket Association Stadium,0,17,12,8.5
DW Steyn,Sawai Mansingh Stadium,2,74,70,6.342857142857143
DW Steyn,Sharjah Cricket Stadium,0,46,48,5.75
DW Steyn,Sheikh Zayed Stadium,2,72,48,9.0
DW Steyn,St George's Park,1,35,24,8.75
DW Steyn,Vidarbha Cricket Association Stadium,3,18,24,4.5
DW Steyn,Wankhede Stadium,4,71,72,5.916666666666667
F du Plessis,Dr. Y.S. Rajasekhara Reddy ACA-VDCA Cricket Stadium,0,16,6,16.0
FA Allen,Brabourne Stadium,1,46,24,11.5
FA Allen,Dubai International Cricket Stadium,0,38,24,9.5
FA Allen,MA Chidambaram Stadium,1,52,42,7.428571428571429
FH Edwards,Kingsmead,3,48,48,6.0
FH Edwards,Newlands,1,45,48,5.625
FH Edwards,St George's Park,2,17,22,4.636363636363637
FH Edwards,SuperSport Park,0,44,22,12.0
FY Fazal,Eden Gardens,0,14,6,14.0
FY Fazal,Sawai Mansingh Stadium,1,6,6,6.0
Fazalhaq Farooqi,Bharat Ratna Shri Atal Bihari Vajpayee Ekana Cricket Stadium,1,13,18,4.333333333333333
Fazalhaq Farooqi,Narendra Modi Stadium,1,31,18,10.333333333333334
Fazalhaq Farooqi,Rajiv Gandhi International Stadium,2,73,44,9.954545454545455
Fazalhaq Farooqi,Wankhede Stadium,2,110,72,9.166666666666666
GB Hogg,Eden Gardens,13,257,206,7.485436893203883
GB Hogg,Feroz Shah Kotla,1,70,48,8.75
GB Hogg,M Chinnaswamy Stadium,2,42,36,7.0
GB Hogg,MA Chidambaram Stadium,3,36,48,4.5
GB Hogg,Sawai Mansingh Stadium,4,134,96,8.375
GB Hogg,Wankhede Stadium,2,31,24,7.75
GC Viljoen,Arun Jaitley Stadium,3,39,24,9.75
GC Viljoen,Eden Gardens,1,36,24,9.0
GC Viljoen,M.Chinnaswamy Stadium,1,51,24,12.75
GC Viljoen,Punjab Cricket Association IS Bindra Stadium,3,62,42,8.857142857142858
GC Viljoen,Wankhede Stadium,0,34,24,8.5
GD McGrath,Dr DY Patil Sports Academy,0,26,24,6.5
GD McGrath,Eden Gardens,0,22,24,5.5
GD McGrath,Feroz Shah Kotla,9,172,132,7.818181818181818
GD McGrath,M Chinnaswamy Stadium,2,15,24,3.75
GD McGrath,MA Chidambaram Stadium,1,21,24,5.25
GD McGrath,Punjab Cricket Association Stadium,1,29,24,7.25
GD McGrath,Rajiv Gandhi International Stadium,0,22,24,5.5
GD McGrath,Sawai Mansingh Stadium,1,12,24,3.0
GD McGrath,Wankhede Stadium,0,38,24,9.5
GD Phillips,Rajiv Gandhi International Stadium,1,20,18,6.666666666666667
GD Phillips,Sharjah Cricket Stadium,1,17,6,17.0
GD Phillips,Zayed Cricket Stadium,0,3,6,3.0
GH Vihari,Eden Gardens,0,14,6,14.0
GH Vihari,M Chinnaswamy Stadium,0,12,6,12.0
GH Vihari,Punjab Cricket Association IS Bindra Stadium,0,9,6,9.0
GH Vihari,Punjab Cricket Association Stadium,0,5,12,2.5
GH Vihari,Rajiv Gandhi International Stadium,0,2,6,2.0
GHS Garton,Dubai International Cricket Stadium,1,50,36,8.333333333333334
GHS Garton,Sharjah Cricket Stadium,1,56,42,8.0
GHS Garton,Zayed Cricket Stadium,1,29,12,14.5
GJ Maxwell,Arun Jaitley Stadium,3,103,64,9.65625
GJ Maxwell,Barabati Stadium,1,32,18,10.666666666666666
GJ Maxwell,Bharat Ratna Shri Atal Bihari Vajpayee Ekana Cricket Stadium,1,3,6,3.0
GJ Maxwell,Brabourne Stadium,1,27,18,9.0
GJ Maxwell,Dr DY Patil Sports Academy,2,40,30,8.0
GJ Maxwell,Dubai International Cricket Stadium,4,175,120,8.75
GJ Maxwell,Eden Gardens,1,46,24,11.5
GJ Maxwell,Feroz Shah Kotla,0,18,12,9.0
GJ Maxwell,Himachal Pradesh Cricket Association Stadium,0,18,6,18.0
GJ Maxwell,M Chinnaswamy Stadium,5,141,82,10.317073170731708
GJ Maxwell,M.Chinnaswamy Stadium,1,13,12,6.5
GJ Maxwell,MA Chidambaram Stadium,0,24,12,12.0
GJ Maxwell,Maharashtra Cricket Association Stadium,3,56,54,6.222222222222222
GJ Maxwell,Narendra Modi Stadium,0,17,18,5.666666666666667
GJ Maxwell,Punjab Cricket Association IS Bindra Stadium,4,109,96,6.8125
GJ Maxwell,Punjab Cricket Association Stadium,0,16,12,8.0
GJ Maxwell,Rajiv Gandhi International Stadium,1,48,36,8.0
GJ Maxwell,Sawai Mansingh Stadium,1,3,6,3.0
GJ Maxwell,Sharjah Cricket Stadium,2,130,90,8.666666666666666
GJ Maxwell,Sheikh Zayed Stadium,0,23,12,11.5
GJ Maxwell,Subrata Roy Sahara Stadium,0,5,6,5.0
GJ Maxwell,Wankhede Stadium,4,88,84,6.285714285714286
GR Napier,Buffalo Park,1,27,24,6.75
GS Sandhu,Brabourne Stadium,0,49,24,12.25
GS Sandhu,Shaheed Veer Narayan Singh International Stadium,1,33,24,8.25
Gagandeep Singh,M Chinnaswamy Stadium,0,28,18,9.333333333333334
Gagandeep Singh,Punjab Cricket Association Stadium,2,76,42,10.857142857142858
Gagandeep Singh,Rajiv Gandhi International Stadium,1,37,24,9.25
Gurkeerat Singh,Dr. Y.S. Rajasekhara Reddy ACA-VDCA Cricket Stadium,2,15,12,7.5
Gurkeerat Singh,Eden Gardens,2,25,24,6.25
Gurkeerat Singh,Punjab Cricket Association Stadium,0,22,18,7.333333333333333
Gurkeerat Singh,Rajiv Gandhi International Stadium,1,27,18,9.0
Gurkeerat Singh,Saurashtra Cricket Association Stadium,0,8,6,8.0
Gurnoor Brar,Punjab Cricket Association IS Bindra Stadium,0,42,18,14.0
H Sharma,M Chinnaswamy Stadium,0,28,18,9.333333333333334
HF Gurney,Eden Gardens,4,116,72,9.666666666666666
HF Gurney,MA Chidambaram Stadium,0,20,12,10.0
HF Gurney,Punjab Cricket Association IS Bindra Stadium,1,41,24,10.25
HF Gurney,Rajiv Gandhi International Stadium,0,16,12,8.0
HF Gurney,Sawai Mansingh Stadium,2,25,24,6.25
HF Gurney,Wankhede Stadium,0,20,18,6.666666666666667
HH Pandya,Arun Jaitley Stadium,1,71,54,7.888888888888889
HH Pandya,Bharat Ratna Shri Atal Bihari Vajpayee Ekana Cricket Stadium,0,7,6,7.0
HH Pandya,Brabourne Stadium,1,36,24,9.0
HH Pandya,Dr DY Patil Sports Academy,2,45,39,6.923076923076923
HH Pandya,Dr. Y.S. Rajasekhara Reddy ACA-VDCA Cricket Stadium,0,10,6,10.0
HH Pandya,Eden Gardens,8,175,126,8.333333333333334
HH Pandya,Feroz Shah Kotla,1,23,24,5.75
HH Pandya,Green Park,0,10,6,10.0
HH Pandya,Holkar Cricket Stadium,1,62,36,10.333333333333334
HH Pandya,M Chinnaswamy Stadium,1,50,36,8.333333333333334
HH Pandya,M.Chinnaswamy Stadium,3,65,36,10.833333333333334
HH Pandya,MA Chidambaram Stadium,1,39,30,7.8
HH Pandya,Maharashtra Cricket Association Stadium,3,119,90,7.933333333333334
HH Pandya,Narendra Modi Stadium,6,164,120,8.2
HH Pandya,Punjab Cricket Association IS Bindra Stadium,0,39,18,13.0
HH Pandya,Rajiv Gandhi International Stadium,1,63,42,9.0
HH Pandya,Sawai Mansingh Stadium,4,78,52,9.0
HH Pandya,Wankhede Stadium,22,687,445,9.262921348314606
HR Shokeen,Arun Jaitley Stadium,1,43,24,10.75
HR Shokeen,Bharat Ratna Shri Atal Bihari Vajpayee Ekana Cricket Stadium,0,20,18,6.666666666666667
HR Shokeen,Dr DY Patil Sports Academy,2,70,42,10.0
HR Shokeen,M Chinnaswamy Stadium,0,17,6,17.0
HR Shokeen,MA Chidambaram Stadium,0,18,6,18.0
HR Shokeen,Rajiv Gandhi International Stadium,0,12,6,12.0
HR Shokeen,Wankhede Stadium,2,134,102,7.882352941176471
HV Patel,Arun Jaitley Stadium,7,166,99,10.06060606060606
HV Patel,Bharat Ratna Shri Atal Bihari Vajpayee Ekana Cricket Stadium,2,20,23,5.217391304347826
HV Patel,Brabourne Stadium,6,87,60,8.7
HV Patel,Dr DY Patil Sports Academy,5,94,72,7.833333333333333
HV Patel,Dubai International Cricket Stadium,8,136,97,8.412371134020617
HV Patel,Eden Gardens,4,135,84,9.642857142857142
HV Patel,Feroz Shah Kotla,4,90,66,8.181818181818182
HV Patel,JSCA International Stadium Complex,1,26,23,6.782608695652174
HV Patel,M Chinnaswamy Stadium,18,610,392,9.33673469387755
HV Patel,M.Chinnaswamy Stadium,1,33,18,11.0
HV Patel,MA Chidambaram Stadium,13,88,96,5.5
HV Patel,Maharashtra Cricket Association Stadium,10,152,114,8.0
HV Patel,Narendra Modi Stadium,2,119,67,10.656716417910449
HV Patel,Punjab Cricket Association IS Bindra Stadium,2,59,44,8.045454545454545
HV Patel,Punjab Cricket Association Stadium,3,56,36,9.333333333333334
HV Patel,Rajiv Gandhi International Stadium,1,109,66,9.909090909090908
HV Patel,Sardar Patel Stadium,2,23,24,5.75
HV Patel,Sawai Mansingh Stadium,2,32,24,8.0
HV Patel,Sharjah Cricket Stadium,8,134,115,6.991304347826087
HV Patel,Sheikh Zayed Stadium,0,20,12,10.0
HV Patel,Subrata Roy Sahara Stadium,1,36,24,9.0
HV Patel,Wankhede Stadium,14,335,227,8.854625550660792
HV Patel,Zayed Cricket Stadium,3,46,36,7.666666666666667
Harbhajan Singh,Arun Jaitley Stadium,0,54,36,9.0
Harbhajan Singh,Barabati Stadium,2,22,24,5.5
Harbhajan Singh,Brabourne Stadium,9,170,162,6.296296296296297
Harbhajan Singh,Buffalo Park,1,45,48,5.625
Harbhajan Singh,Dr DY Patil Sports Academy,6,122,90,8.133333333333333
Harbhajan Singh,Dr. Y.S. Rajasekhara Reddy ACA-VDCA Cricket Stadium,5,141,120,7.05
Harbhajan Singh,Dubai International Cricket Stadium,2,57,72,4.75
Harbhajan Singh,Eden Gardens,10,228,168,8.142857142857142
Harbhajan Singh,Feroz Shah Kotla,8,215,165,7.818181818181818
Harbhajan Singh,Green Park,1,36,24,9.0
Harbhajan Singh,Himachal Pradesh Cricket Association Stadium,1,33,24,8.25
Harbhajan Singh,Holkar Cricket Stadium,0,12,12,6.0
Harbhajan Singh,Kingsmead,3,81,72,6.75
Harbhajan Singh,M Chinnaswamy Stadium,7,198,174,6.827586206896552
Harbhajan Singh,M.Chinnaswamy Stadium,0,24,12,12.0
Harbhajan Singh,MA Chidambaram Stadium,18,409,354,6.932203389830509
Harbhajan Singh,Maharashtra Cricket Association Stadium,4,132,113,7.008849557522124
Harbhajan Singh,New Wanderers Stadium,0,14,12,7.0
Harbhajan Singh,Newlands,1,15,18,5.0
Harbhajan Singh,Punjab Cricket Association IS Bindra Stadium,4,129,72,10.75
Harbhajan Singh,Punjab Cricket Association Stadium,5,142,108,7.888888888888889
Harbhajan Singh,Rajiv Gandhi International Stadium,3,195,162,7.222222222222222
Harbhajan Singh,Sardar Patel Stadium,2,13,24,3.25
Harbhajan Singh,Sawai Mansingh Stadium,5,127,96,7.9375
Harbhajan Singh,Sharjah Cricket Stadium,0,23,24,5.75
Harbhajan Singh,Sheikh Zayed Stadium,0,25,18,8.333333333333334
Harbhajan Singh,St George's Park,3,52,54,5.777777777777778
Harbhajan Singh,Subrata Roy Sahara Stadium,4,32,48,4.0
Harbhajan Singh,SuperSport Park,5,49,60,4.9
Harbhajan Singh,Wankhede Stadium,51,1212,1026,7.087719298245614
Harmeet Singh,Dr DY Patil Sports Academy,1,29,30,5.8
Harmeet Singh,Eden Gardens,2,72,56,7.7142857142857135
Harmeet Singh,Feroz Shah Kotla,7,114,90,7.6
Harmeet Singh,Kingsmead,0,19,6,19.0
Harmeet Singh,M Chinnaswamy Stadium,0,13,6,13.0
Harmeet Singh,MA Chidambaram Stadium,1,26,18,8.666666666666666
Harmeet Singh,New Wanderers Stadium,2,63,47,8.042553191489363
Harmeet Singh,Newlands,2,67,48,8.375
Harmeet Singh,Punjab Cricket Association Stadium,4,134,78,10.307692307692308
Harmeet Singh,Sawai Mansingh Stadium,1,23,18,7.666666666666667
Harmeet Singh,Subrata Roy Sahara Stadium,4,58,44,7.909090909090909
Harmeet Singh,SuperSport Park,0,43,36,7.166666666666667
Harmeet Singh,Vidarbha Cricket Association Stadium,7,70,72,5.833333333333333
Harpreet Brar,Arun Jaitley Stadium,4,54,36,9.0
Harpreet Brar,Barsapara Cricket Stadium,0,15,12,7.5
Harpreet Brar,Bharat Ratna Shri Atal Bihari Vajpayee Ekana Cricket Stadium,1,10,12,5.0
Harpreet Brar,Brabourne Stadium,1,33,24,8.25
Harpreet Brar,Dr DY Patil Sports Academy,0,67,36,11.166666666666666
Harpreet Brar,Dubai International Cricket Stadium,1,80,66,7.2727272727272725
Harpreet Brar,Eden Gardens,1,4,6,4.0
Harpreet Brar,Himachal Pradesh Cricket Association Stadium,0,39,18,13.0
Harpreet Brar,Narendra Modi Stadium,4,38,42,5.428571428571429
Harpreet Brar,Punjab Cricket Association IS Bindra Stadium,3,103,78,7.923076923076923
Harpreet Brar,Rajiv Gandhi International Stadium,0,26,19,8.210526315789474
Harpreet Brar,Sharjah Cricket Stadium,0,51,48,6.375
Harpreet Brar,Wankhede Stadium,3,61,48,7.625
Harpreet Brar,Zayed Cricket Stadium,0,11,6,11.0
Harshit Rana,Eden Gardens,5,101,66,9.181818181818182
Harshit Rana,MA Chidambaram Stadium,0,19,12,9.5
Harshit Rana,Maharashtra Cricket Association Stadium,0,27,12,13.5
Harshit Rana,Rajiv Gandhi International Stadium,1,27,24,6.75
Harshit Rana,Wankhede Stadium,1,24,18,8.0
I Malhotra,Rajiv Gandhi International Stadium,0,23,6,23.0
I Sharma,Arun Jaitley Stadium,11,263,192,8.21875
I Sharma,Brabourne Stadium,3,69,42,9.857142857142858
I Sharma,Buffalo Park,1,24,24,6.0
I Sharma,Dr DY Patil Sports Academy,1,50,42,7.142857142857143
I Sharma,Dr. Y.S. Rajasekhara Reddy ACA-VDCA Cricket Stadium,3,58,48,7.25
I Sharma,Eden Gardens,7,335,262,7.67175572519084
I Sharma,Feroz Shah Kotla,4,83,48,10.375
I Sharma,Himachal Pradesh Cricket Association Stadium,2,36,18,12.0
I Sharma,Holkar Cricket Stadium,0,58,24,14.5
I Sharma,Kingsmead,3,82,72,6.833333333333333
I Sharma,M Chinnaswamy Stadium,2,118,82,8.634146341463415
I Sharma,M.Chinnaswamy Stadium,0,31,24,7.75
I Sharma,MA Chidambaram Stadium,1,170,96,10.625
I Sharma,Maharashtra Cricket Association Stadium,1,81,54,9.0
I Sharma,Narendra Modi Stadium,3,120,96,7.5
I Sharma,Nehru Stadium,5,12,18,4.0
I Sharma,New Wanderers Stadium,2,46,48,5.75
I Sharma,Newlands,0,13,18,4.333333333333333
I Sharma,Punjab Cricket Association IS Bindra Stadium,0,67,42,9.571428571428571
I Sharma,Punjab Cricket Association Stadium,0,63,42,9.0
I Sharma,Rajiv Gandhi International Stadium,10,486,402,7.253731343283582
I Sharma,Sardar Patel Stadium,2,33,24,8.25
I Sharma,Saurashtra Cricket Association Stadium,1,39,24,9.75
I Sharma,Sawai Mansingh Stadium,2,90,66,8.181818181818182
I Sharma,Shaheed Veer Narayan Singh International Stadium,0,39,24,9.75
I Sharma,Sharjah Cricket Stadium,2,37,24,9.25
I Sharma,Sheikh Zayed Stadium,1,55,42,7.857142857142857
I Sharma,St George's Park,3,56,48,7.0
I Sharma,SuperSport Park,0,40,24,10.0
I Sharma,Wankhede Stadium,9,190,129,8.837209302325581
I Udana,Dubai International Cricket Stadium,2,113,66,10.272727272727273
I Udana,Sharjah Cricket Stadium,2,53,42,7.571428571428571
I Udana,Sheikh Zayed Stadium,2,71,42,10.142857142857142
IC Pandey,Barabati Stadium,0,41,24,10.25
IC Pandey,Brabourne Stadium,0,25,18,8.333333333333334
IC Pandey,Dubai International Cricket Stadium,2,43,48,5.375
IC Pandey,Eden Gardens,1,31,24,7.75
IC Pandey,Feroz Shah Kotla,0,26,18,8.666666666666666
IC Pandey,JSCA International Stadium Complex,1,55,42,7.857142857142857
IC Pandey,M Chinnaswamy Stadium,1,54,36,9.0
IC Pandey,MA Chidambaram Stadium,6,119,90,7.933333333333334
IC Pandey,Punjab Cricket Association Stadium,1,22,18,7.333333333333333
IC Pandey,Sardar Patel Stadium,0,12,12,6.0
IC Pandey,Shaheed Veer Narayan Singh International Stadium,2,27,24,6.75
IC Pandey,Sharjah Cricket Stadium,0,22,18,7.333333333333333
IC Pandey,Sheikh Zayed Stadium,2,23,24,5.75
IC Pandey,Wankhede Stadium,3,91,66,8.272727272727273
IC Porel,Dubai International Cricket Stadium,1,39,24,9.75
IK Pathan,Barabati Stadium,1,16,18,5.333333333333333
IK Pathan,Brabourne Stadium,1,20,18,6.666666666666667
IK Pathan,De Beers Diamond Oval,1,42,24,10.5
IK Pathan,Dr DY Patil Sports Academy,0,28,18,9.333333333333334
IK Pathan,Dr. Y.S. Rajasekhara Reddy ACA-VDCA Cricket Stadium,0,54,42,7.714285714285714
IK Pathan,Dubai International Cricket Stadium,2,10,12,5.0
IK Pathan,Eden Gardens,1,96,64,9.0
IK Pathan,Feroz Shah Kotla,16,603,491,7.368635437881874
IK Pathan,Himachal Pradesh Cricket Association Stadium,5,160,112,8.571428571428571
IK Pathan,JSCA International Stadium Complex,0,34,18,11.333333333333334
IK Pathan,Kingsmead,11,173,138,7.521739130434782
IK Pathan,M Chinnaswamy Stadium,4,118,79,8.962025316455696
IK Pathan,MA Chidambaram Stadium,3,112,78,8.615384615384615
IK Pathan,Nehru Stadium,2,27,24,6.75
IK Pathan,New Wanderers Stadium,2,29,18,9.666666666666666
IK Pathan,Newlands,2,35,30,7.0
IK Pathan,OUTsurance Oval,3,22,24,5.5
IK Pathan,Punjab Cricket Association IS Bindra Stadium,0,7,6,7.0
IK Pathan,Punjab Cricket Association Stadium,21,322,258,7.488372093023256
IK Pathan,Rajiv Gandhi International Stadium,4,182,126,8.666666666666666
IK Pathan,Sardar Patel Stadium,2,8,11,4.363636363636364
IK Pathan,Sawai Mansingh Stadium,2,92,60,9.2
IK Pathan,Shaheed Veer Narayan Singh International Stadium,4,45,48,5.625
IK Pathan,Sharjah Cricket Stadium,0,28,12,14.0
IK Pathan,St George's Park,0,37,24,9.25
IK Pathan,Subrata Roy Sahara Stadium,3,77,72,6.416666666666667
IK Pathan,SuperSport Park,1,52,44,7.090909090909091
IK Pathan,Wankhede Stadium,5,133,120,6.65
IS Sodhi,Arun Jaitley Stadium,3,26,19,8.210526315789474
IS Sodhi,Eden Gardens,1,36,48,4.5
IS Sodhi,Punjab Cricket Association IS Bindra Stadium,1,41,24,10.25
IS Sodhi,Sawai Mansingh Stadium,4,99,90,6.6
Imran Tahir,Arun Jaitley Stadium,1,20,12,10.0
Imran Tahir,Dr. Y.S. Rajasekhara Reddy ACA-VDCA Cricket Stadium,2,122,72,10.166666666666666
Imran Tahir,Dubai International Cricket Stadium,0,30,24,7.5
Imran Tahir,Eden Gardens,7,109,72,9.083333333333334
Imran Tahir,Feroz Shah Kotla,16,244,204,7.176470588235294
Imran Tahir,Holkar Cricket Stadium,2,29,24,7.25
Imran Tahir,M Chinnaswamy Stadium,2,75,48,9.375
Imran Tahir,M.Chinnaswamy Stadium,3,66,48,8.25
Imran Tahir,MA Chidambaram Stadium,15,246,236,6.2542372881355925
Imran Tahir,Maharashtra Cricket Association Stadium,16,281,202,8.346534653465348
Imran Tahir,Punjab Cricket Association IS Bindra Stadium,2,70,48,8.75
Imran Tahir,Punjab Cricket Association Stadium,1,32,23,8.347826086956522
Imran Tahir,Rajiv Gandhi International Stadium,5,67,66,6.090909090909091
Imran Tahir,Sardar Patel Stadium,2,25,24,6.25
Imran Tahir,Saurashtra Cricket Association Stadium,1,53,24,13.25
Imran Tahir,Sawai Mansingh Stadium,0,28,24,7.0
Imran Tahir,Sharjah Cricket Stadium,0,22,18,7.333333333333333
Imran Tahir,Sheikh Zayed Stadium,1,24,24,6.0
Imran Tahir,Wankhede Stadium,10,160,123,7.804878048780488
Iqbal Abdulla,Dr DY Patil Sports Academy,1,12,18,4.0
Iqbal Abdulla,Eden Gardens,17,300,288,6.25
Iqbal Abdulla,Feroz Shah Kotla,4,42,48,5.25
Iqbal Abdulla,Holkar Cricket Stadium,0,19,12,9.5
Iqbal Abdulla,M Chinnaswamy Stadium,5,137,96,8.5625
Iqbal Abdulla,M.Chinnaswamy Stadium,2,36,18,12.0
Iqbal Abdulla,MA Chidambaram Stadium,1,108,81,8.0
Iqbal Abdulla,Maharashtra Cricket Association Stadium,0,22,18,7.333333333333333
Iqbal Abdulla,Nehru Stadium,0,16,12,8.0
Iqbal Abdulla,Punjab Cricket Association IS Bindra Stadium,0,26,18,8.666666666666666
Iqbal Abdulla,Punjab Cricket Association Stadium,0,12,12,6.0
Iqbal Abdulla,Rajiv Gandhi International Stadium,5,63,47,8.042553191489363
Iqbal Abdulla,Sardar Patel Stadium,1,28,24,7.0
Iqbal Abdulla,Saurashtra Cricket Association Stadium,0,41,24,10.25
Iqbal Abdulla,Sawai Mansingh Stadium,0,30,24,7.5
Iqbal Abdulla,Shaheed Veer Narayan Singh International Stadium,0,14,12,7.0
Iqbal Abdulla,Subrata Roy Sahara Stadium,4,70,66,6.363636363636363
Iqbal Abdulla,Wankhede Stadium,5,116,90,7.733333333333333
J Botha,Dr. Y.S. Rajasekhara Reddy ACA-VDCA Cricket Stadium,0,26,24,6.5
J Botha,Eden Gardens,3,99,82,7.2439024390243905
J Botha,Feroz Shah Kotla,2,53,48,6.625
J Botha,Kingsmead,4,51,48,6.375
J Botha,M Chinnaswamy Stadium,1,30,24,7.5
J Botha,MA Chidambaram Stadium,1,45,36,7.5
J Botha,OUTsurance Oval,1,23,24,5.75
J Botha,Punjab Cricket Association Stadium,2,21,24,5.25
J Botha,Rajiv Gandhi International Stadium,3,72,66,6.545454545454546
J Botha,Sawai Mansingh Stadium,9,309,264,7.0227272727272725
J Botha,Subrata Roy Sahara Stadium,1,25,24,6.25
J Botha,Wankhede Stadium,0,46,30,9.2
J Little,Arun Jaitley Stadium,0,27,24,6.75
J Little,Eden Gardens,2,25,24,6.25
J Little,Narendra Modi Stadium,3,187,108,10.38888888888889
J Little,Punjab Cricket Association IS Bindra Stadium,3,31,24,7.75
J Little,Sawai Mansingh Stadium,1,24,24,6.0
J Suchith,Arun Jaitley Stadium,0,45,18,15.0
J Suchith,Brabourne Stadium,3,44,36,7.333333333333333
J Suchith,Dr DY Patil Sports Academy,1,28,24,7.0
J Suchith,Eden Gardens,0,31,12,15.5
J Suchith,MA Chidambaram Stadium,3,49,48,6.125
J Suchith,Punjab Cricket Association Stadium,1,33,24,8.25
J Suchith,Rajiv Gandhi International Stadium,2,14,18,4.666666666666667
J Suchith,Sardar Patel Stadium,0,31,24,7.75
J Suchith,Wankhede Stadium,9,306,192,9.5625
J Syed Mohammad,Eden Gardens,1,20,24,5.0
J Syed Mohammad,Feroz Shah Kotla,0,37,18,12.333333333333334
J Syed Mohammad,M Chinnaswamy Stadium,2,53,30,10.6
J Syed Mohammad,MA Chidambaram Stadium,5,79,60,7.9
J Syed Mohammad,Wankhede Stadium,2,81,48,10.125
J Theron,Eden Gardens,1,36,24,9.0
J Theron,Feroz Shah Kotla,1,11,12,5.5
J Theron,Himachal Pradesh Cricket Association Stadium,2,75,48,9.375
J Theron,Punjab Cricket Association Stadium,0,25,24,6.25
J Theron,Rajiv Gandhi International Stadium,1,29,24,7.25
J Theron,Sawai Mansingh Stadium,0,23,12,11.5
J Theron,Subrata Roy Sahara Stadium,2,37,24,9.25
J Theron,Wankhede Stadium,1,40,24,10.0
J Yadav,Arun Jaitley Stadium,0,62,42,8.857142857142858
J Yadav,Bharat Ratna Shri Atal Bihari Vajpayee Ekana Cricket Stadium,0,26,24,6.5
J Yadav,Dubai International Cricket Stadium,1,43,42,6.142857142857143
J Yadav,Feroz Shah Kotla,1,74,72,6.166666666666667
J Yadav,MA Chidambaram Stadium,2,70,66,6.363636363636363
J Yadav,Rajiv Gandhi International Stadium,1,48,36,8.0
J Yadav,Shaheed Veer Narayan Singh International Stadium,2,72,66,6.545454545454546
J Yadav,Sharjah Cricket Stadium,2,48,36,8.0
JA Morkel,Brabourne Stadium,0,26,24,6.5
JA Morkel,Buffalo Park,2,24,18,8.0
JA Morkel,De Beers Diamond Oval,1,24,18,8.0
JA Morkel,Dr DY Patil Sports Academy,7,60,60,6.0
JA Morkel,Dr. Y.S. Rajasekhara Reddy ACA-VDCA Cricket Stadium,0,20,12,10.0
JA Morkel,Dubai International Cricket Stadium,1,47,30,9.4
JA Morkel,Eden Gardens,4,118,108,6.555555555555555
JA Morkel,Feroz Shah Kotla,4,124,90,8.266666666666667
JA Morkel,Himachal Pradesh Cricket Association Stadium,2,76,45,10.133333333333333
JA Morkel,Kingsmead,3,83,66,7.545454545454546
JA Morkel,M Chinnaswamy Stadium,6,153,120,7.65
JA Morkel,MA Chidambaram Stadium,36,829,616,8.074675324675324
JA Morkel,Maharashtra Cricket Association Stadium,3,66,30,13.2
JA Morkel,Nehru Stadium,0,17,12,8.5
JA Morkel,New Wanderers Stadium,2,58,42,8.285714285714286
JA Morkel,Punjab Cricket Association Stadium,1,38,18,12.666666666666666
JA Morkel,Rajiv Gandhi International Stadium,3,37,24,9.25
JA Morkel,Sardar Patel Stadium,2,46,24,11.5
JA Morkel,Sawai Mansingh Stadium,1,50,42,7.142857142857143
JA Morkel,Shaheed Veer Narayan Singh International Stadium,2,56,36,9.333333333333334
JA Morkel,Sharjah Cricket Stadium,2,39,30,7.8
JA Morkel,St George's Park,4,43,36,7.166666666666667
JA Morkel,Subrata Roy Sahara Stadium,1,42,30,8.4
JA Morkel,SuperSport Park,3,96,60,9.6
JA Morkel,Wankhede Stadium,3,164,108,9.11111111111111
JA Richardson,Wankhede Stadium,3,117,66,10.636363636363637
JC Archer,Arun Jaitley Stadium,1,31,19,9.789473684210527
JC Archer,Dubai International Cricket Stadium,9,140,142,5.915492957746479
JC Archer,Eden Gardens,3,104,72,8.666666666666666
JC Archer,Holkar Cricket Stadium,1,43,22,11.727272727272728
JC Archer,M Chinnaswamy Stadium,0,33,24,8.25
JC Archer,MA Chidambaram Stadium,2,41,48,5.125
JC Archer,Punjab Cricket Association IS Bindra Stadium,3,74,48,9.25
JC Archer,Rajiv Gandhi International Stadium,0,42,24,10.5
JC Archer,Sawai Mansingh Stadium,12,309,258,7.186046511627907
JC Archer,Sharjah Cricket Stadium,4,96,72,8.0
JC Archer,Sheikh Zayed Stadium,7,133,120,6.65
JC Archer,Wankhede Stadium,7,132,96,8.25
JD Ryder,Dr DY Patil Sports Academy,5,83,68,7.323529411764706
JD Ryder,Feroz Shah Kotla,0,18,6,18.0
JD Ryder,Kingsmead,1,47,36,7.833333333333333
JD Ryder,M Chinnaswamy Stadium,0,20,12,10.0
JD Ryder,Newlands,4,43,42,6.142857142857143
JD Ryder,Punjab Cricket Association Stadium,0,12,12,6.0
JD Ryder,Sawai Mansingh Stadium,0,15,6,15.0
JD Ryder,Subrata Roy Sahara Stadium,1,25,18,8.333333333333334
JD Ryder,SuperSport Park,0,25,24,6.25
JD Ryder,Wankhede Stadium,0,15,12,7.5
JD Unadkat,Arun Jaitley Stadium,3,79,48,9.875
JD Unadkat,Bharat Ratna Shri Atal Bihari Vajpayee Ekana Cricket Stadium,1,65,36,10.833333333333334
JD Unadkat,Brabourne Stadium,2,32,24,8.0
JD Unadkat,Dr DY Patil Sports Academy,2,48,24,12.0
JD Unadkat,Dubai International Cricket Stadium,6,211,138,9.173913043478262
JD Unadkat,Eden Gardens,9,322,206,9.378640776699028
JD Unadkat,Feroz Shah Kotla,9,222,157,8.484076433121018
JD Unadkat,Holkar Cricket Stadium,0,26,24,6.5
JD Unadkat,JSCA International Stadium Complex,0,27,24,6.75
JD Unadkat,M Chinnaswamy Stadium,7,290,204,8.529411764705882
JD Unadkat,M.Chinnaswamy Stadium,0,35,18,11.666666666666666
JD Unadkat,MA Chidambaram Stadium,1,54,24,13.5
JD Unadkat,Maharashtra Cricket Association Stadium,12,240,179,8.044692737430168
JD Unadkat,Nehru Stadium,2,25,24,6.25
JD Unadkat,Punjab Cricket Association IS Bindra Stadium,1,48,24,12.0
JD Unadkat,Punjab Cricket Association Stadium,1,3,12,1.5
JD Unadkat,Rajiv Gandhi International Stadium,9,103,84,7.357142857142857
JD Unadkat,Sawai Mansingh Stadium,12,424,262,9.709923664122138
JD Unadkat,Sharjah Cricket Stadium,3,138,90,9.2
JD Unadkat,Sheikh Zayed Stadium,3,63,42,9.0
JD Unadkat,Wankhede Stadium,12,358,246,8.731707317073171
JDP Oram,De Beers Diamond Oval,0,8,6,8.0
JDP Oram,Holkar Cricket Stadium,1,32,12,16.0
JDP Oram,Kingsmead,2,40,28,8.571428571428571
JDP Oram,M Chinnaswamy Stadium,2,49,48,6.125
JDP Oram,MA Chidambaram Stadium,4,85,48,10.625
JDP Oram,New Wanderers Stadium,0,28,11,15.272727272727273
JDP Oram,Newlands,2,30,24,7.5
JDP Oram,Punjab Cricket Association Stadium,0,37,24,9.25
JDP Oram,Rajiv Gandhi International Stadium,0,13,12,6.5
JDP Oram,SuperSport Park,2,27,24,6.75
JDS Neesham,Arun Jaitley Stadium,0,26,12,13.0
JDS Neesham,Dr DY Patil Sports Academy,0,29,18,9.666666666666666
JDS Neesham,Dubai International Cricket Stadium,1,56,36,9.333333333333334
JDS Neesham,Punjab Cricket Association Stadium,0,14,6,14.0
JDS Neesham,Sharjah Cricket Stadium,4,74,60,7.4
JDS Neesham,Sheikh Zayed Stadium,1,107,66,9.727272727272727
JDS Neesham,Zayed Cricket Stadium,2,28,18,9.333333333333334
JE Root,Eden Gardens,0,14,12,7.0
JE Taylor,Dr DY Patil Sports Academy,2,61,48,7.625
JE Taylor,M Chinnaswamy Stadium,1,44,24,11.0
JE Taylor,MA Chidambaram Stadium,3,30,24,7.5
JE Taylor,Sawai Mansingh Stadium,0,22,21,6.285714285714286
JEC Franklin,Eden Gardens,2,35,24,8.75
JEC Franklin,Feroz Shah Kotla,0,9,6,9.0
JEC Franklin,M Chinnaswamy Stadium,1,21,12,10.5
JEC Franklin,MA Chidambaram Stadium,1,18,12,9.0
JEC Franklin,Punjab Cricket Association Stadium,1,5,6,5.0
JEC Franklin,Sawai Mansingh Stadium,0,6,6,6.0
JEC Franklin,Subrata Roy Sahara Stadium,0,20,18,6.666666666666667
JEC Franklin,Wankhede Stadium,4,106,67,9.492537313432836
JH Kallis,Barabati Stadium,0,54,30,10.8
JH Kallis,Brabourne Stadium,1,35,24,8.75
JH Kallis,Dr DY Patil Sports Academy,2,46,36,7.666666666666667
JH Kallis,Dubai International Cricket Stadium,1,15,12,7.5
JH Kallis,Eden Gardens,12,341,270,7.5777777777777775
JH Kallis,Feroz Shah Kotla,6,134,102,7.882352941176471
JH Kallis,JSCA International Stadium Complex,4,75,54,8.333333333333334
JH Kallis,Kingsmead,4,88,66,8.0
JH Kallis,M Chinnaswamy Stadium,14,437,330,7.945454545454545
JH Kallis,MA Chidambaram Stadium,6,175,132,7.954545454545454
JH Kallis,Nehru Stadium,1,21,18,7.0
JH Kallis,New Wanderers Stadium,2,90,96,5.625
JH Kallis,Newlands,0,19,12,9.5
JH Kallis,Punjab Cricket Association Stadium,4,92,66,8.363636363636363
JH Kallis,Rajiv Gandhi International Stadium,1,44,26,10.153846153846155
JH Kallis,Sawai Mansingh Stadium,3,152,120,7.6
JH Kallis,Shaheed Veer Narayan Singh International Stadium,1,29,18,9.666666666666666
JH Kallis,Sharjah Cricket Stadium,1,26,24,6.5
JH Kallis,Sheikh Zayed Stadium,1,55,42,7.857142857142857
JH Kallis,St George's Park,0,88,48,11.0
JH Kallis,Subrata Roy Sahara Stadium,4,51,48,6.375
JH Kallis,SuperSport Park,1,68,54,7.555555555555555
JH Kallis,Vidarbha Cricket Association Stadium,0,40,24,10.0
JH Kallis,Wankhede Stadium,5,114,84,8.142857142857142
JJ Bumrah,Arun Jaitley Stadium,6,118,96,7.375
JJ Bumrah,Barabati Stadium,0,23,18,7.666666666666667
JJ Bumrah,Brabourne Stadium,0,155,90,10.333333333333334
JJ Bumrah,Dr DY Patil Sports Academy,9,83,96,5.1875
JJ Bumrah,Dr. Y.S. Rajasekhara Reddy ACA-VDCA Cricket Stadium,3,61,60,6.1
JJ Bumrah,Dubai International Cricket Stadium,13,142,132,6.454545454545454
JJ Bumrah,Eden Gardens,3,131,84,9.357142857142858
JJ Bumrah,Feroz Shah Kotla,2,141,72,11.75
JJ Bumrah,Green Park,1,42,24,10.5
JJ Bumrah,Holkar Cricket Stadium,2,49,48,6.125
JJ Bumrah,M Chinnaswamy Stadium,9,145,114,7.631578947368421
JJ Bumrah,M.Chinnaswamy Stadium,5,42,48,5.25
JJ Bumrah,MA Chidambaram Stadium,7,162,156,6.230769230769231
JJ Bumrah,Maharashtra Cricket Association Stadium,4,168,138,7.304347826086956
JJ Bumrah,Punjab Cricket Association IS Bindra Stadium,3,49,46,6.391304347826087
JJ Bumrah,Punjab Cricket Association Stadium,3,31,24,7.75
JJ Bumrah,Rajiv Gandhi International Stadium,8,154,152,6.078947368421053
JJ Bumrah,Sardar Patel Stadium,0,23,18,7.666666666666667
JJ Bumrah,Sawai Mansingh Stadium,3,49,48,6.125
JJ Bumrah,Sharjah Cricket Stadium,7,109,96,6.8125
JJ Bumrah,Sheikh Zayed Stadium,13,213,192,6.65625
JJ Bumrah,Wankhede Stadium,41,1054,822,7.693430656934306
JJ Bumrah,Zayed Cricket Stadium,7,106,72,8.833333333333334
JJ van der Wath,Himachal Pradesh Cricket Association Stadium,0,50,24,12.5
JJ van der Wath,MA Chidambaram Stadium,2,49,24,12.25
JJ van der Wath,Rajiv Gandhi International Stadium,1,30,24,7.5
JL Pattinson,Sharjah Cricket Stadium,2,58,42,8.285714285714286
JL Pattinson,Sheikh Zayed Stadium,9,211,147,8.612244897959183
JM Kemp,Eden Gardens,3,12,18,4.0
JM Kemp,Feroz Shah Kotla,0,14,6,14.0
JM Kemp,Himachal Pradesh Cricket Association Stadium,0,12,6,12.0
JM Kemp,MA Chidambaram Stadium,0,15,13,6.923076923076923
JO Holder,Barsapara Cricket Stadium,2,57,42,8.142857142857142
JO Holder,Brabourne Stadium,2,46,36,7.666666666666667
JO Holder,Dr DY Patil Sports Academy,6,134,96,8.375
JO Holder,Dubai International Cricket Stadium,9,198,143,8.307692307692308
JO Holder,Eden Gardens,1,56,36,9.333333333333334
JO Holder,Feroz Shah Kotla,3,68,48,8.5
JO Holder,Green Park,0,14,12,7.0
JO Holder,M Chinnaswamy Stadium,0,52,30,10.4
JO Holder,MA Chidambaram Stadium,4,167,114,8.789473684210526
JO Holder,Maharashtra Cricket Association Stadium,5,80,45,10.666666666666666
JO Holder,Rajiv Gandhi International Stadium,2,44,36,7.333333333333333
JO Holder,Sawai Mansingh Stadium,3,107,72,8.916666666666666
JO Holder,Sharjah Cricket Stadium,10,98,96,6.125
JO Holder,Sheikh Zayed Stadium,4,75,48,9.375
JO Holder,Wankhede Stadium,3,186,93,12.0
JO Holder,Zayed Cricket Stadium,5,79,48,9.875
JP Behrendorff,Arun Jaitley Stadium,4,23,18,7.666666666666667
JP Behrendorff,Bharat Ratna Shri Atal Bihari Vajpayee Ekana Cricket Stadium,2,30,24,7.5
JP Behrendorff,M Chinnaswamy Stadium,0,37,18,12.333333333333334
JP Behrendorff,MA Chidambaram Stadium,0,21,18,7.0
JP Behrendorff,Narendra Modi Stadium,1,65,48,8.125
JP Behrendorff,Rajiv Gandhi International Stadium,4,65,48,8.125
JP Behrendorff,Wankhede Stadium,11,311,192,9.71875
JP Duminy,Barabati Stadium,0,26,18,8.666666666666666
JP Duminy,Buffalo Park,1,15,24,3.75
JP Duminy,Dr DY Patil Sports Academy,1,19,12,9.5
JP Duminy,Dr. Y.S. Rajasekhara Reddy ACA-VDCA Cricket Stadium,4,17,18,5.666666666666667
JP Duminy,Dubai International Cricket Stadium,0,44,30,8.8
JP Duminy,Eden Gardens,1,61,33,11.090909090909092
JP Duminy,Feroz Shah Kotla,4,143,108,7.944444444444445
JP Duminy,Himachal Pradesh Cricket Association Stadium,1,23,24,5.75
JP Duminy,Holkar Cricket Stadium,0,8,6,8.0
JP Duminy,Kingsmead,1,40,36,6.666666666666667
JP Duminy,M Chinnaswamy Stadium,0,25,24,6.25
JP Duminy,M.Chinnaswamy Stadium,0,28,12,14.0
JP Duminy,MA Chidambaram Stadium,1,36,30,7.2
JP Duminy,Maharashtra Cricket Association Stadium,2,16,12,8.0
JP Duminy,Punjab Cricket Association Stadium,1,30,30,6.0
JP Duminy,Rajiv Gandhi International Stadium,0,86,54,9.555555555555555
JP Duminy,Sardar Patel Stadium,1,25,18,8.333333333333334
JP Duminy,Saurashtra Cricket Association Stadium,0,14,12,7.0
JP Duminy,Shaheed Veer Narayan Singh International Stadium,1,25,18,8.333333333333334
JP Duminy,Sharjah Cricket Stadium,0,23,30,4.6
JP Duminy,Sheikh Zayed Stadium,0,26,24,6.5
JP Duminy,St George's Park,0,9,12,4.5
JP Duminy,Subrata Roy Sahara Stadium,0,24,18,8.0
JP Duminy,SuperSport Park,2,29,33,5.2727272727272725
JP Duminy,Wankhede Stadium,2,42,42,6.0
JP Faulkner,Brabourne Stadium,4,104,72,8.666666666666666
JP Faulkner,Dr. Y.S. Rajasekhara Reddy ACA-VDCA Cricket Stadium,0,20,12,10.0
JP Faulkner,Dubai International Cricket Stadium,1,38,18,12.666666666666666
JP Faulkner,Eden Gardens,2,90,72,7.5
JP Faulkner,Feroz Shah Kotla,5,167,99,10.121212121212121
JP Faulkner,Green Park,3,63,36,10.5
JP Faulkner,JSCA International Stadium Complex,1,37,22,10.090909090909092
JP Faulkner,M Chinnaswamy Stadium,4,78,66,7.090909090909091
JP Faulkner,MA Chidambaram Stadium,4,60,48,7.5
JP Faulkner,Maharashtra Cricket Association Stadium,5,120,77,9.35064935064935
JP Faulkner,Punjab Cricket Association IS Bindra Stadium,0,82,48,10.25
JP Faulkner,Punjab Cricket Association Stadium,2,76,42,10.857142857142858
JP Faulkner,Rajiv Gandhi International Stadium,5,16,24,4.0
JP Faulkner,Sardar Patel Stadium,5,172,132,7.818181818181818
JP Faulkner,Saurashtra Cricket Association Stadium,0,43,30,8.6
JP Faulkner,Sawai Mansingh Stadium,16,245,187,7.860962566844919
JP Faulkner,Sharjah Cricket Stadium,1,45,22,12.272727272727273
JP Faulkner,Sheikh Zayed Stadium,0,27,18,9.0
JP Faulkner,Subrata Roy Sahara Stadium,3,48,48,6.0
JP Faulkner,Wankhede Stadium,5,126,70,10.8
JPR Scantlebury-Searles,Eden Gardens,0,13,6,13.0
JPR Scantlebury-Searles,Holkar Cricket Stadium,1,52,24,13.0
JPR Scantlebury-Searles,Rajiv Gandhi International Stadium,1,24,12,12.0
JR Hazlewood,Arun Jaitley Stadium,1,29,18,9.666666666666666
JR Hazlewood,Bharat Ratna Shri Atal Bihari Vajpayee Ekana Cricket Stadium,2,15,18,5.0
JR Hazlewood,Brabourne Stadium,0,131,63,12.476190476190476
JR Hazlewood,Dr DY Patil Sports Academy,5,58,48,7.25
JR Hazlewood,Dubai International Cricket Stadium,6,169,138,7.3478260869565215
JR Hazlewood,Eden Gardens,3,43,24,10.75
JR Hazlewood,Maharashtra Cricket Association Stadium,4,38,48,4.75
JR Hazlewood,Narendra Modi Stadium,2,23,24,5.75
JR Hazlewood,Sharjah Cricket Stadium,3,75,60,7.5
JR Hazlewood,Sheikh Zayed Stadium,1,19,24,4.75
JR Hazlewood,Wankhede Stadium,7,116,90,7.733333333333333
JR Hazlewood,Zayed Cricket Stadium,2,94,48,11.75
JR Hopes,Dr DY Patil Sports Academy,1,26,24,6.5
JR Hopes,Eden Gardens,1,23,12,11.5
JR Hopes,Feroz Shah Kotla,6,131,102,7.705882352941177
JR Hopes,Himachal Pradesh Cricket Association Stadium,0,27,18,9.0
JR Hopes,M Chinnaswamy Stadium,0,10,6,10.0
JR Hopes,MA Chidambaram Stadium,0,52,36,8.666666666666666
JR Hopes,Punjab Cricket Association Stadium,3,139,72,11.583333333333334
JR Hopes,Rajiv Gandhi International Stadium,1,29,18,9.666666666666666
JR Hopes,Sawai Mansingh Stadium,1,33,24,8.25
JR Hopes,Wankhede Stadium,1,78,48,9.75
JW Hastings,Eden Gardens,2,37,40,5.55
JW Hastings,JSCA International Stadium Complex,1,29,18,9.666666666666666
Jalaj S Saxena,Wankhede Stadium,0,27,18,9.0
Jaskaran Singh,Barabati Stadium,1,12,6,12.0
Jaskaran Singh,Brabourne Stadium,0,28,12,14.0
Jaskaran Singh,Dr DY Patil Sports Academy,3,65,42,9.285714285714286
Jaskaran Singh,Eden Gardens,2,18,18,6.0
Jaskaran Singh,MA Chidambaram Stadium,0,16,6,16.0
Jaskaran Singh,SuperSport Park,0,32,18,10.666666666666666
Joginder Sharma,Brabourne Stadium,1,23,12,11.5
Joginder Sharma,Feroz Shah Kotla,1,43,24,10.75
Joginder Sharma,Kingsmead,0,22,12,11.0
Joginder Sharma,M Chinnaswamy Stadium,2,27,22,7.363636363636364
Joginder Sharma,MA Chidambaram Stadium,5,141,84,10.071428571428571
Joginder Sharma,Newlands,1,25,24,6.25
Joginder Sharma,Punjab Cricket Association Stadium,1,47,24,11.75
Joginder Sharma,Sardar Patel Stadium,0,23,12,11.5
Joginder Sharma,St George's Park,1,10,6,10.0
Joginder Sharma,Wankhede Stadium,1,58,36,9.666666666666666
K Goel,Brabourne Stadium,0,7,6,7.0
K Goel,Kingsmead,0,22,18,7.333333333333333
K Goel,Punjab Cricket Association Stadium,0,25,12,12.5
K Goel,SuperSport Park,0,39,30,7.8
K Gowtham,Arun Jaitley Stadium,0,43,36,7.166666666666667
K Gowtham,Bharat Ratna Shri Atal Bihari Vajpayee Ekana Cricket Stadium,2,64,60,6.4
K Gowtham,Dr DY Patil Sports Academy,2,46,36,7.666666666666667
K Gowtham,Eden Gardens,3,73,54,8.11111111111111
K Gowtham,Holkar Cricket Stadium,1,18,18,6.0
K Gowtham,M.Chinnaswamy Stadium,1,36,24,9.0
K Gowtham,MA Chidambaram Stadium,0,41,24,10.25
K Gowtham,Maharashtra Cricket Association Stadium,0,35,18,11.666666666666666
K Gowtham,Rajiv Gandhi International Stadium,0,34,18,11.333333333333334
K Gowtham,Sawai Mansingh Stadium,9,190,174,6.551724137931035
K Gowtham,Sheikh Zayed Stadium,1,45,24,11.25
K Gowtham,Wankhede Stadium,3,115,66,10.454545454545455
K Kartikeya,Brabourne Stadium,0,29,18,9.666666666666666
K Kartikeya,Dr DY Patil Sports Academy,3,51,42,7.285714285714286
K Kartikeya,Narendra Modi Stadium,1,54,36,9.0
K Kartikeya,Punjab Cricket Association IS Bindra Stadium,0,24,18,8.0
K Kartikeya,Wankhede Stadium,6,171,120,8.55
K Khejroliya,Arun Jaitley Stadium,0,20,8,15.0
K Khejroliya,Eden Gardens,2,78,41,11.414634146341465
K Khejroliya,M.Chinnaswamy Stadium,3,102,66,9.272727272727273
K Rabada,Arun Jaitley Stadium,8,150,115,7.826086956521738
K Rabada,Bharat Ratna Shri Atal Bihari Vajpayee Ekana Cricket Stadium,2,34,24,8.5
K Rabada,Brabourne Stadium,6,119,84,8.5
K Rabada,Dr DY Patil Sports Academy,6,86,66,7.818181818181818
K Rabada,Dubai International Cricket Stadium,15,378,270,8.4
K Rabada,Eden Gardens,4,62,44,8.454545454545455
K Rabada,Feroz Shah Kotla,4,120,72,10.0
K Rabada,Himachal Pradesh Cricket Association Stadium,2,76,42,10.857142857142858
K Rabada,M.Chinnaswamy Stadium,4,21,24,5.25
K Rabada,MA Chidambaram Stadium,1,59,42,8.428571428571429
K Rabada,Maharashtra Cricket Association Stadium,6,67,48,8.375
K Rabada,Narendra Modi Stadium,4,105,72,8.75
K Rabada,Punjab Cricket Association IS Bindra Stadium,6,139,84,9.928571428571429
K Rabada,Rajiv Gandhi International Stadium,4,22,23,5.739130434782608
K Rabada,Sawai Mansingh Stadium,3,37,24,9.25
K Rabada,Sharjah Cricket Stadium,8,204,136,9.0
K Rabada,Sheikh Zayed Stadium,12,141,120,7.05
K Rabada,Wankhede Stadium,12,260,186,8.387096774193548
K Rabada,Zayed Cricket Stadium,1,26,24,6.5
K Santokie,Punjab Cricket Association Stadium,1,40,24,10.0
K Santokie,Sardar Patel Stadium,2,50,24,12.5
K Upadhyay,Sawai Mansingh Stadium,0,29,18,9.666666666666666
K Upadhyay,Subrata Roy Sahara Stadium,0,52,36,8.666666666666666
K Yadav,Sawai Mansingh Stadium,2,68,42,9.714285714285714
K Yadav,Sharjah Cricket Stadium,0,16,12,8.0
KA Jamieson,Dubai International Cricket Stadium,0,22,12,11.0
KA Jamieson,MA Chidambaram Stadium,5,98,60,9.8
KA Jamieson,Narendra Modi Stadium,3,64,42,9.142857142857142
KA Jamieson,Wankhede Stadium,1,59,42,8.428571428571429
KA Jamieson,Zayed Cricket Stadium,0,26,12,13.0
KA Pollard,Arun Jaitley Stadium,2,12,12,6.0
KA Pollard,Barabati Stadium,0,7,6,7.0
KA Pollard,Brabourne Stadium,4,108,90,7.2
KA Pollard,Dr DY Patil Sports Academy,9,198,126,9.428571428571429
KA Pollard,Dr. Y.S. Rajasekhara Reddy ACA-VDCA Cricket Stadium,2,56,36,9.333333333333334
KA Pollard,Dubai International Cricket Stadium,1,110,72,9.166666666666666
KA Pollard,Eden Gardens,5,106,78,8.153846153846153
KA Pollard,Feroz Shah Kotla,2,140,90,9.333333333333334
KA Pollard,Himachal Pradesh Cricket Association Stadium,1,22,12,11.0
KA Pollard,M Chinnaswamy Stadium,8,145,102,8.529411764705882
KA Pollard,MA Chidambaram Stadium,8,148,121,7.338842975206611
KA Pollard,Maharashtra Cricket Association Stadium,0,54,29,11.172413793103448
KA Pollard,Punjab Cricket Association IS Bindra Stadium,0,25,12,12.5
KA Pollard,Punjab Cricket Association Stadium,1,54,42,7.714285714285714
KA Pollard,Rajiv Gandhi International Stadium,4,55,36,9.166666666666666
KA Pollard,Sardar Patel Stadium,0,11,6,11.0
KA Pollard,Sawai Mansingh Stadium,4,88,54,9.777777777777779
KA Pollard,Sharjah Cricket Stadium,0,42,42,6.0
KA Pollard,Sheikh Zayed Stadium,3,97,66,8.818181818181818
KA Pollard,Wankhede Stadium,25,655,432,9.097222222222221
KA Pollard,Zayed Cricket Stadium,2,8,6,8.0
KAJ Roach,Dr DY Patil Sports Academy,0,32,24,8.0
KAJ Roach,Eden Gardens,0,48,24,12.0
KC Cariappa,Dr. Y.S. Rajasekhara Reddy ACA-VDCA Cricket Stadium,0,36,24,9.0
KC Cariappa,Eden Gardens,1,28,12,14.0
KC Cariappa,Feroz Shah Kotla,1,23,18,7.666666666666667
KC Cariappa,M Chinnaswamy Stadium,0,55,18,18.333333333333332
KC Cariappa,Punjab Cricket Association IS Bindra Stadium,3,95,66,8.636363636363637
KC Cariappa,Rajiv Gandhi International Stadium,1,72,36,12.0
KC Cariappa,Saurashtra Cricket Association Stadium,2,39,42,5.571428571428571
KH Pandya,Arun Jaitley Stadium,2,30,30,6.0
KH Pandya,Bharat Ratna Shri Atal Bihari Vajpayee Ekana Cricket Stadium,6,114,114,6.0
KH Pandya,Brabourne Stadium,0,68,42,9.714285714285714
KH Pandya,Dr DY Patil Sports Academy,3,68,60,6.8
KH Pandya,Dr. Y.S. Rajasekhara Reddy ACA-VDCA Cricket Stadium,3,52,43,7.255813953488372
KH Pandya,Dubai International Cricket Stadium,1,119,96,7.4375
KH Pandya,Eden Gardens,5,122,97,7.546391752577319
KH Pandya,Feroz Shah Kotla,0,25,24,6.25
KH Pandya,Green Park,0,28,12,14.0
KH Pandya,Holkar Cricket Stadium,2,39,30,7.8
KH Pandya,M Chinnaswamy Stadium,2,96,90,6.4
KH Pandya,M.Chinnaswamy Stadium,0,52,48,6.5
KH Pandya,MA Chidambaram Stadium,6,203,174,7.0
KH Pandya,Maharashtra Cricket Association Stadium,4,116,96,7.25
KH Pandya,Narendra Modi Stadium,0,38,24,9.5
KH Pandya,Punjab Cricket Association IS Bindra Stadium,2,76,42,10.857142857142858
KH Pandya,Rajiv Gandhi International Stadium,3,113,90,7.533333333333333
KH Pandya,Sawai Mansingh Stadium,1,57,36,9.5
KH Pandya,Sharjah Cricket Stadium,2,106,74,8.594594594594595
KH Pandya,Sheikh Zayed Stadium,4,192,150,7.68
KH Pandya,Wankhede Stadium,22,501,426,7.056338028169014
KH Pandya,Zayed Cricket Stadium,1,65,48,8.125
KJ Abbott,Dr. Y.S. Rajasekhara Reddy ACA-VDCA Cricket Stadium,0,25,18,8.333333333333334
KJ Abbott,M Chinnaswamy Stadium,1,48,18,16.0
KJ Abbott,Punjab Cricket Association IS Bindra Stadium,1,70,42,10.0
KJ Abbott,Rajiv Gandhi International Stadium,0,34,18,11.333333333333334
KK Ahmed,Arun Jaitley Stadium,4,241,144,10.041666666666666
KK Ahmed,Barsapara Cricket Stadium,0,31,12,15.5
KK Ahmed,Bharat Ratna Shri Atal Bihari Vajpayee Ekana Cricket Stadium,2,30,24,7.5
KK Ahmed,Brabourne Stadium,10,103,96,6.4375
KK Ahmed,Dr DY Patil Sports Academy,2,71,48,8.875
KK Ahmed,Dr. Y.S. Rajasekhara Reddy ACA-VDCA Cricket Stadium,3,24,17,8.470588235294118
KK Ahmed,Dubai International Cricket Stadium,9,204,136,9.0
KK Ahmed,Eden Gardens,0,38,18,12.666666666666666
KK Ahmed,Himachal Pradesh Cricket Association Stadium,1,20,18,6.666666666666667
KK Ahmed,M.Chinnaswamy Stadium,3,37,24,9.25
KK Ahmed,MA Chidambaram Stadium,5,103,96,6.4375
KK Ahmed,Maharashtra Cricket Association Stadium,2,34,24,8.5
KK Ahmed,Narendra Modi Stadium,2,24,24,6.0
KK Ahmed,Rajiv Gandhi International Stadium,10,125,96,7.8125
KK Ahmed,Sawai Mansingh Stadium,1,33,24,8.25
KK Ahmed,Sharjah Cricket Stadium,0,22,18,7.333333333333333
KK Ahmed,Sheikh Zayed Stadium,2,71,42,10.142857142857142
KK Ahmed,Wankhede Stadium,2,107,67,9.582089552238806
KK Cooper,Eden Gardens,2,33,24,8.25
KK Cooper,Feroz Shah Kotla,3,85,72,7.083333333333333
KK Cooper,JSCA International Stadium Complex,1,25,24,6.25
KK Cooper,MA Chidambaram Stadium,2,72,48,9.0
KK Cooper,Punjab Cricket Association Stadium,3,48,48,6.0
KK Cooper,Rajiv Gandhi International Stadium,2,39,24,9.75
KK Cooper,Sardar Patel Stadium,1,46,36,7.666666666666667
KK Cooper,Sawai Mansingh Stadium,17,275,204,8.088235294117647
KK Cooper,Subrata Roy Sahara Stadium,0,26,24,6.5
KK Cooper,Wankhede Stadium,5,108,72,9.0
KL Nagarkoti,Brabourne Stadium,0,29,12,14.5
KL Nagarkoti,Dubai International Cricket Stadium,3,71,54,7.888888888888889
KL Nagarkoti,Sharjah Cricket Stadium,1,71,42,10.142857142857142
KL Nagarkoti,Sheikh Zayed Stadium,1,89,60,8.9
KL Nagarkoti,Wankhede Stadium,0,25,12,12.5
KM Asif,Barsapara Cricket Stadium,0,55,24,13.75
KM Asif,Eden Gardens,2,59,36,9.833333333333334
KM Asif,Maharashtra Cricket Association Stadium,2,43,18,14.333333333333334
KM Asif,Rajiv Gandhi International Stadium,0,15,18,5.0
KM Asif,Sawai Mansingh Stadium,2,42,24,10.5
KM Asif,Zayed Cricket Stadium,1,18,13,8.307692307692308
KMA Paul,Arun Jaitley Stadium,0,72,55,7.854545454545455
KMA Paul,Dr. Y.S. Rajasekhara Reddy ACA-VDCA Cricket Stadium,4,81,42,11.571428571428571
KMA Paul,Eden Gardens,2,46,24,11.5
KMA Paul,Rajiv Gandhi International Stadium,3,17,24,4.25
KMA Paul,Wankhede Stadium,1,21,18,7.0
KMDN Kulasekara,Dr DY Patil Sports Academy,1,26,18,8.666666666666666
KMDN Kulasekara,MA Chidambaram Stadium,4,56,60,5.6
KMDN Kulasekara,Subrata Roy Sahara Stadium,1,38,24,9.5
KP Appanna,Eden Gardens,0,27,18,9.0
KP Appanna,Feroz Shah Kotla,2,24,24,6.0
KP Appanna,Kingsmead,1,40,30,8.0
KP Appanna,M Chinnaswamy Stadium,1,72,36,12.0
KP Appanna,Sawai Mansingh Stadium,4,19,24,4.75
KP Appanna,St George's Park,1,37,36,6.166666666666667
KP Appanna,Subrata Roy Sahara Stadium,1,30,24,7.5
KP Appanna,SuperSport Park,0,10,6,10.0
KP Appanna,Vidarbha Cricket Association Stadium,1,27,18,9.0
KP Pietersen,Dr DY Patil Sports Academy,1,30,30,6.0
KP Pietersen,Feroz Shah Kotla,1,56,42,8.0
KP Pietersen,Kingsmead,1,40,36,6.666666666666667
KP Pietersen,M Chinnaswamy Stadium,1,10,6,10.0
KP Pietersen,MA Chidambaram Stadium,1,26,12,13.0
KP Pietersen,Newlands,2,31,24,7.75
KP Pietersen,Punjab Cricket Association Stadium,0,8,6,8.0
KP Pietersen,St George's Park,2,14,18,4.666666666666667
KR Mayers,Bharat Ratna Shri Atal Bihari Vajpayee Ekana Cricket Stadium,0,12,12,6.0
KR Mayers,MA Chidambaram Stadium,0,16,12,8.0
KR Mayers,Narendra Modi Stadium,0,16,6,16.0
KR Mayers,Punjab Cricket Association IS Bindra Stadium,0,4,6,4.0
KR Mayers,Rajiv Gandhi International Stadium,0,11,6,11.0
KR Sen,Dr DY Patil Sports Academy,2,112,63,10.666666666666666
KR Sen,MA Chidambaram Stadium,0,8,12,4.0
KR Sen,Maharashtra Cricket Association Stadium,4,20,21,5.714285714285714
KR Sen,Wankhede Stadium,2,125,73,10.273972602739727
KS Williamson,Eden Gardens,0,7,6,7.0
KS Williamson,Sharjah Cricket Stadium,0,24,12,12.0
KV Sharma,Arun Jaitley Stadium,1,33,18,11.0
KV Sharma,Bharat Ratna Shri Atal Bihari Vajpayee Ekana Cricket Stadium,2,20,24,5.0
KV Sharma,Brabourne Stadium,1,28,18,9.333333333333334
KV Sharma,Dr. Y.S. Rajasekhara Reddy ACA-VDCA Cricket Stadium,1,49,36,8.166666666666666
KV Sharma,Dubai International Cricket Stadium,4,162,120,8.1
KV Sharma,Eden Gardens,11,182,120,9.1
KV Sharma,Feroz Shah Kotla,4,64,52,7.384615384615385
KV Sharma,JSCA International Stadium Complex,3,19,24,4.75
KV Sharma,M Chinnaswamy Stadium,11,190,138,8.26086956521739
KV Sharma,MA Chidambaram Stadium,0,59,48,7.375
KV Sharma,Maharashtra Cricket Association Stadium,3,26,27,5.777777777777778
KV Sharma,Punjab Cricket Association IS Bindra Stadium,0,26,24,6.5
KV Sharma,Punjab Cricket Association Stadium,2,28,30,5.6
KV Sharma,Rajiv Gandhi International Stadium,12,497,340,8.770588235294118
KV Sharma,Sardar Patel Stadium,1,20,24,5.0
KV Sharma,Sawai Mansingh Stadium,3,53,26,12.230769230769232
KV Sharma,Shaheed Veer Narayan Singh International Stadium,3,37,36,6.166666666666667
KV Sharma,Sharjah Cricket Stadium,1,106,66,9.636363636363637
KV Sharma,Sheikh Zayed Stadium,2,33,36,5.5
KV Sharma,Wankhede Stadium,10,201,144,8.375
KW Richardson,Feroz Shah Kotla,1,39,24,9.75
KW Richardson,M Chinnaswamy Stadium,2,43,24,10.75
KW Richardson,Maharashtra Cricket Association Stadium,4,13,18,4.333333333333333
KW Richardson,Rajiv Gandhi International Stadium,2,45,24,11.25
KW Richardson,Sardar Patel Stadium,0,28,24,7.0
KW Richardson,Saurashtra Cricket Association Stadium,1,53,24,13.25
KW Richardson,Shaheed Veer Narayan Singh International Stadium,0,38,24,9.5
KW Richardson,Sharjah Cricket Stadium,1,25,18,8.333333333333334
KW Richardson,Sheikh Zayed Stadium,4,43,48,5.375
KW Richardson,Subrata Roy Sahara Stadium,2,63,47,8.042553191489363
KW Richardson,Wankhede Stadium,2,54,36,9.0
Kamran Khan,Brabourne Stadium,0,10,6,10.0
Kamran Khan,Eden Gardens,2,13,12,6.5
Kamran Khan,M Chinnaswamy Stadium,0,47,18,15.666666666666666
Kamran Khan,Newlands,4,36,42,5.142857142857143
Kamran Khan,Sawai Mansingh Stadium,2,30,18,10.0
Kamran Khan,SuperSport Park,1,70,40,10.5
Karanveer Singh,Eden Gardens,3,40,24,10.0
Karanveer Singh,M Chinnaswamy Stadium,4,95,36,15.833333333333334
Karanveer Singh,MA Chidambaram Stadium,1,43,24,10.75
Karanveer Singh,Maharashtra Cricket Association Stadium,0,43,24,10.75
Karanveer Singh,Punjab Cricket Association Stadium,5,68,72,5.666666666666667
Karanveer Singh,Wankhede Stadium,1,32,24,8.0
Kartik Tyagi,Arun Jaitley Stadium,1,32,24,8.0
Kartik Tyagi,Brabourne Stadium,0,37,24,9.25
Kartik Tyagi,Dubai International Cricket Stadium,7,221,145,9.144827586206896
Kartik Tyagi,Rajiv Gandhi International Stadium,1,51,20,15.299999999999999
Kartik Tyagi,Sharjah Cricket Stadium,1,35,24,8.75
Kartik Tyagi,Sheikh Zayed Stadium,4,163,96,10.1875
Kartik Tyagi,Wankhede Stadium,1,83,41,12.146341463414634
Kartik Tyagi,Zayed Cricket Stadium,1,40,24,10.0
Kuldeep Yadav,Arun Jaitley Stadium,3,208,144,8.666666666666666
Kuldeep Yadav,Barsapara Cricket Stadium,1,31,24,7.75
Kuldeep Yadav,Bharat Ratna Shri Atal Bihari Vajpayee Ekana Cricket Stadium,1,35,24,8.75
Kuldeep Yadav,Brabourne Stadium,10,117,96,7.3125
Kuldeep Yadav,Dr DY Patil Sports Academy,4,108,76,8.526315789473685
Kuldeep Yadav,Dubai International Cricket Stadium,1,20,18,6.666666666666667
Kuldeep Yadav,Eden Gardens,23,618,446,8.31390134529148
Kuldeep Yadav,Feroz Shah Kotla,3,64,42,9.142857142857142
Kuldeep Yadav,Himachal Pradesh Cricket Association Stadium,0,21,18,7.0
Kuldeep Yadav,Holkar Cricket Stadium,1,29,12,14.5
Kuldeep Yadav,M Chinnaswamy Stadium,2,23,24,5.75
Kuldeep Yadav,M.Chinnaswamy Stadium,2,51,48,6.375
Kuldeep Yadav,MA Chidambaram Stadium,2,71,66,6.454545454545454
Kuldeep Yadav,Maharashtra Cricket Association Stadium,3,63,48,7.875
Kuldeep Yadav,Narendra Modi Stadium,1,15,24,3.75
Kuldeep Yadav,Punjab Cricket Association IS Bindra Stadium,2,34,18,11.333333333333334
Kuldeep Yadav,Rajiv Gandhi International Stadium,2,100,72,8.333333333333334
Kuldeep Yadav,Saurashtra Cricket Association Stadium,2,25,24,6.25
Kuldeep Yadav,Sawai Mansingh Stadium,1,56,48,7.0
Kuldeep Yadav,Sheikh Zayed Stadium,0,54,36,9.0
Kuldeep Yadav,Wankhede Stadium,7,214,138,9.304347826086957
L Ablish,Feroz Shah Kotla,2,19,12,9.5
L Ablish,M Chinnaswamy Stadium,0,39,18,13.0
L Ablish,Punjab Cricket Association Stadium,3,17,12,8.5
L Balaji,Barabati Stadium,2,22,24,5.5
L Balaji,Brabourne Stadium,1,47,24,11.75
L Balaji,Buffalo Park,0,18,6,18.0
L Balaji,De Beers Diamond Oval,1,13,18,4.333333333333333
L Balaji,Dr DY Patil Sports Academy,2,49,30,9.8
L Balaji,Dubai International Cricket Stadium,1,17,24,4.25
L Balaji,Eden Gardens,16,468,356,7.8876404494382015
L Balaji,Feroz Shah Kotla,6,94,66,8.545454545454545
L Balaji,JSCA International Stadium Complex,3,63,48,7.875
L Balaji,Kingsmead,6,106,81,7.851851851851852
L Balaji,M Chinnaswamy Stadium,9,194,119,9.781512605042018
L Balaji,MA Chidambaram Stadium,8,225,150,9.0
L Balaji,New Wanderers Stadium,0,42,30,8.4
L Balaji,Punjab Cricket Association Stadium,3,96,72,8.0
L Balaji,Rajiv Gandhi International Stadium,2,61,42,8.714285714285714
L Balaji,Sawai Mansingh Stadium,0,31,24,7.75
L Balaji,Shaheed Veer Narayan Singh International Stadium,1,35,24,8.75
L Balaji,Sharjah Cricket Stadium,4,59,48,7.375
L Balaji,Sheikh Zayed Stadium,3,64,42,9.142857142857142
L Balaji,St George's Park,2,35,26,8.076923076923077
L Balaji,Subrata Roy Sahara Stadium,5,50,57,5.2631578947368425
L Balaji,SuperSport Park,5,102,63,9.714285714285714
L Balaji,Wankhede Stadium,3,108,114,5.684210526315789
L Ngidi,Arun Jaitley Stadium,4,111,66,10.090909090909092
L Ngidi,Dubai International Cricket Stadium,2,34,24,8.5
L Ngidi,Eden Gardens,1,36,18,12.0
L Ngidi,Maharashtra Cricket Association Stadium,7,60,72,5.0
L Ngidi,Sharjah Cricket Stadium,2,56,24,14.0
L Ngidi,Sheikh Zayed Stadium,6,77,48,9.625
L Ngidi,Wankhede Stadium,6,74,72,6.166666666666667
LA Carseldine,SuperSport Park,1,6,6,6.0
LE Plunkett,Arun Jaitley Stadium,3,146,108,8.11111111111111
LE Plunkett,Maharashtra Cricket Association Stadium,0,52,18,17.333333333333332
LE Plunkett,Rajiv Gandhi International Stadium,1,27,24,6.75
LH Ferguson,Brabourne Stadium,5,103,72,8.583333333333334
LH Ferguson,Dr DY Patil Sports Academy,6,131,90,8.733333333333333
LH Ferguson,Dubai International Cricket Stadium,0,110,48,13.75
LH Ferguson,Eden Gardens,1,150,78,11.538461538461538
LH Ferguson,M.Chinnaswamy Stadium,0,32,12,16.0
LH Ferguson,Maharashtra Cricket Association Stadium,8,81,72,6.75
LH Ferguson,Narendra Modi Stadium,0,62,42,8.857142857142858
LH Ferguson,Rajiv Gandhi International Stadium,1,21,12,10.5
LH Ferguson,Saurashtra Cricket Association Stadium,0,44,24,11.0
LH Ferguson,Sharjah Cricket Stadium,9,116,107,6.504672897196262
LH Ferguson,Sheikh Zayed Stadium,3,47,48,5.875
LH Ferguson,Wankhede Stadium,2,137,86,9.55813953488372
LH Ferguson,Zayed Cricket Stadium,6,84,72,7.0
LI Meriwala,Wankhede Stadium,1,32,18,10.666666666666666
LJ Wright,JSCA International Stadium Complex,0,11,6,11.0
LJ Wright,M Chinnaswamy Stadium,1,26,24,6.5
LJ Wright,Punjab Cricket Association Stadium,0,35,17,12.352941176470587
LJ Wright,Shaheed Veer Narayan Singh International Stadium,0,16,6,16.0
LJ Wright,Subrata Roy Sahara Stadium,1,36,18,12.0
LMP Simmons,Barabati Stadium,1,34,18,11.333333333333334
LPC Silva,Rajiv Gandhi International Stadium,0,21,6,21.0
LR Shukla,Buffalo Park,0,25,18,8.333333333333334
LR Shukla,Dr DY Patil Sports Academy,1,30,18,10.0
LR Shukla,Dubai International Cricket Stadium,0,21,12,10.5
LR Shukla,Eden Gardens,6,142,95,8.968421052631578
LR Shukla,Feroz Shah Kotla,1,57,38,9.0
LR Shukla,Kingsmead,2,42,36,7.0
LR Shukla,M Chinnaswamy Stadium,1,12,7,10.285714285714285
LR Shukla,MA Chidambaram Stadium,0,34,24,8.5
LR Shukla,Rajiv Gandhi International Stadium,1,16,12,8.0
LR Shukla,Sawai Mansingh Stadium,2,30,18,10.0
LR Shukla,Sharjah Cricket Stadium,0,5,6,5.0
LR Shukla,St George's Park,3,33,30,6.6
LRPL Taylor,Sawai Mansingh Stadium,0,11,6,11.0
LRPL Taylor,St George's Park,0,13,6,13.0
LS Livingstone,Brabourne Stadium,2,37,24,9.25
LS Livingstone,Dr DY Patil Sports Academy,4,75,57,7.894736842105263
LS Livingstone,Eden Gardens,0,27,12,13.5
LS Livingstone,MA Chidambaram Stadium,0,16,6,16.0
LS Livingstone,Maharashtra Cricket Association Stadium,0,34,18,11.333333333333334
LS Livingstone,Punjab Cricket Association IS Bindra Stadium,1,28,12,14.0
LS Livingstone,Wankhede Stadium,1,92,57,9.68421052631579
Lalit Yadav,Arun Jaitley Stadium,1,55,36,9.166666666666666
Lalit Yadav,Brabourne Stadium,3,34,30,6.8
Lalit Yadav,Dr DY Patil Sports Academy,1,27,30,5.4
Lalit Yadav,M Chinnaswamy Stadium,1,29,24,7.25
Lalit Yadav,MA Chidambaram Stadium,2,51,42,7.285714285714286
Lalit Yadav,Narendra Modi Stadium,2,38,36,6.333333333333333
Lalit Yadav,Sharjah Cricket Stadium,1,35,18,11.666666666666666
Lalit Yadav,Wankhede Stadium,0,100,54,11.11111111111111
M Ashwin,Arun Jaitley Stadium,0,20,18,6.666666666666667
M Ashwin,Barsapara Cricket Stadium,0,11,6,11.0
M Ashwin,Brabourne Stadium,5,76,72,6.333333333333333
M Ashwin,Dr DY Patil Sports Academy,1,67,42,9.571428571428571
M Ashwin,Dubai International Cricket Stadium,5,81,66,7.363636363636363
M Ashwin,Eden Gardens,0,13,6,13.0
M Ashwin,Feroz Shah Kotla,0,31,18,10.333333333333334
M Ashwin,M.Chinnaswamy Stadium,3,67,48,8.375
M Ashwin,MA Chidambaram Stadium,0,45,48,5.625
M Ashwin,Maharashtra Cricket Association Stadium,5,210,147,8.571428571428571
M Ashwin,Punjab Cricket Association IS Bindra Stadium,6,185,138,8.043478260869565
M Ashwin,Rajiv Gandhi International Stadium,1,38,30,7.6
M Ashwin,Saurashtra Cricket Association Stadium,2,31,24,7.75
M Ashwin,Sawai Mansingh Stadium,0,42,18,14.0
M Ashwin,Sharjah Cricket Stadium,4,66,57,6.947368421052632
M Ashwin,Sheikh Zayed Stadium,1,60,48,7.5
M Ashwin,Wankhede Stadium,2,91,66,8.272727272727273
M Jansen,Brabourne Stadium,4,51,48,6.375
M Jansen,Dr DY Patil Sports Academy,2,92,72,7.666666666666667
M Jansen,Eden Gardens,2,38,24,9.5
M Jansen,MA Chidambaram Stadium,3,82,54,9.11111111111111
M Jansen,Maharashtra Cricket Association Stadium,1,68,48,8.5
M Jansen,Narendra Modi Stadium,1,39,24,9.75
M Jansen,Rajiv Gandhi International Stadium,6,110,72,9.166666666666666
M Jansen,Sawai Mansingh Stadium,1,44,24,11.0
M Jansen,Wankhede Stadium,0,63,24,15.75
M Kartik,Barabati Stadium,1,56,36,9.333333333333334
M Kartik,Brabourne Stadium,1,21,24,5.25
M Kartik,Buffalo Park,1,20,18,6.666666666666667
M Kartik,Dr DY Patil Sports Academy,3,84,71,7.098591549295774
M Kartik,Eden Gardens,13,251,220,6.845454545454546
M Kartik,Feroz Shah Kotla,1,72,66,6.545454545454546
M Kartik,JSCA International Stadium Complex,1,17,24,4.25
M Kartik,Kingsmead,0,51,54,5.666666666666667
M Kartik,M Chinnaswamy Stadium,5,105,84,7.5
M Kartik,MA Chidambaram Stadium,0,115,84,8.214285714285714
M Kartik,New Wanderers Stadium,1,32,48,4.0
M Kartik,Newlands,0,23,24,5.75
M Kartik,Punjab Cricket Association Stadium,2,24,18,8.0
M Kartik,Rajiv Gandhi International Stadium,0,29,18,9.666666666666666
M Kartik,Sardar Patel Stadium,1,25,24,6.25
M Kartik,Sawai Mansingh Stadium,0,112,66,10.181818181818182
M Kartik,Sharjah Cricket Stadium,1,51,24,12.75
M Kartik,St George's Park,0,20,18,6.666666666666667
M Kartik,Subrata Roy Sahara Stadium,2,155,120,7.75
M Kartik,SuperSport Park,3,55,42,7.857142857142857
M Kartik,Wankhede Stadium,2,43,42,6.142857142857143
M Manhas,Dr DY Patil Sports Academy,0,33,36,5.5
M Manhas,M Chinnaswamy Stadium,0,9,6,9.0
M Markande,Arun Jaitley Stadium,3,41,36,6.833333333333333
M Markande,Eden Gardens,3,53,48,6.625
M Markande,Holkar Cricket Stadium,1,29,18,9.666666666666666
M Markande,M.Chinnaswamy Stadium,2,51,36,8.5
M Markande,MA Chidambaram Stadium,2,23,24,5.75
M Markande,Maharashtra Cricket Association Stadium,0,30,18,10.0
M Markande,Narendra Modi Stadium,0,27,18,9.0
M Markande,Punjab Cricket Association IS Bindra Stadium,0,12,6,12.0
M Markande,Rajiv Gandhi International Stadium,10,175,138,7.608695652173913
M Markande,Sawai Mansingh Stadium,0,90,48,11.25
M Markande,Wankhede Stadium,8,253,180,8.433333333333334
M Markande,Zayed Cricket Stadium,0,26,18,8.666666666666666
M Morkel,Barabati Stadium,4,55,48,6.875
M Morkel,Brabourne Stadium,0,38,24,9.5
M Morkel,De Beers Diamond Oval,0,20,18,6.666666666666667
M Morkel,Dr. Y.S. Rajasekhara Reddy ACA-VDCA Cricket Stadium,2,31,24,7.75
M Morkel,Dubai International Cricket Stadium,2,41,24,10.25
M Morkel,Eden Gardens,12,254,216,7.055555555555555
M Morkel,Feroz Shah Kotla,29,559,426,7.873239436619718
M Morkel,Green Park,1,39,21,11.142857142857142
M Morkel,Himachal Pradesh Cricket Association Stadium,6,64,72,5.333333333333333
M Morkel,M Chinnaswamy Stadium,4,132,90,8.8
M Morkel,MA Chidambaram Stadium,0,31,24,7.75
M Morkel,Maharashtra Cricket Association Stadium,3,57,42,8.142857142857142
M Morkel,Nehru Stadium,3,18,24,4.5
M Morkel,Punjab Cricket Association IS Bindra Stadium,2,27,24,6.75
M Morkel,Rajiv Gandhi International Stadium,4,143,96,8.9375
M Morkel,Sawai Mansingh Stadium,2,74,72,6.166666666666667
M Morkel,Shaheed Veer Narayan Singh International Stadium,1,58,48,7.25
M Morkel,Sharjah Cricket Stadium,0,34,24,8.5
M Morkel,Sheikh Zayed Stadium,3,42,48,5.25
M Morkel,Subrata Roy Sahara Stadium,1,107,72,8.916666666666666
M Morkel,SuperSport Park,1,20,24,5.0
M Morkel,Vidarbha Cricket Association Stadium,0,32,24,8.0
M Morkel,Wankhede Stadium,5,141,96,8.8125
M Muralitharan,Brabourne Stadium,2,32,24,8.0
M Muralitharan,Buffalo Park,2,11,18,3.6666666666666665
M Muralitharan,De Beers Diamond Oval,2,22,24,5.5
M Muralitharan,Dr DY Patil Sports Academy,5,114,95,7.199999999999999
M Muralitharan,Eden Gardens,2,94,84,6.714285714285714
M Muralitharan,Feroz Shah Kotla,3,94,72,7.833333333333333
M Muralitharan,JSCA International Stadium Complex,1,29,24,7.25
M Muralitharan,Kingsmead,4,75,90,5.0
M Muralitharan,M Chinnaswamy Stadium,13,302,264,6.863636363636363
M Muralitharan,MA Chidambaram Stadium,10,380,312,7.3076923076923075
M Muralitharan,Nehru Stadium,0,27,24,6.75
M Muralitharan,New Wanderers Stadium,2,37,48,4.625
M Muralitharan,Punjab Cricket Association Stadium,1,33,24,8.25
M Muralitharan,Rajiv Gandhi International Stadium,3,78,72,6.5
M Muralitharan,Sardar Patel Stadium,0,34,24,8.5
M Muralitharan,Sawai Mansingh Stadium,1,48,43,6.697674418604651
M Muralitharan,Sharjah Cricket Stadium,0,25,12,12.5
M Muralitharan,St George's Park,4,30,48,3.75
M Muralitharan,Subrata Roy Sahara Stadium,2,48,42,6.857142857142857
M Muralitharan,SuperSport Park,2,86,72,7.166666666666667
M Muralitharan,Wankhede Stadium,3,63,60,6.3
M Ntini,Dr DY Patil Sports Academy,0,21,24,5.25
M Ntini,Eden Gardens,4,21,24,5.25
M Ntini,MA Chidambaram Stadium,1,136,96,8.5
M Ntini,Rajiv Gandhi International Stadium,1,24,24,6.0
M Ntini,Sawai Mansingh Stadium,0,17,18,5.666666666666667
M Ntini,Wankhede Stadium,2,23,24,5.75
M Pathirana,Arun Jaitley Stadium,2,22,24,5.5
M Pathirana,Brabourne Stadium,0,28,22,7.636363636363637
M Pathirana,Eden Gardens,1,27,24,6.75
M Pathirana,M Chinnaswamy Stadium,2,42,24,10.5
M Pathirana,MA Chidambaram Stadium,13,166,138,7.217391304347826
M Pathirana,Narendra Modi Stadium,2,44,24,11.0
M Pathirana,Sawai Mansingh Stadium,1,48,24,12.0
M Pathirana,Wankhede Stadium,2,24,19,7.578947368421053
M Prasidh Krishna,Brabourne Stadium,3,107,72,8.916666666666666
M Prasidh Krishna,Dr DY Patil Sports Academy,4,121,90,8.066666666666666
M Prasidh Krishna,Eden Gardens,7,423,251,10.111553784860558
M Prasidh Krishna,Holkar Cricket Stadium,2,31,24,7.75
M Prasidh Krishna,M.Chinnaswamy Stadium,0,41,18,13.666666666666666
M Prasidh Krishna,MA Chidambaram Stadium,4,131,96,8.1875
M Prasidh Krishna,Maharashtra Cricket Association Stadium,4,39,48,4.875
M Prasidh Krishna,Narendra Modi Stadium,7,128,93,8.258064516129032
M Prasidh Krishna,Rajiv Gandhi International Stadium,5,30,24,7.5
M Prasidh Krishna,Sawai Mansingh Stadium,1,35,24,8.75
M Prasidh Krishna,Sharjah Cricket Stadium,1,66,42,9.428571428571429
M Prasidh Krishna,Sheikh Zayed Stadium,3,99,63,9.428571428571429
M Prasidh Krishna,Wankhede Stadium,8,312,204,9.176470588235293
M Prasidh Krishna,Zayed Cricket Stadium,4,108,72,9.0
M Theekshana,Arun Jaitley Stadium,2,23,24,5.75
M Theekshana,Dr DY Patil Sports Academy,6,128,96,8.0
M Theekshana,Eden Gardens,2,32,24,8.0
M Theekshana,M Chinnaswamy Stadium,1,41,24,10.25
M Theekshana,MA Chidambaram Stadium,3,199,150,7.96
M Theekshana,Maharashtra Cricket Association Stadium,5,77,72,6.416666666666667
M Theekshana,Narendra Modi Stadium,0,36,24,9.0
M Theekshana,Sawai Mansingh Stadium,1,24,24,6.0
M Theekshana,Wankhede Stadium,1,56,42,8.0
M Vijay,Punjab Cricket Association IS Bindra Stadium,0,8,6,8.0
M Vijay,Punjab Cricket Association Stadium,0,28,24,7.0
M Vijay,Sheikh Zayed Stadium,0,13,6,13.0
M de Lange,Eden Gardens,3,107,60,10.7
M de Lange,MA Chidambaram Stadium,1,30,24,7.5
M de Lange,Wankhede Stadium,2,32,24,8.0
MA Khote,MA Chidambaram Stadium,2,29,18,9.666666666666666
MA Khote,Punjab Cricket Association Stadium,0,22,12,11.0
MA Starc,Dubai International Cricket Stadium,3,36,48,4.5
MA Starc,Eden Gardens,1,32,24,8.0
MA Starc,Feroz Shah Kotla,3,20,24,5.0
MA Starc,JSCA International Stadium Complex,2,50,48,6.25
MA Starc,M Chinnaswamy Stadium,13,210,168,7.5
MA Starc,MA Chidambaram Stadium,4,24,24,6.0
MA Starc,Maharashtra Cricket Association Stadium,1,22,24,5.5
MA Starc,Punjab Cricket Association Stadium,1,20,12,10.0
MA Starc,Rajiv Gandhi International Stadium,1,57,40,8.549999999999999
MA Starc,Sardar Patel Stadium,3,22,24,5.5
MA Starc,Sharjah Cricket Stadium,3,66,48,8.25
MA Starc,Sheikh Zayed Stadium,2,29,24,7.25
MA Starc,Wankhede Stadium,2,70,48,8.75
MA Wood,Bharat Ratna Shri Atal Bihari Vajpayee Ekana Cricket Stadium,7,49,48,6.125
MA Wood,M Chinnaswamy Stadium,1,32,24,8.0
MA Wood,MA Chidambaram Stadium,3,49,24,12.25
MA Wood,Wankhede Stadium,0,49,24,12.25
MB Parmar,Eden Gardens,0,33,18,11.0
MC Henriques,Barabati Stadium,1,35,24,8.75
MC Henriques,Brabourne Stadium,1,29,18,9.666666666666666
MC Henriques,Dr. Y.S. Rajasekhara Reddy ACA-VDCA Cricket Stadium,3,47,48,5.875
MC Henriques,Dubai International Cricket Stadium,0,9,6,9.0
MC Henriques,Eden Gardens,1,60,42,8.571428571428571
MC Henriques,Feroz Shah Kotla,6,127,79,9.645569620253164
MC Henriques,Green Park,0,12,6,12.0
MC Henriques,Kingsmead,1,68,48,8.5
MC Henriques,M Chinnaswamy Stadium,2,152,85,10.729411764705883
MC Henriques,MA Chidambaram Stadium,0,19,24,4.75
MC Henriques,Maharashtra Cricket Association Stadium,0,4,6,4.0
MC Henriques,Narendra Modi Stadium,1,5,6,5.0
MC Henriques,New Wanderers Stadium,1,35,24,8.75
MC Henriques,Newlands,0,4,1,24.0
MC Henriques,Punjab Cricket Association IS Bindra Stadium,1,68,36,11.333333333333334
MC Henriques,Punjab Cricket Association Stadium,1,59,42,8.428571428571429
MC Henriques,Rajiv Gandhi International Stadium,18,420,323,7.801857585139318
MC Henriques,Sardar Patel Stadium,1,11,12,5.5
MC Henriques,Saurashtra Cricket Association Stadium,0,17,18,5.666666666666667
MC Henriques,Sawai Mansingh Stadium,1,6,12,3.0
MC Henriques,Shaheed Veer Narayan Singh International Stadium,0,32,24,8.0
MC Henriques,Sharjah Cricket Stadium,3,12,24,3.0
MC Henriques,Subrata Roy Sahara Stadium,2,44,24,11.0
MF Maharoof,Eden Gardens,2,55,42,7.857142857142857
MF Maharoof,Feroz Shah Kotla,11,195,156,7.5
MF Maharoof,M Chinnaswamy Stadium,4,13,24,3.25
MF Maharoof,New Wanderers Stadium,0,9,12,4.5
MF Maharoof,OUTsurance Oval,4,56,48,7.0
MF Maharoof,Punjab Cricket Association Stadium,3,68,42,9.714285714285714
MF Maharoof,Rajiv Gandhi International Stadium,2,36,24,9.0
MF Maharoof,Sardar Patel Stadium,1,32,24,8.0
MF Maharoof,Sawai Mansingh Stadium,3,22,24,5.5
MF Maharoof,Wankhede Stadium,3,34,24,8.5
MG Bracewell,Eden Gardens,1,34,18,11.333333333333334
MG Bracewell,M Chinnaswamy Stadium,1,32,18,10.666666666666666
MG Bracewell,Rajiv Gandhi International Stadium,2,13,12,6.5
MG Bracewell,Sawai Mansingh Stadium,2,16,18,5.333333333333333
MG Johnson,Arun Jaitley Stadium,0,42,24,10.5
MG Johnson,Barabati Stadium,2,70,42,10.0
MG Johnson,Dubai International Cricket Stadium,2,19,24,4.75
MG Johnson,Eden Gardens,9,240,180,8.0
MG Johnson,Feroz Shah Kotla,0,68,42,9.714285714285714
MG Johnson,M Chinnaswamy Stadium,6,152,114,8.0
MG Johnson,M.Chinnaswamy Stadium,0,38,18,12.666666666666666
MG Johnson,MA Chidambaram Stadium,1,62,48,7.75
MG Johnson,Maharashtra Cricket Association Stadium,3,117,71,9.887323943661972
MG Johnson,Punjab Cricket Association IS Bindra Stadium,3,78,48,9.75
MG Johnson,Punjab Cricket Association Stadium,5,107,67,9.582089552238806
MG Johnson,Rajiv Gandhi International Stadium,5,73,66,6.636363636363637
MG Johnson,Sawai Mansingh Stadium,0,41,24,10.25
MG Johnson,Sharjah Cricket Stadium,3,55,48,6.875
MG Johnson,Sheikh Zayed Stadium,2,69,44,9.40909090909091
MG Johnson,Subrata Roy Sahara Stadium,2,8,24,2.0
MG Johnson,Wankhede Stadium,20,430,324,7.962962962962963
MG Neser,Punjab Cricket Association Stadium,0,62,24,15.5
MJ Clarke,Eden Gardens,0,14,12,7.0
MJ Clarke,Subrata Roy Sahara Stadium,3,53,54,5.888888888888889
MJ Henry,Punjab Cricket Association IS Bindra Stadium,2,31,18,10.333333333333334
MJ Henry,Wankhede Stadium,0,40,12,20.0
MJ McClenaghan,Dr. Y.S. Rajasekhara Reddy ACA-VDCA Cricket Stadium,4,88,66,8.0
MJ McClenaghan,Eden Gardens,6,74,66,6.7272727272727275
MJ McClenaghan,Feroz Shah Kotla,5,87,60,8.7
MJ McClenaghan,Green Park,0,38,23,9.91304347826087
MJ McClenaghan,Holkar Cricket Stadium,3,77,48,9.625
MJ McClenaghan,M Chinnaswamy Stadium,4,98,72,8.166666666666666
MJ McClenaghan,M.Chinnaswamy Stadium,2,58,36,9.666666666666666
MJ McClenaghan,MA Chidambaram Stadium,1,34,24,8.5
MJ McClenaghan,Maharashtra Cricket Association Stadium,4,89,72,7.416666666666667
MJ McClenaghan,Punjab Cricket Association IS Bindra Stadium,2,67,48,8.375
MJ McClenaghan,Punjab Cricket Association Stadium,0,25,24,6.25
MJ McClenaghan,Rajiv Gandhi International Stadium,4,99,93,6.387096774193548
MJ McClenaghan,Sawai Mansingh Stadium,1,32,18,10.666666666666666
MJ McClenaghan,Wankhede Stadium,39,887,600,8.87
MJ Santner,Brabourne Stadium,1,15,18,5.0
MJ Santner,Dr DY Patil Sports Academy,1,16,18,5.333333333333333
MJ Santner,Dubai International Cricket Stadium,2,53,42,7.571428571428571
MJ Santner,Eden Gardens,1,30,24,7.5
MJ Santner,MA Chidambaram Stadium,3,60,60,6.0
MJ Santner,Maharashtra Cricket Association Stadium,1,36,18,12.0
MJ Santner,Narendra Modi Stadium,0,32,24,8.0
MJ Santner,Sawai Mansingh Stadium,1,25,24,6.25
MJ Santner,Wankhede Stadium,3,91,84,6.5
MK Lomror,Arun Jaitley Stadium,0,13,6,13.0
MK Lomror,Bharat Ratna Shri Atal Bihari Vajpayee Ekana Cricket Stadium,1,4,6,4.0
MK Lomror,Dubai International Cricket Stadium,1,42,36,7.0
MK Lomror,Sawai Mansingh Stadium,0,27,18,9.0
MK Lomror,Wankhede Stadium,0,18,12,9.0
MK Lomror,Zayed Cricket Stadium,0,5,6,5.0
MK Tiwary,Eden Gardens,1,34,18,11.333333333333334
MK Tiwary,Kingsmead,0,11,6,11.0
MK Tiwary,Rajiv Gandhi International Stadium,0,10,6,10.0
MK Tiwary,Sardar Patel Stadium,0,28,12,14.0
MM Ali,Arun Jaitley Stadium,2,42,42,6.0
MM Ali,Brabourne Stadium,1,43,36,7.166666666666667
MM Ali,Dr DY Patil Sports Academy,3,42,48,5.25
MM Ali,Dubai International Cricket Stadium,3,97,84,6.928571428571429
MM Ali,Eden Gardens,2,33,12,16.5
MM Ali,Holkar Cricket Stadium,4,13,13,6.0
MM Ali,M Chinnaswamy Stadium,1,13,6,13.0
MM Ali,M.Chinnaswamy Stadium,3,78,60,7.8
MM Ali,MA Chidambaram Stadium,6,151,132,6.863636363636363
MM Ali,Maharashtra Cricket Association Stadium,2,45,36,7.5
MM Ali,Punjab Cricket Association IS Bindra Stadium,1,19,24,4.75
MM Ali,Rajiv Gandhi International Stadium,0,48,36,8.0
MM Ali,Sawai Mansingh Stadium,0,50,30,10.0
MM Ali,Sharjah Cricket Stadium,0,5,6,5.0
MM Ali,Sheikh Zayed Stadium,0,4,6,4.0
MM Ali,Wankhede Stadium,8,103,101,6.118811881188119
MM Ali,Zayed Cricket Stadium,0,23,14,9.857142857142856
MM Patel,De Beers Diamond Oval,0,3,6,3.0
MM Patel,Dr DY Patil Sports Academy,1,65,54,7.222222222222222
MM Patel,Dr. Y.S. Rajasekhara Reddy ACA-VDCA Cricket Stadium,4,20,24,5.0
MM Patel,Eden Gardens,3,54,48,6.75
MM Patel,Feroz Shah Kotla,0,113,78,8.692307692307692
MM Patel,Green Park,0,22,18,7.333333333333333
MM Patel,Kingsmead,6,36,47,4.595744680851064
MM Patel,M Chinnaswamy Stadium,4,147,102,8.647058823529411
MM Patel,MA Chidambaram Stadium,6,111,72,9.25
MM Patel,Newlands,4,49,42,7.0
MM Patel,OUTsurance Oval,2,39,24,9.75
MM Patel,Punjab Cricket Association Stadium,7,142,96,8.875
MM Patel,Rajiv Gandhi International Stadium,1,90,48,11.25
MM Patel,Sardar Patel Stadium,3,52,36,8.666666666666666
MM Patel,Sawai Mansingh Stadium,10,172,168,6.142857142857143
MM Patel,St George's Park,0,23,12,11.5
MM Patel,Subrata Roy Sahara Stadium,1,24,24,6.0
MM Patel,SuperSport Park,5,55,60,5.5
MM Patel,Wankhede Stadium,24,445,378,7.063492063492063
MM Sharma,Barabati Stadium,2,38,24,9.5
MM Sharma,Bharat Ratna Shri Atal Bihari Vajpayee Ekana Cricket Stadium,4,17,18,5.666666666666667
MM Sharma,Brabourne Stadium,3,42,24,10.5
MM Sharma,Dr. Y.S. Rajasekhara Reddy ACA-VDCA Cricket Stadium,3,65,48,8.125
MM Sharma,Dubai International Cricket Stadium,6,27,36,4.5
MM Sharma,Eden Gardens,5,208,156,8.0
MM Sharma,Feroz Shah Kotla,8,140,100,8.399999999999999
MM Sharma,Holkar Cricket Stadium,2,165,93,10.64516129032258
MM Sharma,JSCA International Stadium Complex,7,121,96,7.5625
MM Sharma,M Chinnaswamy Stadium,4,180,114,9.473684210526315
MM Sharma,M.Chinnaswamy Stadium,0,45,21,12.857142857142858
MM Sharma,MA Chidambaram Stadium,19,348,288,7.25
MM Sharma,Maharashtra Cricket Association Stadium,1,34,25,8.16
MM Sharma,Narendra Modi Stadium,21,181,140,7.757142857142857
MM Sharma,Punjab Cricket Association IS Bindra Stadium,18,453,310,8.76774193548387
MM Sharma,Rajiv Gandhi International Stadium,6,131,90,8.733333333333333
MM Sharma,Sardar Patel Stadium,0,33,24,8.25
MM Sharma,Saurashtra Cricket Association Stadium,4,57,48,7.125
MM Sharma,Sawai Mansingh Stadium,2,55,47,7.021276595744681
MM Sharma,Shaheed Veer Narayan Singh International Stadium,0,17,12,8.5
MM Sharma,Sharjah Cricket Stadium,2,27,24,6.75
MM Sharma,Sheikh Zayed Stadium,1,52,35,8.914285714285715
MM Sharma,Subrata Roy Sahara Stadium,3,21,24,5.25
MM Sharma,Wankhede Stadium,9,329,198,9.969696969696969
MN Samuels,Barabati Stadium,1,33,18,11.0
MN Samuels,Feroz Shah Kotla,0,34,18,11.333333333333334
MN Samuels,M Chinnaswamy Stadium,1,5,12,2.5
MN Samuels,MA Chidambaram Stadium,3,39,24,9.75
MN Samuels,Punjab Cricket Association Stadium,0,27,22,7.363636363636364
MN Samuels,Rajiv Gandhi International Stadium,1,34,24,8.5
MN Samuels,Subrata Roy Sahara Stadium,3,91,72,7.583333333333333
MN Samuels,Wankhede Stadium,1,21,24,5.25
MP Stoinis,Arun Jaitley Stadium,0,24,18,8.0
MP Stoinis,Bharat Ratna Shri Atal Bihari Vajpayee Ekana Cricket Stadium,2,31,24,7.75
MP Stoinis,Brabourne Stadium,1,28,18,9.333333333333334
MP Stoinis,Dr DY Patil Sports Academy,3,37,18,12.333333333333334
MP Stoinis,Dr. Y.S. Rajasekhara Reddy ACA-VDCA Cricket Stadium,4,15,24,3.75
MP Stoinis,Dubai International Cricket Stadium,2,69,49,8.448979591836736
MP Stoinis,Eden Gardens,1,72,51,8.470588235294118
MP Stoinis,Holkar Cricket Stadium,3,139,78,10.692307692307692
MP Stoinis,M.Chinnaswamy Stadium,1,61,40,9.15
MP Stoinis,MA Chidambaram Stadium,1,20,18,6.666666666666667
MP Stoinis,Narendra Modi Stadium,1,56,24,14.0
MP Stoinis,Punjab Cricket Association IS Bindra Stadium,5,158,89,10.651685393258427
MP Stoinis,Saurashtra Cricket Association Stadium,1,35,30,7.0
MP Stoinis,Sawai Mansingh Stadium,3,71,54,7.888888888888889
MP Stoinis,Sharjah Cricket Stadium,3,73,42,10.428571428571429
MP Stoinis,Sheikh Zayed Stadium,6,120,76,9.473684210526317
MP Stoinis,Wankhede Stadium,1,98,42,14.0
MR Marsh,Arun Jaitley Stadium,7,118,79,8.962025316455696
MR Marsh,Brabourne Stadium,1,36,24,9.0
MR Marsh,Dr DY Patil Sports Academy,3,96,60,9.6
MR Marsh,Dubai International Cricket Stadium,0,6,4,9.0
MR Marsh,Feroz Shah Kotla,1,19,12,9.5
MR Marsh,Himachal Pradesh Cricket Association Stadium,0,32,24,8.0
MR Marsh,M Chinnaswamy Stadium,4,111,54,12.333333333333334
MR Marsh,MA Chidambaram Stadium,5,53,42,7.571428571428571
MR Marsh,Maharashtra Cricket Association Stadium,1,26,24,6.5
MR Marsh,Punjab Cricket Association Stadium,2,26,24,6.5
MR Marsh,Rajiv Gandhi International Stadium,6,55,60,5.5
MR Marsh,Saurashtra Cricket Association Stadium,0,10,6,10.0
MR Marsh,Subrata Roy Sahara Stadium,2,41,38,6.473684210526316
MR Marsh,Wankhede Stadium,3,52,48,6.5
MS Gony,Dr DY Patil Sports Academy,1,30,24,7.5
MS Gony,Dr. Y.S. Rajasekhara Reddy ACA-VDCA Cricket Stadium,0,54,24,13.5
MS Gony,Eden Gardens,1,50,42,7.142857142857143
MS Gony,Feroz Shah Kotla,1,36,24,9.0
MS Gony,Kingsmead,1,74,42,10.571428571428571
MS Gony,M Chinnaswamy Stadium,3,81,48,10.125
MS Gony,MA Chidambaram Stadium,8,261,186,8.419354838709678
MS Gony,Nehru Stadium,1,19,18,6.333333333333333
MS Gony,New Wanderers Stadium,1,23,12,11.5
MS Gony,Newlands,2,32,24,8.0
MS Gony,Punjab Cricket Association Stadium,6,195,132,8.863636363636363
MS Gony,Rajiv Gandhi International Stadium,7,197,156,7.576923076923077
MS Gony,Saurashtra Cricket Association Stadium,0,32,12,16.0
MS Gony,Sawai Mansingh Stadium,0,25,18,8.333333333333334
MS Gony,St George's Park,1,24,18,8.0
MS Gony,Subrata Roy Sahara Stadium,2,27,24,6.75
MS Gony,SuperSport Park,0,19,6,19.0
MS Gony,Wankhede Stadium,4,88,66,8.0
MW Short,Bharat Ratna Shri Atal Bihari Vajpayee Ekana Cricket Stadium,0,10,12,5.0
MW Short,Punjab Cricket Association IS Bindra Stadium,0,8,6,8.0
MW Short,Wankhede Stadium,0,7,6,7.0
Mandeep Singh,Eden Gardens,0,18,6,18.0
Mandeep Singh,Punjab Cricket Association IS Bindra Stadium,0,8,6,8.0
Mashrafe Mortaza,New Wanderers Stadium,1,58,24,14.5
Mayank Dagar,MA Chidambaram Stadium,0,21,18,7.0
Mayank Dagar,Rajiv Gandhi International Stadium,0,25,24,6.25
Mayank Dagar,Wankhede Stadium,1,37,24,9.25
Mohammad Asif,Dr DY Patil Sports Academy,1,46,24,11.5
Mohammad Asif,Feroz Shah Kotla,1,126,72,10.5
Mohammad Asif,MA Chidambaram Stadium,1,34,24,8.5
Mohammad Asif,Punjab Cricket Association Stadium,2,39,24,9.75
Mohammad Asif,Rajiv Gandhi International Stadium,2,19,24,4.75
Mohammad Asif,Wankhede Stadium,2,32,24,8.0
Mohammad Hafeez,Eden Gardens,1,24,30,4.8
Mohammad Hafeez,MA Chidambaram Stadium,0,16,12,8.0
Mohammad Hafeez,Punjab Cricket Association Stadium,1,28,18,9.333333333333334
Mohammad Nabi,Arun Jaitley Stadium,2,42,30,8.4
Mohammad Nabi,Dr. Y.S. Rajasekhara Reddy ACA-VDCA Cricket Stadium,0,29,24,7.25
Mohammad Nabi,Green Park,0,17,18,5.666666666666667
Mohammad Nabi,M.Chinnaswamy Stadium,0,26,14,11.142857142857142
Mohammad Nabi,MA Chidambaram Stadium,2,32,24,8.0
Mohammad Nabi,Punjab Cricket Association IS Bindra Stadium,0,42,23,10.956521739130434
Mohammad Nabi,Rajiv Gandhi International Stadium,7,117,126,5.571428571428571
Mohammad Nabi,Sheikh Zayed Stadium,0,23,24,5.75
Mohammad Nabi,Wankhede Stadium,1,23,18,7.666666666666667
Mohammad Nabi,Zayed Cricket Stadium,0,33,18,11.0
Mohammed Shami,Arun Jaitley Stadium,5,62,48,7.75
Mohammed Shami,Bharat Ratna Shri Atal Bihari Vajpayee Ekana Cricket Stadium,0,18,18,6.0
Mohammed Shami,Brabourne Stadium,2,117,72,9.75
Mohammed Shami,Dr DY Patil Sports Academy,4,134,96,8.375
Mohammed Shami,Dr. Y.S. Rajasekhara Reddy ACA-VDCA Cricket Stadium,0,12,6,12.0
Mohammed Shami,Dubai International Cricket Stadium,12,286,232,7.3965517241379315
Mohammed Shami,Eden Gardens,6,173,96,10.8125
Mohammed Shami,Feroz Shah Kotla,9,427,283,9.053003533568905
Mohammed Shami,Green Park,2,36,24,9.0
Mohammed Shami,M Chinnaswamy Stadium,5,104,72,8.666666666666666
Mohammed Shami,M.Chinnaswamy Stadium,1,53,24,13.25
Mohammed Shami,MA Chidambaram Stadium,4,127,96,7.9375
Mohammed Shami,Maharashtra Cricket Association Stadium,4,55,66,5.0
Mohammed Shami,Narendra Modi Stadium,21,362,292,7.438356164383562
Mohammed Shami,Punjab Cricket Association IS Bindra Stadium,14,343,222,9.27027027027027
Mohammed Shami,Punjab Cricket Association Stadium,1,26,18,8.666666666666666
Mohammed Shami,Rajiv Gandhi International Stadium,4,94,66,8.545454545454545
Mohammed Shami,Saurashtra Cricket Association Stadium,2,31,24,7.75
Mohammed Shami,Sawai Mansingh Stadium,3,115,89,7.752808988764045
Mohammed Shami,Sharjah Cricket Stadium,16,252,168,9.0
Mohammed Shami,Sheikh Zayed Stadium,5,176,114,9.263157894736842
Mohammed Shami,Wankhede Stadium,16,323,228,8.5
Mohammed Shami,Zayed Cricket Stadium,1,42,24,10.5
Mohammed Siraj,Arun Jaitley Stadium,1,74,36,12.333333333333334
Mohammed Siraj,Bharat Ratna Shri Atal Bihari Vajpayee Ekana Cricket Stadium,1,24,18,8.0
Mohammed Siraj,Brabourne Stadium,0,86,48,10.75
Mohammed Siraj,Dr DY Patil Sports Academy,4,152,96,9.5
Mohammed Siraj,Dubai International Cricket Stadium,5,121,96,7.5625
Mohammed Siraj,Eden Gardens,2,123,72,10.25
Mohammed Siraj,Feroz Shah Kotla,2,41,24,10.25
Mohammed Siraj,Green Park,4,32,24,8.0
Mohammed Siraj,Holkar Cricket Stadium,1,17,18,5.666666666666667
Mohammed Siraj,M Chinnaswamy Stadium,12,200,168,7.142857142857143
Mohammed Siraj,M.Chinnaswamy Stadium,9,282,169,10.011834319526626
Mohammed Siraj,MA Chidambaram Stadium,3,69,78,5.3076923076923075
Mohammed Siraj,Maharashtra Cricket Association Stadium,2,163,96,10.1875
Mohammed Siraj,Narendra Modi Stadium,1,99,54,11.0
Mohammed Siraj,Punjab Cricket Association IS Bindra Stadium,5,75,48,9.375
Mohammed Siraj,Rajiv Gandhi International Stadium,9,177,138,7.695652173913044
Mohammed Siraj,Sawai Mansingh Stadium,3,68,60,6.8
Mohammed Siraj,Sharjah Cricket Stadium,3,155,108,8.61111111111111
Mohammed Siraj,Sheikh Zayed Stadium,8,93,85,6.564705882352942
Mohammed Siraj,Wankhede Stadium,6,246,168,8.785714285714286
Mohammed Siraj,Zayed Cricket Stadium,0,29,30,5.8
Mohit Rathee,Rajiv Gandhi International Stadium,0,29,12,14.5
Mohsin Khan,Bharat Ratna Shri Atal Bihari Vajpayee Ekana Cricket Stadium,1,26,18,8.666666666666666
Mohsin Khan,Brabourne Stadium,0,43,24,10.75
Mohsin Khan,Dr DY Patil Sports Academy,3,20,24,5.0
Mohsin Khan,Eden Gardens,1,40,30,8.0
Mohsin Khan,MA Chidambaram Stadium,1,24,18,8.0
Mohsin Khan,Maharashtra Cricket Association Stadium,5,48,66,4.363636363636363
Mohsin Khan,Narendra Modi Stadium,1,42,18,14.0
Mohsin Khan,Wankhede Stadium,5,61,60,6.1
Monu Kumar,Dubai International Cricket Stadium,0,20,12,10.0
Mujeeb Ur Rahman,Arun Jaitley Stadium,2,25,24,6.25
Mujeeb Ur Rahman,Dubai International Cricket Stadium,0,39,24,9.75
Mujeeb Ur Rahman,Eden Gardens,2,32,24,8.0
Mujeeb Ur Rahman,Holkar Cricket Stadium,5,92,62,8.903225806451612
Mujeeb Ur Rahman,M.Chinnaswamy Stadium,1,29,24,7.25
Mujeeb Ur Rahman,MA Chidambaram Stadium,2,29,24,7.25
Mujeeb Ur Rahman,Punjab Cricket Association IS Bindra Stadium,3,167,132,7.590909090909091
Mujeeb Ur Rahman,Rajiv Gandhi International Stadium,1,83,48,10.375
Mujeeb Ur Rahman,Sawai Mansingh Stadium,4,52,48,6.5
Mujeeb Ur Rahman,Sheikh Zayed Stadium,0,44,24,11.0
Mukesh Choudhary,Brabourne Stadium,1,132,69,11.478260869565217
Mukesh Choudhary,Dr DY Patil Sports Academy,7,111,78,8.538461538461538
Mukesh Choudhary,Maharashtra Cricket Association Stadium,5,94,60,9.4
Mukesh Choudhary,Wankhede Stadium,3,87,66,7.909090909090909
Mukesh Kumar,Arun Jaitley Stadium,6,177,96,11.0625
Mukesh Kumar,Barsapara Cricket Stadium,2,36,24,9.0
Mukesh Kumar,Bharat Ratna Shri Atal Bihari Vajpayee Ekana Cricket Stadium,0,34,24,8.5
Mukesh Kumar,Himachal Pradesh Cricket Association Stadium,1,52,24,13.0
Mukesh Kumar,Rajiv Gandhi International Stadium,0,27,18,9.0
Mustafizur Rahman,Arun Jaitley Stadium,6,129,93,8.32258064516129
Mustafizur Rahman,Brabourne Stadium,2,49,48,6.125
Mustafizur Rahman,Dr DY Patil Sports Academy,0,26,24,6.5
Mustafizur Rahman,Dr. Y.S. Rajasekhara Reddy ACA-VDCA Cricket Stadium,3,42,42,6.0
Mustafizur Rahman,Dubai International Cricket Stadium,3,76,63,7.238095238095238
Mustafizur Rahman,Eden Gardens,1,32,24,8.0
Mustafizur Rahman,Feroz Shah Kotla,0,28,24,7.0
Mustafizur Rahman,M Chinnaswamy Stadium,4,104,66,9.454545454545455
Mustafizur Rahman,Maharashtra Cricket Association Stadium,3,23,24,5.75
Mustafizur Rahman,Punjab Cricket Association IS Bindra Stadium,1,32,24,8.0
Mustafizur Rahman,Rajiv Gandhi International Stadium,11,205,180,6.833333333333333
Mustafizur Rahman,Saurashtra Cricket Association Stadium,1,19,24,4.75
Mustafizur Rahman,Sawai Mansingh Stadium,1,35,24,8.75
Mustafizur Rahman,Shaheed Veer Narayan Singh International Stadium,1,24,24,6.0
Mustafizur Rahman,Sharjah Cricket Stadium,1,63,38,9.947368421052632
Mustafizur Rahman,Wankhede Stadium,16,484,322,9.01863354037267
Mustafizur Rahman,Zayed Cricket Stadium,2,73,48,9.125
N Rana,Arun Jaitley Stadium,2,17,24,4.25
N Rana,Dr DY Patil Sports Academy,0,9,6,9.0
N Rana,Dr. Y.S. Rajasekhara Reddy ACA-VDCA Cricket Stadium,0,3,6,3.0
N Rana,Dubai International Cricket Stadium,0,23,12,11.5
N Rana,Eden Gardens,4,95,54,10.555555555555555
N Rana,M Chinnaswamy Stadium,0,8,6,8.0
N Rana,M.Chinnaswamy Stadium,1,22,12,11.0
N Rana,Punjab Cricket Association IS Bindra Stadium,1,8,6,8.0
N Rana,Rajiv Gandhi International Stadium,0,5,6,5.0
N Rana,Sawai Mansingh Stadium,2,11,12,5.5
N Rana,Sheikh Zayed Stadium,0,7,6,7.0
N Rana,Wankhede Stadium,0,31,18,10.333333333333334
N Rana,Zayed Cricket Stadium,0,5,6,5.0
NA Saini,Rajiv Gandhi International Stadium,0,34,12,17.0
NB Singh,M Chinnaswamy Stadium,0,8,12,4.0
NB Singh,Saurashtra Cricket Association Stadium,1,7,12,3.5
ND Doshi,Dr DY Patil Sports Academy,1,17,24,4.25
ND Doshi,Holkar Cricket Stadium,1,15,8,11.25
ND Doshi,MA Chidambaram Stadium,0,24,12,12.0
ND Doshi,Sawai Mansingh Stadium,0,23,12,11.5
NJ Rimmington,Dr DY Patil Sports Academy,0,19,18,6.333333333333333
NL McCullum,MA Chidambaram Stadium,0,12,12,6.0
NL McCullum,Sawai Mansingh Stadium,0,22,18,7.333333333333333
NLTC Perera,Brabourne Stadium,0,19,6,19.0
NLTC Perera,Dr. Y.S. Rajasekhara Reddy ACA-VDCA Cricket Stadium,1,77,42,11.0
NLTC Perera,Eden Gardens,0,44,24,11.0
NLTC Perera,Feroz Shah Kotla,2,76,60,7.6
NLTC Perera,M Chinnaswamy Stadium,1,75,36,12.5
NLTC Perera,Maharashtra Cricket Association Stadium,12,191,141,8.127659574468085
NLTC Perera,Nehru Stadium,4,62,48,7.75
NLTC Perera,Punjab Cricket Association IS Bindra Stadium,0,30,16,11.25
NLTC Perera,Punjab Cricket Association Stadium,1,19,24,4.75
NLTC Perera,Rajiv Gandhi International Stadium,13,237,181,7.856353591160221
NLTC Perera,Sawai Mansingh Stadium,2,45,36,7.5
NLTC Perera,Subrata Roy Sahara Stadium,0,8,6,8.0
NLTC Perera,Wankhede Stadium,0,112,54,12.444444444444445
NM Coulter-Nile,Arun Jaitley Stadium,0,35,24,8.75
NM Coulter-Nile,Brabourne Stadium,1,38,24,9.5
NM Coulter-Nile,Dr. Y.S. Rajasekhara Reddy ACA-VDCA Cricket Stadium,2,47,42,6.714285714285714
NM Coulter-Nile,Dubai International Cricket Stadium,6,97,84,6.928571428571429
NM Coulter-Nile,Eden Gardens,8,169,104,9.75
NM Coulter-Nile,Feroz Shah Kotla,9,180,141,7.659574468085107
NM Coulter-Nile,Himachal Pradesh Cricket Association Stadium,1,29,24,7.25
NM Coulter-Nile,M Chinnaswamy Stadium,4,35,42,5.0
NM Coulter-Nile,MA Chidambaram Stadium,3,30,24,7.5
NM Coulter-Nile,Maharashtra Cricket Association Stadium,0,62,36,10.333333333333334
NM Coulter-Nile,Rajiv Gandhi International Stadium,3,59,48,7.375
NM Coulter-Nile,Shaheed Veer Narayan Singh International Stadium,4,61,48,7.625
NM Coulter-Nile,Sharjah Cricket Stadium,6,85,96,5.3125
NM Coulter-Nile,Sheikh Zayed Stadium,1,51,24,12.75
NM Coulter-Nile,Wankhede Stadium,2,30,24,7.5
NM Coulter-Nile,Zayed Cricket Stadium,2,59,48,7.375
NT Ellis,Arun Jaitley Stadium,2,26,24,6.5
NT Ellis,Barsapara Cricket Stadium,4,30,24,7.5
NT Ellis,Brabourne Stadium,0,15,12,7.5
NT Ellis,Dubai International Cricket Stadium,0,46,24,11.5
NT Ellis,Eden Gardens,1,29,24,7.25
NT Ellis,Himachal Pradesh Cricket Association Stadium,1,80,48,10.0
NT Ellis,Punjab Cricket Association IS Bindra Stadium,4,102,66,9.272727272727273
NT Ellis,Rajiv Gandhi International Stadium,0,28,18,9.333333333333334
NT Ellis,Sharjah Cricket Stadium,0,32,24,8.0
NT Ellis,Wankhede Stadium,5,84,48,10.5
NT Ellis,Zayed Cricket Stadium,1,12,18,4.0
Navdeep Saini,Arun Jaitley Stadium,1,44,24,11.0
Navdeep Saini,Dr DY Patil Sports Academy,2,36,18,12.0
Navdeep Saini,Dubai International Cricket Stadium,3,177,132,8.045454545454545
Navdeep Saini,Eden Gardens,1,31,24,7.75
Navdeep Saini,Himachal Pradesh Cricket Association Stadium,3,40,24,10.0
Navdeep Saini,M.Chinnaswamy Stadium,10,194,144,8.083333333333334
Navdeep Saini,MA Chidambaram Stadium,0,24,24,6.0
Navdeep Saini,Punjab Cricket Association IS Bindra Stadium,0,23,24,5.75
Navdeep Saini,Sawai Mansingh Stadium,0,35,24,8.75
Navdeep Saini,Sharjah Cricket Stadium,2,93,66,8.454545454545455
Navdeep Saini,Sheikh Zayed Stadium,2,91,64,8.53125
Navdeep Saini,Wankhede Stadium,1,97,48,12.125
Naveen-ul-Haq,Bharat Ratna Shri Atal Bihari Vajpayee Ekana Cricket Stadium,4,90,72,7.5
Naveen-ul-Haq,Eden Gardens,0,46,24,11.5
Naveen-ul-Haq,MA Chidambaram Stadium,4,38,24,9.5
Naveen-ul-Haq,Punjab Cricket Association IS Bindra Stadium,3,30,24,7.5
Naveen-ul-Haq,Sawai Mansingh Stadium,0,19,24,4.75
Nithish Kumar Reddy,Rajiv Gandhi International Stadium,0,19,12,9.5
Nithish Kumar Reddy,Wankhede Stadium,0,35,18,11.666666666666666
Noor Ahmad,Bharat Ratna Shri Atal Bihari Vajpayee Ekana Cricket Stadium,2,18,24,4.5
Noor Ahmad,Eden Gardens,2,21,24,5.25
Noor Ahmad,M Chinnaswamy Stadium,2,39,24,9.75
Noor Ahmad,MA Chidambaram Stadium,1,29,24,7.25
Noor Ahmad,Narendra Modi Stadium,7,199,145,8.23448275862069
Noor Ahmad,Sawai Mansingh Stadium,2,25,18,8.333333333333334
Noor Ahmad,Wankhede Stadium,0,38,24,9.5
O Thomas,Arun Jaitley Stadium,0,13,6,13.0
O Thomas,Eden Gardens,1,32,24,8.0
O Thomas,Sawai Mansingh Stadium,2,28,24,7.0
OC McCoy,Brabourne Stadium,6,96,70,8.22857142857143
OC McCoy,Eden Gardens,1,40,24,10.0
OC McCoy,Narendra Modi Stadium,3,49,43,6.837209302325581
OC McCoy,Sawai Mansingh Stadium,0,13,6,13.0
OC McCoy,Wankhede Stadium,1,56,18,18.666666666666668
OF Smith,Brabourne Stadium,2,49,30,9.8
OF Smith,Dr DY Patil Sports Academy,0,60,30,12.0
OF Smith,Maharashtra Cricket Association Stadium,4,30,18,10.0
OF Smith,Wankhede Stadium,1,39,12,19.5
P Amarnath,Feroz Shah Kotla,0,35,18,11.666666666666666
P Amarnath,M Chinnaswamy Stadium,2,38,24,9.5
P Amarnath,MA Chidambaram Stadium,4,121,66,11.0
P Amarnath,Punjab Cricket Association Stadium,1,42,24,10.5
P Awana,Barabati Stadium,1,20,12,10.0
P Awana,Eden Gardens,1,33,24,8.25
P Awana,Feroz Shah Kotla,4,43,48,5.375
P Awana,Himachal Pradesh Cricket Association Stadium,4,109,90,7.266666666666667
P Awana,M Chinnaswamy Stadium,3,130,69,11.304347826086957
P Awana,MA Chidambaram Stadium,2,63,48,7.875
P Awana,Punjab Cricket Association Stadium,16,380,270,8.444444444444445
P Awana,Rajiv Gandhi International Stadium,2,27,24,6.75
P Awana,Sawai Mansingh Stadium,1,35,24,8.75
P Awana,Sharjah Cricket Stadium,2,40,24,10.0
P Awana,Sheikh Zayed Stadium,1,35,18,11.666666666666666
P Awana,Subrata Roy Sahara Stadium,2,16,24,4.0
P Awana,Wankhede Stadium,4,98,72,8.166666666666666
P Dubey,Arun Jaitley Stadium,1,19,18,6.333333333333333
P Dubey,Dubai International Cricket Stadium,0,58,36,9.666666666666666
P Dubey,Sheikh Zayed Stadium,0,14,12,7.0
P Kumar,Brabourne Stadium,1,104,72,8.666666666666666
P Kumar,Dr DY Patil Sports Academy,3,75,60,7.5
P Kumar,Dr. Y.S. Rajasekhara Reddy ACA-VDCA Cricket Stadium,2,86,60,8.6
P Kumar,Eden Gardens,5,169,144,7.041666666666667
P Kumar,Feroz Shah Kotla,4,171,140,7.328571428571429
P Kumar,Green Park,4,58,60,5.8
P Kumar,Himachal Pradesh Cricket Association Stadium,5,154,150,6.16
P Kumar,Kingsmead,6,123,94,7.851063829787234
P Kumar,M Chinnaswamy Stadium,19,565,392,8.64795918367347
P Kumar,MA Chidambaram Stadium,2,146,90,9.733333333333333
P Kumar,Maharashtra Cricket Association Stadium,1,37,24,9.25
P Kumar,New Wanderers Stadium,4,114,90,7.6
P Kumar,Newlands,3,44,42,6.285714285714286
P Kumar,Punjab Cricket Association IS Bindra Stadium,0,25,24,6.25
P Kumar,Punjab Cricket Association Stadium,16,533,456,7.0131578947368425
P Kumar,Rajiv Gandhi International Stadium,7,156,144,6.5
P Kumar,Saurashtra Cricket Association Stadium,3,180,107,10.093457943925234
P Kumar,Sawai Mansingh Stadium,2,80,72,6.666666666666667
P Kumar,Shaheed Veer Narayan Singh International Stadium,0,34,12,17.0
P Kumar,St George's Park,2,37,24,9.25
P Kumar,Subrata Roy Sahara Stadium,3,58,48,7.25
P Kumar,SuperSport Park,1,76,48,9.5
P Kumar,Wankhede Stadium,9,226,171,7.9298245614035086
P Negi,Eden Gardens,3,56,54,6.222222222222222
P Negi,Feroz Shah Kotla,5,110,66,10.0
P Negi,Holkar Cricket Stadium,0,7,6,7.0
P Negi,JSCA International Stadium Complex,1,42,30,8.4
P Negi,M Chinnaswamy Stadium,5,132,97,8.164948453608247
P Negi,M.Chinnaswamy Stadium,6,107,73,8.794520547945206
P Negi,MA Chidambaram Stadium,2,121,84,8.642857142857142
P Negi,Maharashtra Cricket Association Stadium,1,18,24,4.5
P Negi,Punjab Cricket Association Stadium,2,25,24,6.25
P Negi,Rajiv Gandhi International Stadium,1,20,12,10.0
P Negi,Saurashtra Cricket Association Stadium,1,21,24,5.25
P Negi,Sawai Mansingh Stadium,4,46,48,5.75
P Negi,Shaheed Veer Narayan Singh International Stadium,3,47,36,7.833333333333333
P Negi,Sheikh Zayed Stadium,0,37,18,12.333333333333334
P Negi,Subrata Roy Sahara Stadium,1,40,48,5.0
P Negi,Wankhede Stadium,3,110,72,9.166666666666666
P Parameswaran,Feroz Shah Kotla,5,59,42,8.428571428571429
P Parameswaran,Holkar Cricket Stadium,2,43,33,7.818181818181818
P Parameswaran,M Chinnaswamy Stadium,1,89,37,14.432432432432432
P Parameswaran,Nehru Stadium,0,21,24,5.25
P Parameswaran,Rajiv Gandhi International Stadium,1,12,18,4.0
P Prasanth,Holkar Cricket Stadium,0,18,6,18.0
P Ray Barman,Rajiv Gandhi International Stadium,0,56,24,14.0
P Sahu,Feroz Shah Kotla,0,27,15,10.8
P Sahu,Punjab Cricket Association IS Bindra Stadium,3,119,90,7.933333333333334
P Suyal,Sardar Patel Stadium,0,45,24,11.25
P Suyal,Wankhede Stadium,2,106,72,8.833333333333334
PC Valthaty,Eden Gardens,0,13,12,6.5
PC Valthaty,Feroz Shah Kotla,0,13,6,13.0
PC Valthaty,Himachal Pradesh Cricket Association Stadium,3,88,72,7.333333333333333
PC Valthaty,Punjab Cricket Association Stadium,0,36,25,8.639999999999999
PC Valthaty,Rajiv Gandhi International Stadium,4,29,24,7.25
PC Valthaty,Sawai Mansingh Stadium,0,16,6,16.0
PC Valthaty,Wankhede Stadium,0,10,6,10.0
PD Collingwood,Brabourne Stadium,0,27,24,6.75
PD Collingwood,Eden Gardens,0,19,12,9.5
PD Collingwood,Feroz Shah Kotla,5,55,53,6.226415094339623
PH Solanki,Brabourne Stadium,2,20,12,10.0
PH Solanki,Wankhede Stadium,0,18,24,4.5
PJ Cummins,Brabourne Stadium,2,141,71,11.915492957746478
PJ Cummins,Dr DY Patil Sports Academy,4,22,24,5.5
PJ Cummins,Dubai International Cricket Stadium,7,78,66,7.090909090909091
PJ Cummins,Eden Gardens,3,105,66,9.545454545454545
PJ Cummins,Feroz Shah Kotla,10,203,144,8.458333333333334
PJ Cummins,Green Park,1,38,24,9.5
PJ Cummins,M Chinnaswamy Stadium,0,18,12,9.0
PJ Cummins,M.Chinnaswamy Stadium,1,29,24,7.25
PJ Cummins,MA Chidambaram Stadium,4,113,96,7.0625
PJ Cummins,Maharashtra Cricket Association Stadium,4,73,43,10.186046511627907
PJ Cummins,Narendra Modi Stadium,5,55,42,7.857142857142857
PJ Cummins,Rajiv Gandhi International Stadium,0,37,24,9.25
PJ Cummins,Sharjah Cricket Stadium,0,118,72,9.833333333333334
PJ Cummins,Sheikh Zayed Stadium,4,185,150,7.4
PJ Cummins,Wankhede Stadium,2,114,71,9.633802816901408
PJ Sangwan,Brabourne Stadium,5,77,66,7.0
PJ Sangwan,Buffalo Park,1,18,24,4.5
PJ Sangwan,Dr DY Patil Sports Academy,1,44,36,7.333333333333333
PJ Sangwan,Eden Gardens,2,59,42,8.428571428571429
PJ Sangwan,Feroz Shah Kotla,9,235,150,9.4
PJ Sangwan,Green Park,2,72,42,10.285714285714286
PJ Sangwan,Kingsmead,8,75,72,6.25
PJ Sangwan,M Chinnaswamy Stadium,1,117,54,13.0
PJ Sangwan,MA Chidambaram Stadium,1,40,24,10.0
PJ Sangwan,Maharashtra Cricket Association Stadium,2,38,24,9.5
PJ Sangwan,New Wanderers Stadium,2,73,36,12.166666666666666
PJ Sangwan,Newlands,0,19,12,9.5
PJ Sangwan,OUTsurance Oval,1,42,24,10.5
PJ Sangwan,Punjab Cricket Association IS Bindra Stadium,1,49,30,9.8
PJ Sangwan,Punjab Cricket Association Stadium,1,32,24,8.0
PJ Sangwan,Rajiv Gandhi International Stadium,0,64,36,10.666666666666666
PJ Sangwan,Sardar Patel Stadium,1,20,24,5.0
PJ Sangwan,Sawai Mansingh Stadium,0,33,24,8.25
PJ Sangwan,St George's Park,1,32,24,8.0
PJ Sangwan,SuperSport Park,5,101,88,6.886363636363637
PM Sarvesh Kumar,Feroz Shah Kotla,0,24,18,8.0
PM Sarvesh Kumar,Rajiv Gandhi International Stadium,1,18,12,9.0
PP Chawla,Arun Jaitley Stadium,4,55,48,6.875
PP Chawla,Barabati Stadium,4,75,66,6.818181818181818
PP Chawla,Bharat Ratna Shri Atal Bihari Vajpayee Ekana Cricket Stadium,1,26,18,8.666666666666666
PP Chawla,Brabourne Stadium,1,44,24,11.0
PP Chawla,De Beers Diamond Oval,1,26,18,8.666666666666666
PP Chawla,Dr DY Patil Sports Academy,0,12,6,12.0
PP Chawla,Dr. Y.S. Rajasekhara Reddy ACA-VDCA Cricket Stadium,0,15,6,15.0
PP Chawla,Dubai International Cricket Stadium,6,110,75,8.8
PP Chawla,Eden Gardens,43,956,703,8.15931721194879
PP Chawla,Feroz Shah Kotla,6,166,126,7.904761904761905
PP Chawla,Himachal Pradesh Cricket Association Stadium,13,237,198,7.181818181818182
PP Chawla,Holkar Cricket Stadium,1,46,36,7.666666666666667
PP Chawla,JSCA International Stadium Complex,0,31,18,10.333333333333334
PP Chawla,Kingsmead,5,125,114,6.578947368421052
PP Chawla,M Chinnaswamy Stadium,15,341,246,8.317073170731707
PP Chawla,M.Chinnaswamy Stadium,0,54,42,7.714285714285714
PP Chawla,MA Chidambaram Stadium,12,244,186,7.870967741935484
PP Chawla,Maharashtra Cricket Association Stadium,1,91,66,8.272727272727273
PP Chawla,Narendra Modi Stadium,3,79,42,11.285714285714286
PP Chawla,New Wanderers Stadium,0,20,24,5.0
PP Chawla,Newlands,2,34,29,7.03448275862069
PP Chawla,OUTsurance Oval,0,16,18,5.333333333333333
PP Chawla,Punjab Cricket Association IS Bindra Stadium,3,90,66,8.181818181818182
PP Chawla,Punjab Cricket Association Stadium,24,708,558,7.612903225806452
PP Chawla,Rajiv Gandhi International Stadium,10,240,168,8.571428571428571
PP Chawla,Saurashtra Cricket Association Stadium,1,33,24,8.25
PP Chawla,Sawai Mansingh Stadium,3,146,128,6.84375
PP Chawla,Sharjah Cricket Stadium,1,55,24,13.75
PP Chawla,Sheikh Zayed Stadium,5,87,84,6.214285714285714
PP Chawla,St George's Park,2,27,24,6.75
PP Chawla,Subrata Roy Sahara Stadium,1,33,36,5.5
PP Chawla,SuperSport Park,2,60,42,8.571428571428571
PP Chawla,Wankhede Stadium,15,386,287,8.069686411149826
PP Chawla,Zayed Cricket Stadium,1,38,24,9.5
PP Ojha,Barabati Stadium,3,92,72,7.666666666666667
PP Ojha,Brabourne Stadium,4,60,42,8.571428571428571
PP Ojha,Buffalo Park,0,26,24,6.5
PP Ojha,De Beers Diamond Oval,4,49,45,6.533333333333333
PP Ojha,Dr DY Patil Sports Academy,6,141,131,6.458015267175573
PP Ojha,Dr. Y.S. Rajasekhara Reddy ACA-VDCA Cricket Stadium,0,39,24,9.75
PP Ojha,Dubai International Cricket Stadium,1,105,66,9.545454545454545
PP Ojha,Eden Gardens,8,216,174,7.448275862068965
PP Ojha,Feroz Shah Kotla,5,76,66,6.909090909090909
PP Ojha,Himachal Pradesh Cricket Association Stadium,1,44,30,8.8
PP Ojha,Kingsmead,7,58,60,5.8
PP Ojha,M Chinnaswamy Stadium,4,52,48,6.5
PP Ojha,MA Chidambaram Stadium,12,109,120,5.45
PP Ojha,New Wanderers Stadium,3,64,54,7.111111111111111
PP Ojha,Newlands,3,41,48,5.125
PP Ojha,Punjab Cricket Association Stadium,2,58,48,7.25
PP Ojha,Rajiv Gandhi International Stadium,5,274,215,7.6465116279069765
PP Ojha,Sardar Patel Stadium,3,70,42,10.0
PP Ojha,Sawai Mansingh Stadium,2,78,48,9.75
PP Ojha,Sharjah Cricket Stadium,0,26,24,6.5
PP Ojha,Sheikh Zayed Stadium,0,36,24,9.0
PP Ojha,St George's Park,1,27,24,6.75
PP Ojha,Subrata Roy Sahara Stadium,1,52,42,7.428571428571429
PP Ojha,SuperSport Park,3,83,66,7.545454545454546
PP Ojha,Vidarbha Cricket Association Stadium,4,79,60,7.9
PP Ojha,Wankhede Stadium,17,377,302,7.490066225165562
PV Tambe,Brabourne Stadium,1,32,24,8.0
PV Tambe,Dr. Y.S. Rajasekhara Reddy ACA-VDCA Cricket Stadium,2,21,24,5.25
PV Tambe,Dubai International Cricket Stadium,1,27,24,6.75
PV Tambe,Eden Gardens,0,15,12,7.5
PV Tambe,Feroz Shah Kotla,3,60,48,7.5
PV Tambe,JSCA International Stadium Complex,0,34,24,8.5
PV Tambe,M Chinnaswamy Stadium,1,63,36,10.5
PV Tambe,MA Chidambaram Stadium,0,24,18,8.0
PV Tambe,Maharashtra Cricket Association Stadium,0,15,18,5.0
PV Tambe,Punjab Cricket Association Stadium,0,36,24,9.0
PV Tambe,Rajiv Gandhi International Stadium,0,20,18,6.666666666666667
PV Tambe,Sardar Patel Stadium,7,168,132,7.636363636363637
PV Tambe,Saurashtra Cricket Association Stadium,3,74,54,8.222222222222221
PV Tambe,Sawai Mansingh Stadium,0,30,24,7.5
PV Tambe,Sharjah Cricket Stadium,0,26,24,6.5
PV Tambe,Sheikh Zayed Stadium,4,43,48,5.375
PV Tambe,Wankhede Stadium,3,75,48,9.375
PVD Chameera,Brabourne Stadium,3,132,66,12.0
PVD Chameera,Dr DY Patil Sports Academy,2,31,18,10.333333333333334
PVD Chameera,Eden Gardens,0,54,24,13.5
PVD Chameera,Maharashtra Cricket Association Stadium,3,65,66,5.909090909090909
PVD Chameera,Wankhede Stadium,3,102,90,6.8
PWH de Silva,Arun Jaitley Stadium,0,32,24,8.0
PWH de Silva,Bharat Ratna Shri Atal Bihari Vajpayee Ekana Cricket Stadium,1,20,24,5.0
PWH de Silva,Brabourne Stadium,4,50,54,5.555555555555555
PWH de Silva,Dr DY Patil Sports Academy,7,115,78,8.846153846153847
PWH de Silva,Eden Gardens,1,42,24,10.5
PWH de Silva,M Chinnaswamy Stadium,4,114,78,8.76923076923077
PWH de Silva,Maharashtra Cricket Association Stadium,5,82,66,7.454545454545454
PWH de Silva,Narendra Modi Stadium,1,26,24,6.5
PWH de Silva,Punjab Cricket Association IS Bindra Stadium,2,39,24,9.75
PWH de Silva,Sharjah Cricket Stadium,0,40,24,10.0
PWH de Silva,Wankhede Stadium,11,168,120,8.4
PWH de Silva,Zayed Cricket Stadium,0,20,12,10.0
Pankaj Singh,Feroz Shah Kotla,2,25,24,6.25
Pankaj Singh,Kingsmead,0,34,18,11.333333333333334
Pankaj Singh,M Chinnaswamy Stadium,2,72,48,9.0
Pankaj Singh,MA Chidambaram Stadium,0,30,24,7.5
Pankaj Singh,Punjab Cricket Association Stadium,0,48,18,16.0
Pankaj Singh,Rajiv Gandhi International Stadium,0,14,12,7.0
Pankaj Singh,Sawai Mansingh Stadium,5,214,132,9.727272727272727
Pankaj Singh,St George's Park,2,31,24,7.75
Parvez Rasool,Eden Gardens,0,22,6,22.0
Parvez Rasool,JSCA International Stadium Complex,0,35,24,8.75
Parvez Rasool,M Chinnaswamy Stadium,1,96,60,9.6
Parvez Rasool,MA Chidambaram Stadium,0,11,6,11.0
Parvez Rasool,Rajiv Gandhi International Stadium,1,59,48,7.375
Parvez Rasool,Shaheed Veer Narayan Singh International Stadium,1,20,24,5.0
Parvez Rasool,Subrata Roy Sahara Stadium,1,28,30,5.6
R Ashwin,Arun Jaitley Stadium,1,45,42,6.428571428571429
R Ashwin,Barabati Stadium,0,38,12,19.0
R Ashwin,Barsapara Cricket Stadium,4,50,48,6.25
R Ashwin,Brabourne Stadium,4,116,96,7.25
R Ashwin,Dr DY Patil Sports Academy,4,183,168,6.535714285714286
R Ashwin,Dr. Y.S. Rajasekhara Reddy ACA-VDCA Cricket Stadium,5,85,90,5.666666666666667
R Ashwin,Dubai International Cricket Stadium,12,299,268,6.694029850746269
R Ashwin,Eden Gardens,10,330,252,7.857142857142857
R Ashwin,Feroz Shah Kotla,7,159,128,7.453125
R Ashwin,Himachal Pradesh Cricket Association Stadium,1,47,48,5.875
R Ashwin,Holkar Cricket Stadium,1,98,70,8.4
R Ashwin,JSCA International Stadium Complex,5,118,120,5.9
R Ashwin,Kingsmead,2,13,24,3.25
R Ashwin,M Chinnaswamy Stadium,4,190,138,8.26086956521739
R Ashwin,M.Chinnaswamy Stadium,3,45,48,5.625
R Ashwin,MA Chidambaram Stadium,52,887,885,6.013559322033898
R Ashwin,Maharashtra Cricket Association Stadium,6,175,144,7.291666666666667
R Ashwin,Narendra Modi Stadium,1,100,66,9.090909090909092
R Ashwin,Nehru Stadium,2,31,24,7.75
R Ashwin,Punjab Cricket Association IS Bindra Stadium,10,337,264,7.659090909090909
R Ashwin,Punjab Cricket Association Stadium,2,73,66,6.636363636363637
R Ashwin,Rajiv Gandhi International Stadium,5,128,120,6.4
R Ashwin,Sardar Patel Stadium,0,21,12,10.5
R Ashwin,Saurashtra Cricket Association Stadium,0,26,24,6.5
R Ashwin,Sawai Mansingh Stadium,11,248,192,7.75
R Ashwin,Shaheed Veer Narayan Singh International Stadium,0,24,24,6.0
R Ashwin,Sharjah Cricket Stadium,6,187,149,7.530201342281879
R Ashwin,Sheikh Zayed Stadium,6,175,120,8.75
R Ashwin,Subrata Roy Sahara Stadium,2,39,36,6.5
R Ashwin,Vidarbha Cricket Association Stadium,2,13,24,3.25
R Ashwin,Wankhede Stadium,17,541,414,7.840579710144928
R Ashwin,Zayed Cricket Stadium,1,20,24,5.0
R Bhatia,Barabati Stadium,2,26,24,6.5
R Bhatia,Brabourne Stadium,0,23,12,11.5
R Bhatia,Buffalo Park,4,15,24,3.75
R Bhatia,Dr DY Patil Sports Academy,1,33,24,8.25
R Bhatia,Dr. Y.S. Rajasekhara Reddy ACA-VDCA Cricket Stadium,0,26,18,8.666666666666666
R Bhatia,Dubai International Cricket Stadium,3,13,24,3.25
R Bhatia,Eden Gardens,23,461,384,7.203125
R Bhatia,Feroz Shah Kotla,7,242,198,7.333333333333333
R Bhatia,Holkar Cricket Stadium,0,20,12,10.0
R Bhatia,JSCA International Stadium Complex,1,70,54,7.777777777777778
R Bhatia,Kingsmead,4,50,40,7.5
R Bhatia,M Chinnaswamy Stadium,0,145,84,10.357142857142858
R Bhatia,MA Chidambaram Stadium,3,129,102,7.588235294117647
R Bhatia,Maharashtra Cricket Association Stadium,5,122,108,6.777777777777778
R Bhatia,Nehru Stadium,1,22,18,7.333333333333333
R Bhatia,New Wanderers Stadium,2,30,24,7.5
R Bhatia,OUTsurance Oval,0,22,18,7.333333333333333
R Bhatia,Punjab Cricket Association Stadium,3,58,54,6.444444444444445
R Bhatia,Rajiv Gandhi International Stadium,5,77,66,7.0
R Bhatia,Sardar Patel Stadium,5,110,84,7.857142857142857
R Bhatia,Saurashtra Cricket Association Stadium,0,30,18,10.0
R Bhatia,Sawai Mansingh Stadium,3,60,48,7.5
R Bhatia,Shaheed Veer Narayan Singh International Stadium,0,21,12,10.5
R Bhatia,Sharjah Cricket Stadium,0,38,18,12.666666666666666
R Bhatia,Sheikh Zayed Stadium,3,29,30,5.8
R Bhatia,Subrata Roy Sahara Stadium,3,49,48,6.125
R Bhatia,SuperSport Park,1,29,24,7.25
R Bhatia,Wankhede Stadium,2,41,42,5.857142857142857
R Dhawan,Arun Jaitley Stadium,0,10,6,10.0
R Dhawan,Barabati Stadium,1,55,36,9.166666666666666
R Dhawan,Brabourne Stadium,2,36,24,9.0
R Dhawan,Dr DY Patil Sports Academy,1,43,36,7.166666666666667
R Dhawan,Dr. Y.S. Rajasekhara Reddy ACA-VDCA Cricket Stadium,1,21,18,7.0
R Dhawan,Dubai International Cricket Stadium,2,14,24,3.5
R Dhawan,Eden Gardens,1,95,66,8.636363636363637
R Dhawan,Feroz Shah Kotla,0,42,24,10.5
R Dhawan,Himachal Pradesh Cricket Association Stadium,1,26,24,6.5
R Dhawan,Maharashtra Cricket Association Stadium,0,36,30,7.2
R Dhawan,Punjab Cricket Association IS Bindra Stadium,1,35,24,8.75
R Dhawan,Punjab Cricket Association Stadium,6,114,102,6.705882352941177
R Dhawan,Rajiv Gandhi International Stadium,3,77,48,9.625
R Dhawan,Sawai Mansingh Stadium,0,20,12,10.0
R Dhawan,Sharjah Cricket Stadium,1,23,14,9.857142857142856
R Dhawan,Sheikh Zayed Stadium,2,45,42,6.428571428571429
R Dhawan,Wankhede Stadium,5,164,114,8.631578947368421
R Goyal,MA Chidambaram Stadium,0,33,24,8.25
R McLaren,Brabourne Stadium,4,161,114,8.473684210526315
R McLaren,Dr DY Patil Sports Academy,1,50,36,8.333333333333334
R McLaren,Eden Gardens,0,26,18,8.666666666666666
R McLaren,Himachal Pradesh Cricket Association Stadium,0,24,12,12.0
R McLaren,M Chinnaswamy Stadium,3,95,66,8.636363636363637
R McLaren,MA Chidambaram Stadium,0,25,18,8.333333333333334
R McLaren,Punjab Cricket Association Stadium,1,68,48,8.5
R McLaren,Rajiv Gandhi International Stadium,2,33,18,11.0
R McLaren,Wankhede Stadium,3,60,24,15.0
R Ninan,MA Chidambaram Stadium,2,31,18,10.333333333333334
R Ninan,Rajiv Gandhi International Stadium,1,34,18,11.333333333333334
R Parag,Arun Jaitley Stadium,0,14,6,14.0
R Parag,Dr DY Patil Sports Academy,1,23,12,11.5
R Parag,Dubai International Cricket Stadium,0,34,13,15.692307692307693
R Parag,Eden Gardens,0,7,6,7.0
R Parag,Maharashtra Cricket Association Stadium,0,14,6,14.0
R Parag,Sawai Mansingh Stadium,1,90,66,8.181818181818182
R Parag,Sheikh Zayed Stadium,0,13,6,13.0
R Parag,Wankhede Stadium,2,75,36,12.5
R Powell,Barsapara Cricket Stadium,1,18,12,9.0
R Powell,Brabourne Stadium,0,17,6,17.0
R Rampaul,Feroz Shah Kotla,0,35,24,8.75
R Rampaul,JSCA International Stadium Complex,1,17,24,4.25
R Rampaul,M Chinnaswamy Stadium,6,81,70,6.942857142857143
R Rampaul,MA Chidambaram Stadium,3,31,24,7.75
R Rampaul,Punjab Cricket Association Stadium,1,27,24,6.75
R Rampaul,Sawai Mansingh Stadium,2,28,24,7.0
R Rampaul,Sheikh Zayed Stadium,1,16,24,4.0
R Rampaul,Wankhede Stadium,1,35,24,8.75
R Sai Kishore,Eden Gardens,1,43,24,10.75
R Sai Kishore,Maharashtra Cricket Association Stadium,2,7,12,3.5
R Sai Kishore,Narendra Modi Stadium,2,20,12,10.0
R Sai Kishore,Wankhede Stadium,1,51,48,6.375
R Sanjay Yadav,Wankhede Stadium,0,23,12,11.5
R Sathish,Brabourne Stadium,2,51,18,17.0
R Sathish,Eden Gardens,1,11,12,5.5
R Sathish,Feroz Shah Kotla,0,9,6,9.0
R Sathish,MA Chidambaram Stadium,1,31,18,10.333333333333334
R Sathish,Maharashtra Cricket Association Stadium,2,20,18,6.666666666666667
R Sathish,Punjab Cricket Association Stadium,0,39,24,9.75
R Sathish,Rajiv Gandhi International Stadium,0,12,12,6.0
R Sathish,Sawai Mansingh Stadium,0,5,7,4.285714285714286
R Sathish,Wankhede Stadium,0,54,24,13.5
R Sharma,Barabati Stadium,2,42,24,10.5
R Sharma,Brabourne Stadium,1,24,18,8.0
R Sharma,Dr DY Patil Sports Academy,8,171,174,5.896551724137931
R Sharma,Feroz Shah Kotla,1,81,54,9.0
R Sharma,Himachal Pradesh Cricket Association Stadium,1,18,18,6.0
R Sharma,M Chinnaswamy Stadium,2,62,36,10.333333333333334
R Sharma,MA Chidambaram Stadium,2,79,72,6.583333333333333
R Sharma,Maharashtra Cricket Association Stadium,2,21,24,5.25
R Sharma,Punjab Cricket Association Stadium,3,62,60,6.2
R Sharma,Rajiv Gandhi International Stadium,2,45,48,5.625
R Sharma,Sardar Patel Stadium,0,30,22,8.181818181818182
R Sharma,Sawai Mansingh Stadium,3,82,66,7.454545454545454
R Sharma,Shaheed Veer Narayan Singh International Stadium,1,23,18,7.666666666666667
R Sharma,Sharjah Cricket Stadium,1,33,18,11.0
R Sharma,Subrata Roy Sahara Stadium,11,252,204,7.411764705882353
R Sharma,Wankhede Stadium,2,57,66,5.181818181818182
R Shepherd,Dr DY Patil Sports Academy,3,42,24,10.5
R Shepherd,Maharashtra Cricket Association Stadium,1,33,24,8.25
R Shepherd,Wankhede Stadium,0,23,6,23.0
R Shukla,Feroz Shah Kotla,3,71,42,10.142857142857142
R Shukla,M Chinnaswamy Stadium,1,41,24,10.25
R Shukla,MA Chidambaram Stadium,0,24,12,12.0
R Shukla,Sardar Patel Stadium,1,44,24,11.0
R Shukla,Sawai Mansingh Stadium,2,28,18,9.333333333333334
R Tewatia,Arun Jaitley Stadium,2,122,84,8.714285714285714
R Tewatia,Bharat Ratna Shri Atal Bihari Vajpayee Ekana Cricket Stadium,0,8,6,8.0
R Tewatia,Brabourne Stadium,0,35,12,17.5
R Tewatia,Dr DY Patil Sports Academy,1,19,12,9.5
R Tewatia,Dubai International Cricket Stadium,6,222,174,7.655172413793103
R Tewatia,Eden Gardens,3,18,18,6.0
R Tewatia,M Chinnaswamy Stadium,1,17,18,5.666666666666667
R Tewatia,M.Chinnaswamy Stadium,0,26,18,8.666666666666666
R Tewatia,Maharashtra Cricket Association Stadium,0,59,42,8.428571428571429
R Tewatia,Narendra Modi Stadium,0,7,7,6.0
R Tewatia,Punjab Cricket Association IS Bindra Stadium,3,42,48,5.25
R Tewatia,Punjab Cricket Association Stadium,2,24,24,6.0
R Tewatia,Sardar Patel Stadium,0,18,12,9.0
R Tewatia,Sawai Mansingh Stadium,0,29,24,7.25
R Tewatia,Sharjah Cricket Stadium,6,87,60,8.7
R Tewatia,Sheikh Zayed Stadium,1,106,102,6.235294117647059
R Tewatia,Wankhede Stadium,5,185,122,9.098360655737705
R Tewatia,Zayed Cricket Stadium,4,56,42,8.0
R Vinay Kumar,Brabourne Stadium,3,25,24,6.25
R Vinay Kumar,Dr DY Patil Sports Academy,1,40,30,8.0
R Vinay Kumar,Dr. Y.S. Rajasekhara Reddy ACA-VDCA Cricket Stadium,2,33,24,8.25
R Vinay Kumar,Dubai International Cricket Stadium,1,35,24,8.75
R Vinay Kumar,Eden Gardens,13,264,189,8.380952380952381
R Vinay Kumar,Feroz Shah Kotla,5,194,126,9.238095238095237
R Vinay Kumar,Green Park,2,17,18,5.666666666666667
R Vinay Kumar,Holkar Cricket Stadium,0,28,18,9.333333333333334
R Vinay Kumar,JSCA International Stadium Complex,2,43,38,6.7894736842105265
R Vinay Kumar,Kingsmead,2,34,24,8.5
R Vinay Kumar,M Chinnaswamy Stadium,30,648,481,8.083160083160083
R Vinay Kumar,MA Chidambaram Stadium,5,228,124,11.032258064516128
R Vinay Kumar,Nehru Stadium,9,136,112,7.285714285714286
R Vinay Kumar,New Wanderers Stadium,4,100,72,8.333333333333334
R Vinay Kumar,Newlands,0,25,18,8.333333333333334
R Vinay Kumar,Punjab Cricket Association Stadium,5,140,96,8.75
R Vinay Kumar,Rajiv Gandhi International Stadium,7,70,66,6.363636363636363
R Vinay Kumar,Sardar Patel Stadium,3,55,42,7.857142857142857
R Vinay Kumar,Sawai Mansingh Stadium,4,139,89,9.370786516853933
R Vinay Kumar,Sharjah Cricket Stadium,2,26,24,6.5
R Vinay Kumar,Sheikh Zayed Stadium,0,15,12,7.5
R Vinay Kumar,St George's Park,1,70,50,8.399999999999999
R Vinay Kumar,Subrata Roy Sahara Stadium,6,63,48,7.875
R Vinay Kumar,SuperSport Park,2,42,30,8.4
R Vinay Kumar,Vidarbha Cricket Association Stadium,1,19,18,6.333333333333333
R Vinay Kumar,Wankhede Stadium,11,399,252,9.5
RA Jadeja,Arun Jaitley Stadium,4,144,108,8.0
RA Jadeja,Barabati Stadium,0,37,18,12.333333333333334
RA Jadeja,Brabourne Stadium,3,86,60,8.6
RA Jadeja,De Beers Diamond Oval,2,40,38,6.315789473684211
RA Jadeja,Dr DY Patil Sports Academy,5,118,90,7.866666666666666
RA Jadeja,Dr. Y.S. Rajasekhara Reddy ACA-VDCA Cricket Stadium,7,39,42,5.571428571428571
RA Jadeja,Dubai International Cricket Stadium,12,315,234,8.076923076923077
RA Jadeja,Eden Gardens,9,355,234,9.102564102564102
RA Jadeja,Feroz Shah Kotla,7,152,114,8.0
RA Jadeja,Green Park,0,82,60,8.2
RA Jadeja,Holkar Cricket Stadium,0,32,24,8.0
RA Jadeja,JSCA International Stadium Complex,9,116,100,6.959999999999999
RA Jadeja,Kingsmead,0,37,24,9.25
RA Jadeja,M Chinnaswamy Stadium,8,210,168,7.5
RA Jadeja,M.Chinnaswamy Stadium,2,51,36,8.5
RA Jadeja,MA Chidambaram Stadium,30,740,642,6.91588785046729
RA Jadeja,Maharashtra Cricket Association Stadium,8,218,180,7.266666666666667
RA Jadeja,Narendra Modi Stadium,2,66,48,8.25
RA Jadeja,Nehru Stadium,2,101,78,7.769230769230769
RA Jadeja,OUTsurance Oval,0,13,12,6.5
RA Jadeja,Punjab Cricket Association IS Bindra Stadium,3,65,48,8.125
RA Jadeja,Punjab Cricket Association Stadium,2,47,42,6.714285714285714
RA Jadeja,Rajiv Gandhi International Stadium,1,90,84,6.428571428571429
RA Jadeja,Sardar Patel Stadium,1,29,24,7.25
RA Jadeja,Saurashtra Cricket Association Stadium,7,233,163,8.576687116564417
RA Jadeja,Sawai Mansingh Stadium,6,155,133,6.992481203007518
RA Jadeja,Shaheed Veer Narayan Singh International Stadium,0,16,16,6.0
RA Jadeja,Sharjah Cricket Stadium,1,158,101,9.386138613861387
RA Jadeja,Sheikh Zayed Stadium,5,131,91,8.637362637362637
RA Jadeja,St George's Park,1,22,24,5.5
RA Jadeja,Subrata Roy Sahara Stadium,1,26,24,6.5
RA Jadeja,SuperSport Park,3,32,36,5.333333333333333
RA Jadeja,Wankhede Stadium,18,480,391,7.365728900255754
RA Jadeja,Zayed Cricket Stadium,1,30,30,6.0
RA Shaikh,SuperSport Park,0,11,6,11.0
RA Tripathi,Maharashtra Cricket Association Stadium,0,12,6,12.0
RD Chahar,Arun Jaitley Stadium,7,100,96,6.25
RD Chahar,Barsapara Cricket Stadium,0,31,24,7.75
RD Chahar,Bharat Ratna Shri Atal Bihari Vajpayee Ekana Cricket Stadium,0,28,18,9.333333333333334
RD Chahar,Brabourne Stadium,7,124,87,8.551724137931034
RD Chahar,Dr DY Patil Sports Academy,3,80,81,5.925925925925926
RD Chahar,Dubai International Cricket Stadium,2,114,84,8.142857142857142
RD Chahar,Eden Gardens,3,77,48,9.625
RD Chahar,Himachal Pradesh Cricket Association Stadium,1,63,46,8.217391304347826
RD Chahar,Holkar Cricket Stadium,1,32,24,8.0
RD Chahar,MA Chidambaram Stadium,12,207,192,6.46875
RD Chahar,Maharashtra Cricket Association Stadium,2,74,48,9.25
RD Chahar,Punjab Cricket Association IS Bindra Stadium,1,119,96,7.4375
RD Chahar,Rajiv Gandhi International Stadium,4,63,66,5.7272727272727275
RD Chahar,Saurashtra Cricket Association Stadium,1,26,18,8.666666666666666
RD Chahar,Sawai Mansingh Stadium,3,29,24,7.25
RD Chahar,Sharjah Cricket Stadium,2,74,54,8.222222222222221
RD Chahar,Sheikh Zayed Stadium,10,236,180,7.866666666666666
RD Chahar,Wankhede Stadium,3,239,178,8.0561797752809
RD Chahar,Zayed Cricket Stadium,1,61,42,8.714285714285714
RE van der Merwe,Eden Gardens,5,55,42,7.857142857142857
RE van der Merwe,Feroz Shah Kotla,6,98,114,5.157894736842105
RE van der Merwe,Kingsmead,4,79,66,7.181818181818182
RE van der Merwe,MA Chidambaram Stadium,1,36,36,6.0
RE van der Merwe,Nehru Stadium,3,20,23,5.217391304347826
RE van der Merwe,New Wanderers Stadium,3,109,90,7.266666666666667
RE van der Merwe,Sawai Mansingh Stadium,1,41,24,10.25
RE van der Merwe,St George's Park,1,17,18,5.666666666666667
RE van der Merwe,SuperSport Park,1,43,30,8.6
RG More,Eden Gardens,1,31,23,8.08695652173913
RG More,Rajiv Gandhi International Stadium,0,28,12,14.0
RG Sharma,Barabati Stadium,1,26,24,6.5
RG Sharma,Brabourne Stadium,0,26,18,8.666666666666666
RG Sharma,Buffalo Park,0,8,6,8.0
RG Sharma,De Beers Diamond Oval,6,24,30,4.8
RG Sharma,Dr DY Patil Sports Academy,0,14,6,14.0
RG Sharma,Eden Gardens,0,16,12,8.0
RG Sharma,Himachal Pradesh Cricket Association Stadium,0,9,8,6.75
RG Sharma,Kingsmead,1,26,24,6.5
RG Sharma,MA Chidambaram Stadium,1,50,36,8.333333333333334
RG Sharma,New Wanderers Stadium,1,47,30,9.4
RG Sharma,Punjab Cricket Association Stadium,1,49,36,8.166666666666666
RG Sharma,Rajiv Gandhi International Stadium,0,5,6,5.0
RG Sharma,Sardar Patel Stadium,0,17,12,8.5
RG Sharma,Sharjah Cricket Stadium,1,20,12,10.0
RG Sharma,St George's Park,0,14,12,7.0
RG Sharma,SuperSport Park,4,42,36,7.0
RG Sharma,Vidarbha Cricket Association Stadium,0,19,12,9.5
RG Sharma,Wankhede Stadium,0,37,18,12.333333333333334
RG Sharma,Zayed Cricket Stadium,0,4,1,24.0
RJ Harris,Brabourne Stadium,1,40,24,10.0
RJ Harris,Buffalo Park,0,39,24,9.75
RJ Harris,De Beers Diamond Oval,0,29,18,9.666666666666666
RJ Harris,Dr DY Patil Sports Academy,3,43,42,6.142857142857143
RJ Harris,Eden Gardens,0,13,12,6.5
RJ Harris,Feroz Shah Kotla,0,48,24,12.0
RJ Harris,Himachal Pradesh Cricket Association Stadium,9,149,138,6.478260869565218
RJ Harris,Holkar Cricket Stadium,2,42,24,10.5
RJ Harris,M Chinnaswamy Stadium,6,96,60,9.6
RJ Harris,New Wanderers Stadium,3,85,72,7.083333333333333
RJ Harris,Punjab Cricket Association Stadium,8,194,156,7.461538461538462
RJ Harris,Rajiv Gandhi International Stadium,1,31,24,7.75
RJ Harris,Sawai Mansingh Stadium,0,30,24,7.5
RJ Harris,Subrata Roy Sahara Stadium,1,12,24,3.0
RJ Harris,SuperSport Park,3,77,72,6.416666666666667
RJ Harris,Vidarbha Cricket Association Stadium,8,86,70,7.371428571428572
RJ Harris,Wankhede Stadium,2,33,24,8.25
RJ Peterson,Feroz Shah Kotla,3,37,24,9.25
RJ Peterson,Punjab Cricket Association Stadium,0,3,6,3.0
RJ Peterson,Wankhede Stadium,0,30,18,10.0
RJW Topley,M Chinnaswamy Stadium,1,14,12,7.0
RN ten Doeschate,Barabati Stadium,0,6,6,6.0
RN ten Doeschate,Eden Gardens,2,18,18,6.0
RN ten Doeschate,JSCA International Stadium Complex,0,21,12,10.5
RN ten Doeschate,M Chinnaswamy Stadium,1,24,18,8.0
RN ten Doeschate,Rajiv Gandhi International Stadium,0,8,6,8.0
RN ten Doeschate,Sardar Patel Stadium,0,14,12,7.0
RN ten Doeschate,Subrata Roy Sahara Stadium,0,3,6,3.0
RP Meredith,Arun Jaitley Stadium,2,34,22,9.272727272727273
RP Meredith,Brabourne Stadium,1,32,24,8.0
RP Meredith,Dr DY Patil Sports Academy,3,84,66,7.636363636363637
RP Meredith,Narendra Modi Stadium,3,113,66,10.272727272727273
RP Meredith,Rajiv Gandhi International Stadium,2,33,24,8.25
RP Meredith,Wankhede Stadium,10,316,186,10.193548387096774
RP Singh,Barabati Stadium,1,74,42,10.571428571428571
RP Singh,Buffalo Park,1,36,24,9.0
RP Singh,De Beers Diamond Oval,1,48,41,7.024390243902439
RP Singh,Dr DY Patil Sports Academy,7,144,114,7.578947368421052
RP Singh,Dr. Y.S. Rajasekhara Reddy ACA-VDCA Cricket Stadium,1,23,18,7.666666666666667
RP Singh,Eden Gardens,3,40,42,5.714285714285714
RP Singh,Feroz Shah Kotla,2,119,72,9.916666666666666
RP Singh,Himachal Pradesh Cricket Association Stadium,1,51,24,12.75
RP Singh,Holkar Cricket Stadium,5,42,48,5.25
RP Singh,Kingsmead,3,85,66,7.7272727272727275
RP Singh,M Chinnaswamy Stadium,17,292,234,7.487179487179487
RP Singh,MA Chidambaram Stadium,4,117,83,8.457831325301205
RP Singh,Nehru Stadium,6,147,114,7.7368421052631575
RP Singh,New Wanderers Stadium,4,72,67,6.447761194029851
RP Singh,Newlands,7,39,46,5.08695652173913
RP Singh,Punjab Cricket Association Stadium,1,102,63,9.714285714285714
RP Singh,Rajiv Gandhi International Stadium,7,248,155,9.6
RP Singh,Sardar Patel Stadium,0,22,12,11.0
RP Singh,Saurashtra Cricket Association Stadium,0,21,12,10.5
RP Singh,Sawai Mansingh Stadium,2,102,78,7.846153846153846
RP Singh,St George's Park,2,18,24,4.5
RP Singh,Subrata Roy Sahara Stadium,1,27,24,6.75
RP Singh,SuperSport Park,8,119,90,7.933333333333334
RP Singh,Vidarbha Cricket Association Stadium,6,56,60,5.6
RP Singh,Wankhede Stadium,10,246,198,7.454545454545454
RR Bhatkal,MA Chidambaram Stadium,0,35,12,17.5
RR Bose,Kingsmead,0,24,12,12.0
RR Powar,Eden Gardens,1,66,60,6.6
RR Powar,Feroz Shah Kotla,3,47,36,7.833333333333333
RR Powar,Himachal Pradesh Cricket Association Stadium,2,28,24,7.0
RR Powar,Kingsmead,4,83,72,6.916666666666667
RR Powar,M Chinnaswamy Stadium,0,27,12,13.5
RR Powar,Nehru Stadium,1,44,30,8.8
RR Powar,New Wanderers Stadium,2,11,12,5.5
RR Powar,Newlands,0,10,12,5.0
RR Powar,OUTsurance Oval,0,20,18,6.666666666666667
RR Powar,Punjab Cricket Association Stadium,1,71,60,7.1
RR Powar,Rajiv Gandhi International Stadium,0,32,18,10.666666666666666
RR Powar,Sawai Mansingh Stadium,0,18,12,9.0
RR Powar,St George's Park,0,8,12,4.0
RR Powar,Wankhede Stadium,0,40,24,10.0
RR Raje,Buffalo Park,0,22,11,12.0
RR Raje,Dr DY Patil Sports Academy,2,32,30,6.4
RR Raje,Newlands,0,15,6,15.0
RR Raje,Rajiv Gandhi International Stadium,0,19,12,9.5
RR Raje,Sawai Mansingh Stadium,2,37,24,9.25
RR Raje,SuperSport Park,1,35,24,8.75
RR Raje,Wankhede Stadium,2,49,32,9.1875
RS Bopara,Brabourne Stadium,4,53,42,7.571428571428571
RS Bopara,Dr. Y.S. Rajasekhara Reddy ACA-VDCA Cricket Stadium,3,63,54,7.0
RS Bopara,Eden Gardens,1,43,18,14.333333333333334
RS Bopara,Kingsmead,0,5,8,3.75
RS Bopara,M Chinnaswamy Stadium,2,48,30,9.6
RS Bopara,MA Chidambaram Stadium,2,29,24,7.25
RS Bopara,Punjab Cricket Association Stadium,0,18,12,9.0
RS Bopara,Sawai Mansingh Stadium,1,18,12,9.0
RS Bopara,Shaheed Veer Narayan Singh International Stadium,0,15,6,15.0
RS Gavaskar,Eden Gardens,0,8,6,8.0
RS Hangargekar,MA Chidambaram Stadium,0,24,12,12.0
RS Hangargekar,Narendra Modi Stadium,3,36,24,9.0
RV Gomez,Feroz Shah Kotla,0,16,12,8.0
RV Gomez,Holkar Cricket Stadium,0,12,6,12.0
RV Gomez,JSCA International Stadium Complex,1,5,6,5.0
RV Gomez,Nehru Stadium,4,58,48,7.25
RV Gomez,Sawai Mansingh Stadium,0,9,6,9.0
RV Gomez,Wankhede Stadium,1,29,18,9.666666666666666
RV Patel,Dubai International Cricket Stadium,0,22,18,7.333333333333333
RW Price,Eden Gardens,0,33,18,11.0
Ramandeep Singh,Wankhede Stadium,6,54,36,9.0
Rashid Khan,Arun Jaitley Stadium,9,144,120,7.2
Rashid Khan,Bharat Ratna Shri Atal Bihari Vajpayee Ekana Cricket Stadium,1,33,24,8.25
Rashid Khan,Brabourne Stadium,6,75,72,6.25
Rashid Khan,Dr DY Patil Sports Academy,3,95,96,5.9375
Rashid Khan,Dr. Y.S. Rajasekhara Reddy ACA-VDCA Cricket Stadium,2,15,24,3.75
Rashid Khan,Dubai International Cricket Stadium,14,231,264,5.25
Rashid Khan,Eden Gardens,5,174,144,7.25
Rashid Khan,Feroz Shah Kotla,0,24,24,6.0
Rashid Khan,Green Park,3,34,24,8.5
Rashid Khan,M Chinnaswamy Stadium,1,35,36,5.833333333333333
Rashid Khan,M.Chinnaswamy Stadium,4,71,48,8.875
Rashid Khan,MA Chidambaram Stadium,7,162,144,6.75
Rashid Khan,Maharashtra Cricket Association Stadium,8,125,119,6.302521008403362
Rashid Khan,Narendra Modi Stadium,14,321,234,8.23076923076923
Rashid Khan,Punjab Cricket Association IS Bindra Stadium,4,117,96,7.3125
Rashid Khan,Rajiv Gandhi International Stadium,31,556,504,6.619047619047619
Rashid Khan,Sawai Mansingh Stadium,6,75,72,6.25
Rashid Khan,Sharjah Cricket Stadium,5,122,120,6.1
Rashid Khan,Sheikh Zayed Stadium,5,87,96,5.4375
Rashid Khan,Wankhede Stadium,13,230,216,6.388888888888889
Rashid Khan,Zayed Cricket Stadium,4,79,48,9.875
Rasikh Salam,Brabourne Stadium,0,10,6,10.0
Rasikh Salam,Maharashtra Cricket Association Stadium,0,18,18,6.0
Rasikh Salam,Wankhede Stadium,0,42,24,10.5
Ravi Bishnoi,Bharat Ratna Shri Atal Bihari Vajpayee Ekana Cricket Stadium,9,161,135,7.155555555555556
Ravi Bishnoi,Brabourne Stadium,6,89,72,7.416666666666667
Ravi Bishnoi,Dr DY Patil Sports Academy,3,132,96,8.25
Ravi Bishnoi,Dubai International Cricket Stadium,10,178,156,6.846153846153846
Ravi Bishnoi,Eden Gardens,3,68,48,8.5
Ravi Bishnoi,M Chinnaswamy Stadium,0,39,24,9.75
Ravi Bishnoi,MA Chidambaram Stadium,5,79,72,6.583333333333333
Ravi Bishnoi,Maharashtra Cricket Association Stadium,2,71,42,10.142857142857142
Ravi Bishnoi,Narendra Modi Stadium,3,99,84,7.071428571428571
Ravi Bishnoi,Punjab Cricket Association IS Bindra Stadium,2,41,24,10.25
Ravi Bishnoi,Rajiv Gandhi International Stadium,0,23,12,11.5
Ravi Bishnoi,Sawai Mansingh Stadium,1,25,24,6.25
Ravi Bishnoi,Sharjah Cricket Stadium,5,142,114,7.473684210526316
Ravi Bishnoi,Sheikh Zayed Stadium,3,128,96,8.0
Ravi Bishnoi,Wankhede Stadium,2,119,90,7.933333333333334
Ravi Bishnoi,Zayed Cricket Stadium,2,25,24,6.25
S Aravind,Eden Gardens,6,105,63,10.0
S Aravind,Feroz Shah Kotla,1,30,24,7.5
S Aravind,Himachal Pradesh Cricket Association Stadium,0,36,24,9.0
S Aravind,JSCA International Stadium Complex,1,25,24,6.25
S Aravind,M Chinnaswamy Stadium,25,437,367,7.14441416893733
S Aravind,MA Chidambaram Stadium,4,66,36,11.0
S Aravind,Maharashtra Cricket Association Stadium,3,50,48,6.25
S Aravind,Punjab Cricket Association Stadium,0,31,12,15.5
S Aravind,Rajiv Gandhi International Stadium,0,62,36,10.333333333333334
S Aravind,Saurashtra Cricket Association Stadium,1,53,24,13.25
S Aravind,Sawai Mansingh Stadium,3,34,24,8.5
S Aravind,Shaheed Veer Narayan Singh International Stadium,1,28,24,7.0
S Aravind,Wankhede Stadium,3,82,54,9.11111111111111
S Badree,Eden Gardens,1,33,24,8.25
S Badree,Feroz Shah Kotla,0,34,24,8.5
S Badree,JSCA International Stadium Complex,1,34,42,4.857142857142857
S Badree,M Chinnaswamy Stadium,7,153,120,7.65
S Badree,Maharashtra Cricket Association Stadium,1,31,24,7.75
S Badree,Wankhede Stadium,1,34,24,8.5
S Dhawan,Barabati Stadium,1,9,6,9.0
S Dhawan,Feroz Shah Kotla,1,7,6,7.0
S Dhawan,M Chinnaswamy Stadium,0,11,6,11.0
S Dhawan,Rajiv Gandhi International Stadium,2,39,30,7.8
S Dube,Arun Jaitley Stadium,0,11,12,5.5
S Dube,Brabourne Stadium,0,25,6,25.0
S Dube,Dubai International Cricket Stadium,5,62,42,8.857142857142858
S Dube,MA Chidambaram Stadium,0,3,4,4.5
S Dube,Sharjah Cricket Stadium,0,18,12,9.0
S Dube,Sheikh Zayed Stadium,0,11,12,5.5
S Dube,Wankhede Stadium,0,36,18,12.0
S Gopal,Arun Jaitley Stadium,3,47,36,7.833333333333333
S Gopal,Brabourne Stadium,1,34,18,11.333333333333334
S Gopal,Dubai International Cricket Stadium,3,213,138,9.26086956521739
S Gopal,Eden Gardens,2,65,42,9.285714285714286
S Gopal,Holkar Cricket Stadium,0,26,18,8.666666666666666
S Gopal,M.Chinnaswamy Stadium,2,22,24,5.5
S Gopal,MA Chidambaram Stadium,0,23,18,7.666666666666667
S Gopal,Maharashtra Cricket Association Stadium,3,20,24,5.0
S Gopal,Punjab Cricket Association IS Bindra Stadium,0,31,24,7.75
S Gopal,Punjab Cricket Association Stadium,2,32,24,8.0
S Gopal,Rajiv Gandhi International Stadium,3,45,42,6.428571428571429
S Gopal,Sardar Patel Stadium,3,48,37,7.783783783783783
S Gopal,Sawai Mansingh Stadium,16,250,204,7.352941176470588
S Gopal,Sharjah Cricket Stadium,1,114,66,10.363636363636363
S Gopal,Sheikh Zayed Stadium,6,109,102,6.411764705882353
S Gopal,Wankhede Stadium,2,191,126,9.095238095238095
S Kaul,Arun Jaitley Stadium,2,115,72,9.583333333333334
S Kaul,Dubai International Cricket Stadium,3,53,46,6.913043478260869
S Kaul,Eden Gardens,4,104,72,8.666666666666666
S Kaul,Feroz Shah Kotla,4,116,84,8.285714285714286
S Kaul,Green Park,1,30,24,7.5
S Kaul,Himachal Pradesh Cricket Association Stadium,0,39,24,9.75
S Kaul,M Chinnaswamy Stadium,1,51,30,10.2
S Kaul,M.Chinnaswamy Stadium,2,44,24,11.0
S Kaul,MA Chidambaram Stadium,2,64,46,8.347826086956522
S Kaul,Maharashtra Cricket Association Stadium,0,85,36,14.166666666666666
S Kaul,Punjab Cricket Association IS Bindra Stadium,5,111,72,9.25
S Kaul,Rajiv Gandhi International Stadium,24,411,352,7.005681818181818
S Kaul,Sardar Patel Stadium,0,34,18,11.333333333333334
S Kaul,Sawai Mansingh Stadium,3,94,71,7.943661971830985
S Kaul,Sharjah Cricket Stadium,2,88,40,13.2
S Kaul,Subrata Roy Sahara Stadium,2,27,24,6.75
S Kaul,Wankhede Stadium,5,162,102,9.529411764705882
S Kaul,Zayed Cricket Stadium,1,80,48,10.0
S Kaushik,Eden Gardens,0,14,6,14.0
S Kaushik,Feroz Shah Kotla,2,22,24,5.5
S Kaushik,M Chinnaswamy Stadium,0,50,18,16.666666666666668
S Kaushik,Maharashtra Cricket Association Stadium,0,32,18,10.666666666666666
S Kaushik,Rajiv Gandhi International Stadium,0,54,48,6.75
S Kaushik,Saurashtra Cricket Association Stadium,4,125,90,8.333333333333334
S Ladda,Barabati Stadium,1,20,12,10.0
S Ladda,Brabourne Stadium,0,14,6,14.0
S Ladda,Eden Gardens,1,18,12,9.0
S Ladda,Feroz Shah Kotla,3,81,48,10.125
S Ladda,MA Chidambaram Stadium,0,29,18,9.666666666666666
S Ladda,Nehru Stadium,0,13,6,13.0
S Ladda,Punjab Cricket Association IS Bindra Stadium,0,21,12,10.5
S Ladda,Sardar Patel Stadium,0,28,24,7.0
S Lamichhane,Arun Jaitley Stadium,9,190,138,8.26086956521739
S Lamichhane,M.Chinnaswamy Stadium,1,46,24,11.5
S Lamichhane,Punjab Cricket Association IS Bindra Stadium,2,27,24,6.75
S Midhun,Sawai Mansingh Stadium,0,27,12,13.5
S Nadeem,Arun Jaitley Stadium,0,35,18,11.666666666666666
S Nadeem,Dr DY Patil Sports Academy,2,39,24,9.75
S Nadeem,Dr. Y.S. Rajasekhara Reddy ACA-VDCA Cricket Stadium,0,42,24,10.5
S Nadeem,Dubai International Cricket Stadium,3,99,78,7.615384615384615
S Nadeem,Eden Gardens,3,81,60,8.1
S Nadeem,Feroz Shah Kotla,15,516,434,7.133640552995392
S Nadeem,M Chinnaswamy Stadium,1,26,24,6.5
S Nadeem,M.Chinnaswamy Stadium,2,40,36,6.666666666666667
S Nadeem,MA Chidambaram Stadium,1,62,48,7.75
S Nadeem,Maharashtra Cricket Association Stadium,1,23,24,5.75
S Nadeem,Punjab Cricket Association IS Bindra Stadium,1,39,29,8.068965517241379
S Nadeem,Punjab Cricket Association Stadium,0,24,12,12.0
S Nadeem,Rajiv Gandhi International Stadium,3,136,90,9.066666666666666
S Nadeem,Sardar Patel Stadium,2,35,24,8.75
S Nadeem,Saurashtra Cricket Association Stadium,2,23,18,7.666666666666667
S Nadeem,Sawai Mansingh Stadium,3,92,72,7.666666666666667
S Nadeem,Shaheed Veer Narayan Singh International Stadium,1,71,72,5.916666666666667
S Nadeem,Sharjah Cricket Stadium,4,105,88,7.159090909090909
S Nadeem,Sheikh Zayed Stadium,3,107,66,9.727272727272727
S Nadeem,Subrata Roy Sahara Stadium,1,43,48,5.375
S Nadeem,Wankhede Stadium,5,120,102,7.0588235294117645
S Narwal,Eden Gardens,0,17,12,8.5
S Narwal,Feroz Shah Kotla,4,36,24,9.0
S Narwal,M Chinnaswamy Stadium,0,24,16,9.0
S Narwal,MA Chidambaram Stadium,0,41,12,20.5
S Narwal,Sardar Patel Stadium,2,84,42,12.0
S Rana,Dr DY Patil Sports Academy,0,2,4,3.0
S Rana,JSCA International Stadium Complex,0,9,6,9.0
S Rana,M Chinnaswamy Stadium,0,7,6,7.0
S Randiv,Eden Gardens,0,14,12,7.0
S Randiv,MA Chidambaram Stadium,5,146,120,7.3
S Randiv,Punjab Cricket Association Stadium,2,32,24,8.0
S Randiv,Wankhede Stadium,1,31,18,10.333333333333334
S Sandeep Warrier,Eden Gardens,0,29,24,7.25
S Sandeep Warrier,Punjab Cricket Association IS Bindra Stadium,2,31,24,7.75
S Sandeep Warrier,Sharjah Cricket Stadium,0,15,12,7.5
S Sandeep Warrier,Sheikh Zayed Stadium,0,34,18,11.333333333333334
S Sandeep Warrier,Wankhede Stadium,0,25,24,6.25
S Sreesanth,Barabati Stadium,2,51,24,12.75
S Sreesanth,De Beers Diamond Oval,1,37,24,9.25
S Sreesanth,Dr DY Patil Sports Academy,0,21,18,7.0
S Sreesanth,Eden Gardens,2,33,24,8.25
S Sreesanth,Feroz Shah Kotla,2,75,66,6.818181818181818
S Sreesanth,Holkar Cricket Stadium,2,54,47,6.893617021276596
S Sreesanth,Kingsmead,2,67,48,8.375
S Sreesanth,M Chinnaswamy Stadium,2,67,48,8.375
S Sreesanth,MA Chidambaram Stadium,3,52,42,7.428571428571429
S Sreesanth,Nehru Stadium,3,84,84,6.0
S Sreesanth,New Wanderers Stadium,0,10,12,5.0
S Sreesanth,OUTsurance Oval,2,20,24,5.0
S Sreesanth,Punjab Cricket Association Stadium,12,294,210,8.4
S Sreesanth,Rajiv Gandhi International Stadium,1,33,24,8.25
S Sreesanth,Sawai Mansingh Stadium,6,158,109,8.697247706422019
S Sreesanth,Subrata Roy Sahara Stadium,0,38,16,14.25
S Sreesanth,SuperSport Park,1,58,30,11.6
S Sreesanth,Wankhede Stadium,2,42,30,8.4
S Sriram,Himachal Pradesh Cricket Association Stadium,0,25,6,25.0
S Sriram,M Chinnaswamy Stadium,0,24,12,12.0
S Tyagi,Buffalo Park,1,9,12,4.5
S Tyagi,De Beers Diamond Oval,0,12,12,6.0
S Tyagi,Himachal Pradesh Cricket Association Stadium,0,24,12,12.0
S Tyagi,Kingsmead,1,21,12,10.5
S Tyagi,M Chinnaswamy Stadium,0,19,24,4.75
S Tyagi,MA Chidambaram Stadium,1,104,53,11.773584905660377
S Tyagi,New Wanderers Stadium,2,18,18,6.0
S Tyagi,St George's Park,1,29,18,9.666666666666666
S Tyagi,SuperSport Park,0,47,42,6.714285714285714
S Tyagi,Vidarbha Cricket Association Stadium,0,12,6,12.0
S Vidyut,Sawai Mansingh Stadium,1,22,12,11.0
SA Abbott,Brabourne Stadium,1,47,24,11.75
SA Abbott,Eden Gardens,0,36,18,12.0
SA Abbott,M Chinnaswamy Stadium,0,21,12,10.5
SA Yadav,Feroz Shah Kotla,0,8,6,8.0
SB Bangar,Dr DY Patil Sports Academy,2,34,24,8.5
SB Bangar,Eden Gardens,0,19,18,6.333333333333333
SB Bangar,M Chinnaswamy Stadium,0,14,6,14.0
SB Bangar,MA Chidambaram Stadium,1,36,24,9.0
SB Bangar,Rajiv Gandhi International Stadium,3,96,66,8.727272727272727
SB Bangar,Sawai Mansingh Stadium,0,20,12,10.0
SB Jakati,Brabourne Stadium,1,30,24,7.5
SB Jakati,Buffalo Park,4,22,24,5.5
SB Jakati,De Beers Diamond Oval,2,35,24,8.75
SB Jakati,Dr DY Patil Sports Academy,4,85,54,9.444444444444445
SB Jakati,Dr. Y.S. Rajasekhara Reddy ACA-VDCA Cricket Stadium,2,14,12,7.0
SB Jakati,Eden Gardens,2,40,36,6.666666666666667
SB Jakati,Feroz Shah Kotla,0,23,18,7.666666666666667
SB Jakati,Green Park,1,52,42,7.428571428571429
SB Jakati,Himachal Pradesh Cricket Association Stadium,0,14,6,14.0
SB Jakati,Kingsmead,0,25,24,6.25
SB Jakati,M Chinnaswamy Stadium,2,111,64,10.40625
SB Jakati,MA Chidambaram Stadium,20,521,420,7.442857142857143
SB Jakati,Nehru Stadium,0,30,18,10.0
SB Jakati,New Wanderers Stadium,5,53,48,6.625
SB Jakati,Punjab Cricket Association Stadium,0,28,13,12.923076923076923
SB Jakati,Sardar Patel Stadium,2,30,24,7.5
SB Jakati,Saurashtra Cricket Association Stadium,0,120,72,10.0
SB Jakati,Sawai Mansingh Stadium,0,30,24,7.5
SB Jakati,St George's Park,0,26,18,8.666666666666666
SB Jakati,SuperSport Park,2,56,36,9.333333333333334
SB Jakati,Vidarbha Cricket Association Stadium,1,29,24,7.25
SB Jakati,Wankhede Stadium,2,77,60,7.7
SB Joshi,Feroz Shah Kotla,0,19,6,19.0
SB Joshi,M Chinnaswamy Stadium,1,53,37,8.594594594594595
SB Joshi,Wankhede Stadium,0,10,12,5.0
SB Styris,Eden Gardens,0,19,24,4.75
SB Styris,Feroz Shah Kotla,0,33,24,8.25
SB Styris,M Chinnaswamy Stadium,2,29,24,7.25
SB Styris,MA Chidambaram Stadium,1,24,18,8.0
SB Styris,Newlands,5,64,48,8.0
SB Styris,Punjab Cricket Association Stadium,1,49,30,9.8
SB Styris,Rajiv Gandhi International Stadium,0,44,36,7.333333333333333
SB Styris,Sawai Mansingh Stadium,0,14,12,7.0
SB Wagh,Dr DY Patil Sports Academy,3,86,66,7.818181818181818
SB Wagh,MA Chidambaram Stadium,1,16,6,16.0
SB Wagh,Punjab Cricket Association Stadium,0,18,12,9.0
SB Wagh,Rajiv Gandhi International Stadium,0,8,6,8.0
SB Wagh,Wankhede Stadium,1,9,12,4.5
SC Ganguly,Barabati Stadium,0,39,18,13.0
SC Ganguly,Eden Gardens,2,111,90,7.4
SC Ganguly,Feroz Shah Kotla,3,27,24,6.75
SC Ganguly,Kingsmead,2,41,36,6.833333333333333
SC Ganguly,M Chinnaswamy Stadium,3,21,24,5.25
SC Ganguly,Newlands,0,8,6,8.0
SC Ganguly,Rajiv Gandhi International Stadium,2,25,24,6.25
SC Ganguly,Sawai Mansingh Stadium,0,14,6,14.0
SC Ganguly,St George's Park,0,25,12,12.5
SC Ganguly,Subrata Roy Sahara Stadium,0,29,18,9.666666666666666
SC Kuggeleijn,MA Chidambaram Stadium,2,71,48,8.875
SD Chitnis,Dr DY Patil Sports Academy,0,20,12,10.0
SD Chitnis,Wankhede Stadium,2,40,24,10.0
SE Bond,Brabourne Stadium,0,31,18,10.333333333333334
SE Bond,Eden Gardens,5,137,120,6.85
SE Bond,Punjab Cricket Association Stadium,2,24,24,6.0
SE Bond,Sardar Patel Stadium,2,32,24,8.0
SE Rutherford,Arun Jaitley Stadium,1,13,17,4.588235294117647
SE Rutherford,Dr. Y.S. Rajasekhara Reddy ACA-VDCA Cricket Stadium,0,11,6,11.0
SE Rutherford,MA Chidambaram Stadium,0,19,12,9.5
SE Rutherford,Sawai Mansingh Stadium,0,16,6,16.0
SJ Srivastava,Barabati Stadium,1,39,24,9.75
SJ Srivastava,Brabourne Stadium,1,27,24,6.75
SJ Srivastava,Eden Gardens,0,35,18,11.666666666666666
SJ Srivastava,Feroz Shah Kotla,0,46,24,11.5
SJ Srivastava,Himachal Pradesh Cricket Association Stadium,4,105,66,9.545454545454545
SJ Srivastava,Holkar Cricket Stadium,2,34,24,8.5
SJ Srivastava,Punjab Cricket Association Stadium,7,130,84,9.285714285714286
SK Raina,Brabourne Stadium,0,13,6,13.0
SK Raina,Buffalo Park,1,12,10,7.199999999999999
SK Raina,De Beers Diamond Oval,1,21,18,7.0
SK Raina,Dr DY Patil Sports Academy,3,37,32,6.9375
SK Raina,Dr. Y.S. Rajasekhara Reddy ACA-VDCA Cricket Stadium,1,10,12,5.0
SK Raina,Dubai International Cricket Stadium,0,38,30,7.6
SK Raina,Eden Gardens,1,43,36,7.166666666666667
SK Raina,Feroz Shah Kotla,0,68,42,9.714285714285714
SK Raina,Himachal Pradesh Cricket Association Stadium,1,33,24,8.25
SK Raina,JSCA International Stadium Complex,2,83,60,8.3
SK Raina,Kingsmead,4,35,48,4.375
SK Raina,M Chinnaswamy Stadium,0,65,48,8.125
SK Raina,MA Chidambaram Stadium,8,271,225,7.226666666666667
SK Raina,New Wanderers Stadium,0,30,24,7.5
SK Raina,Punjab Cricket Association Stadium,0,20,12,10.0
SK Raina,Rajiv Gandhi International Stadium,3,57,42,8.142857142857142
SK Raina,Sardar Patel Stadium,0,15,12,7.5
SK Raina,Saurashtra Cricket Association Stadium,0,65,48,8.125
SK Raina,Sawai Mansingh Stadium,2,10,11,5.454545454545455
SK Raina,Shaheed Veer Narayan Singh International Stadium,0,8,6,8.0
SK Raina,St George's Park,1,22,24,5.5
SK Raina,Subrata Roy Sahara Stadium,0,22,24,5.5
SK Raina,SuperSport Park,1,44,42,6.285714285714286
SK Raina,Vidarbha Cricket Association Stadium,1,25,19,7.894736842105264
SK Raina,Wankhede Stadium,0,30,18,10.0
SK Trivedi,De Beers Diamond Oval,2,56,36,9.333333333333334
SK Trivedi,Dr DY Patil Sports Academy,0,44,30,8.8
SK Trivedi,Eden Gardens,2,122,96,7.625
SK Trivedi,Feroz Shah Kotla,1,120,90,8.0
SK Trivedi,Kingsmead,3,39,48,4.875
SK Trivedi,M Chinnaswamy Stadium,5,80,71,6.76056338028169
SK Trivedi,MA Chidambaram Stadium,1,99,64,9.28125
SK Trivedi,OUTsurance Oval,0,9,6,9.0
SK Trivedi,Punjab Cricket Association Stadium,3,178,108,9.88888888888889
SK Trivedi,Rajiv Gandhi International Stadium,6,92,90,6.133333333333334
SK Trivedi,Sardar Patel Stadium,2,79,66,7.181818181818182
SK Trivedi,Sawai Mansingh Stadium,41,817,670,7.316417910447761
SK Trivedi,St George's Park,1,13,12,6.5
SK Trivedi,Subrata Roy Sahara Stadium,1,51,42,7.285714285714286
SK Trivedi,SuperSport Park,0,35,18,11.666666666666666
SK Trivedi,Vidarbha Cricket Association Stadium,4,16,17,5.647058823529411
SK Trivedi,Wankhede Stadium,1,54,42,7.714285714285714
SK Warne,Brabourne Stadium,0,29,18,9.666666666666666
SK Warne,De Beers Diamond Oval,2,63,48,7.875
SK Warne,Dr DY Patil Sports Academy,1,53,36,8.833333333333334
SK Warne,Eden Gardens,1,58,60,5.8
SK Warne,Feroz Shah Kotla,1,42,36,7.0
SK Warne,Kingsmead,5,86,66,7.818181818181818
SK Warne,M Chinnaswamy Stadium,2,35,36,5.833333333333333
SK Warne,MA Chidambaram Stadium,3,81,60,8.1
SK Warne,Newlands,2,55,48,6.875
SK Warne,OUTsurance Oval,0,28,24,7.0
SK Warne,Punjab Cricket Association Stadium,2,89,48,11.125
SK Warne,Rajiv Gandhi International Stadium,4,68,48,8.5
SK Warne,Sardar Patel Stadium,4,98,96,6.125
SK Warne,Sawai Mansingh Stadium,21,457,384,7.140625
SK Warne,St George's Park,0,29,18,9.666666666666666
SK Warne,SuperSport Park,3,79,72,6.583333333333333
SK Warne,Vidarbha Cricket Association Stadium,4,21,24,5.25
SK Warne,Wankhede Stadium,3,51,48,6.375
SL Malinga,Arun Jaitley Stadium,1,37,24,9.25
SL Malinga,Barabati Stadium,1,30,22,8.181818181818182
SL Malinga,Brabourne Stadium,8,158,140,6.771428571428571
SL Malinga,Buffalo Park,2,53,48,6.625
SL Malinga,Dr DY Patil Sports Academy,9,94,94,6.0
SL Malinga,Dr. Y.S. Rajasekhara Reddy ACA-VDCA Cricket Stadium,3,27,24,6.75
SL Malinga,Dubai International Cricket Stadium,2,79,69,6.869565217391305
SL Malinga,Eden Gardens,8,240,192,7.5
SL Malinga,Feroz Shah Kotla,12,165,142,6.971830985915493
SL Malinga,Himachal Pradesh Cricket Association Stadium,4,39,24,9.75
SL Malinga,Holkar Cricket Stadium,0,58,24,14.5
SL Malinga,Kingsmead,6,59,72,4.916666666666667
SL Malinga,M Chinnaswamy Stadium,4,161,119,8.11764705882353
SL Malinga,M.Chinnaswamy Stadium,0,47,24,11.75
SL Malinga,MA Chidambaram Stadium,8,139,111,7.513513513513513
SL Malinga,New Wanderers Stadium,0,24,19,7.578947368421053
SL Malinga,Newlands,3,15,24,3.75
SL Malinga,Punjab Cricket Association IS Bindra Stadium,0,24,18,8.0
SL Malinga,Punjab Cricket Association Stadium,9,91,72,7.583333333333333
SL Malinga,Rajiv Gandhi International Stadium,10,188,162,6.962962962962963
SL Malinga,Sardar Patel Stadium,1,41,24,10.25
SL Malinga,Sawai Mansingh Stadium,2,132,115,6.88695652173913
SL Malinga,Sharjah Cricket Stadium,2,22,24,5.5
SL Malinga,Sheikh Zayed Stadium,4,23,24,5.75
SL Malinga,St George's Park,5,67,62,6.483870967741935
SL Malinga,Subrata Roy Sahara Stadium,4,52,48,6.5
SL Malinga,SuperSport Park,5,94,72,7.833333333333333
SL Malinga,Wankhede Stadium,73,1136,986,6.912778904665314
SM Boland,Feroz Shah Kotla,3,31,24,7.75
SM Boland,Maharashtra Cricket Association Stadium,0,23,18,7.666666666666667
SM Curran,Arun Jaitley Stadium,4,116,82,8.487804878048781
SM Curran,Barsapara Cricket Stadium,1,44,24,11.0
SM Curran,Bharat Ratna Shri Atal Bihari Vajpayee Ekana Cricket Stadium,3,31,24,7.75
SM Curran,Dubai International Cricket Stadium,7,201,138,8.73913043478261
SM Curran,Eden Gardens,0,44,18,14.666666666666666
SM Curran,Himachal Pradesh Cricket Association Stadium,3,82,48,10.25
SM Curran,MA Chidambaram Stadium,1,81,48,10.125
SM Curran,Punjab Cricket Association IS Bindra Stadium,10,317,205,9.278048780487806
SM Curran,Rajiv Gandhi International Stadium,0,14,18,4.666666666666667
SM Curran,Sawai Mansingh Stadium,2,52,24,13.0
SM Curran,Sharjah Cricket Stadium,4,68,48,8.5
SM Curran,Sheikh Zayed Stadium,3,75,66,6.818181818181818
SM Curran,Wankhede Stadium,8,248,144,10.333333333333334
SM Curran,Zayed Cricket Stadium,0,111,48,13.875
SM Harwood,De Beers Diamond Oval,0,22,12,11.0
SM Harwood,Kingsmead,1,26,24,6.5
SM Harwood,St George's Park,2,25,24,6.25
SM Pollock,Dr DY Patil Sports Academy,3,68,54,7.555555555555555
SM Pollock,Eden Gardens,2,27,24,6.75
SM Pollock,Feroz Shah Kotla,1,33,18,11.0
SM Pollock,M Chinnaswamy Stadium,0,23,24,5.75
SM Pollock,MA Chidambaram Stadium,0,32,18,10.666666666666666
SM Pollock,Punjab Cricket Association Stadium,1,40,24,10.0
SM Pollock,Sawai Mansingh Stadium,0,26,24,6.5
SM Pollock,Wankhede Stadium,6,52,90,3.466666666666667
SMSM Senanayake,Eden Gardens,5,141,120,7.05
SMSM Senanayake,JSCA International Stadium Complex,2,40,48,5.0
SMSM Senanayake,Punjab Cricket Association Stadium,2,28,24,7.0
SN Khan,Punjab Cricket Association IS Bindra Stadium,0,6,2,18.0
SN Thakur,Arun Jaitley Stadium,2,146,84,10.428571428571429
SN Thakur,Brabourne Stadium,4,141,76,11.131578947368421
SN Thakur,Dr DY Patil Sports Academy,5,130,88,8.863636363636363
SN Thakur,Dr. Y.S. Rajasekhara Reddy ACA-VDCA Cricket Stadium,0,13,6,13.0
SN Thakur,Dubai International Cricket Stadium,15,265,192,8.28125
SN Thakur,Eden Gardens,6,113,78,8.692307692307692
SN Thakur,Feroz Shah Kotla,1,73,36,12.166666666666666
SN Thakur,M Chinnaswamy Stadium,3,35,24,8.75
SN Thakur,M.Chinnaswamy Stadium,2,86,48,10.75
SN Thakur,MA Chidambaram Stadium,4,94,66,8.545454545454545
SN Thakur,Maharashtra Cricket Association Stadium,10,307,209,8.813397129186603
SN Thakur,Narendra Modi Stadium,0,40,18,13.333333333333334
SN Thakur,Punjab Cricket Association IS Bindra Stadium,2,76,42,10.857142857142858
SN Thakur,Rajiv Gandhi International Stadium,6,155,108,8.61111111111111
SN Thakur,Saurashtra Cricket Association Stadium,1,14,18,4.666666666666667
SN Thakur,Sawai Mansingh Stadium,3,66,48,8.25
SN Thakur,Sharjah Cricket Stadium,4,131,86,9.13953488372093
SN Thakur,Sheikh Zayed Stadium,3,89,72,7.416666666666667
SN Thakur,Wankhede Stadium,20,536,329,9.775075987841944
SN Thakur,Zayed Cricket Stadium,4,50,48,6.25
SP Narine,Arun Jaitley Stadium,0,71,42,10.142857142857142
SP Narine,Barabati Stadium,5,74,72,6.166666666666667
SP Narine,Brabourne Stadium,4,65,72,5.416666666666667
SP Narine,Dr DY Patil Sports Academy,1,91,96,5.6875
SP Narine,Dr. Y.S. Rajasekhara Reddy ACA-VDCA Cricket Stadium,0,38,24,9.5
SP Narine,Dubai International Cricket Stadium,5,190,168,6.785714285714286
SP Narine,Eden Gardens,66,1228,1162,6.3407917383821
SP Narine,Feroz Shah Kotla,10,176,138,7.6521739130434785
SP Narine,Green Park,2,30,24,7.5
SP Narine,Holkar Cricket Stadium,1,44,24,11.0
SP Narine,JSCA International Stadium Complex,4,74,72,6.166666666666667
SP Narine,M Chinnaswamy Stadium,3,219,168,7.821428571428571
SP Narine,M.Chinnaswamy Stadium,1,68,48,8.5
SP Narine,MA Chidambaram Stadium,8,152,140,6.514285714285714
SP Narine,Maharashtra Cricket Association Stadium,5,163,144,6.791666666666667
SP Narine,Narendra Modi Stadium,5,91,72,7.583333333333333
SP Narine,Punjab Cricket Association IS Bindra Stadium,5,118,96,7.375
SP Narine,Punjab Cricket Association Stadium,5,57,48,7.125
SP Narine,Rajiv Gandhi International Stadium,3,168,150,6.72
SP Narine,Sardar Patel Stadium,2,28,24,7.0
SP Narine,Saurashtra Cricket Association Stadium,0,33,24,8.25
SP Narine,Sawai Mansingh Stadium,2,127,96,7.9375
SP Narine,Shaheed Veer Narayan Singh International Stadium,0,14,24,3.5
SP Narine,Sharjah Cricket Stadium,9,166,156,6.384615384615385
SP Narine,Sheikh Zayed Stadium,12,193,168,6.892857142857143
SP Narine,Subrata Roy Sahara Stadium,5,51,72,4.25
SP Narine,Wankhede Stadium,15,365,325,6.7384615384615385
SP Narine,Zayed Cricket Stadium,4,81,72,6.75
SPD Smith,Subrata Roy Sahara Stadium,0,5,2,15.0
SR Tendulkar,Buffalo Park,0,19,6,19.0
SR Tendulkar,Kingsmead,0,7,6,7.0
SR Tendulkar,New Wanderers Stadium,0,21,12,10.5
SR Tendulkar,St George's Park,0,11,12,5.5
SR Watson,Brabourne Stadium,5,99,66,9.0
SR Watson,Dr DY Patil Sports Academy,3,55,48,6.875
SR Watson,Dubai International Cricket Stadium,0,5,6,5.0
SR Watson,Eden Gardens,3,193,137,8.452554744525548
SR Watson,Feroz Shah Kotla,4,90,78,6.923076923076923
SR Watson,Holkar Cricket Stadium,0,28,12,14.0
SR Watson,M Chinnaswamy Stadium,22,408,282,8.680851063829786
SR Watson,M.Chinnaswamy Stadium,1,42,36,7.0
SR Watson,MA Chidambaram Stadium,7,153,95,9.663157894736841
SR Watson,Maharashtra Cricket Association Stadium,3,159,114,8.368421052631579
SR Watson,Punjab Cricket Association IS Bindra Stadium,3,37,36,6.166666666666667
SR Watson,Punjab Cricket Association Stadium,8,121,108,6.722222222222222
SR Watson,Rajiv Gandhi International Stadium,4,162,108,9.0
SR Watson,Sardar Patel Stadium,7,77,66,7.0
SR Watson,Saurashtra Cricket Association Stadium,1,55,33,10.0
SR Watson,Sawai Mansingh Stadium,22,607,517,7.044487427466151
SR Watson,Shaheed Veer Narayan Singh International Stadium,1,27,24,6.75
SR Watson,Sheikh Zayed Stadium,1,5,12,2.5
SR Watson,Subrata Roy Sahara Stadium,0,28,24,7.0
SR Watson,Vidarbha Cricket Association Stadium,0,40,18,13.333333333333334
SR Watson,Wankhede Stadium,11,225,167,8.083832335329342
SS Agarwal,Saurashtra Cricket Association Stadium,1,42,24,10.5
SS Cottrell,Dubai International Cricket Stadium,2,80,54,8.88888888888889
SS Cottrell,Sharjah Cricket Stadium,1,52,18,17.333333333333332
SS Cottrell,Sheikh Zayed Stadium,1,20,24,5.0
SS Iyer,Wankhede Stadium,0,7,6,7.0
SS Sarkar,Kingsmead,1,15,18,5.0
SS Sarkar,New Wanderers Stadium,0,19,7,16.285714285714285
SSB Magala,MA Chidambaram Stadium,0,14,12,7.0
SSB Magala,Wankhede Stadium,1,37,24,9.25
ST Jayasuriya,Brabourne Stadium,0,35,18,11.666666666666666
ST Jayasuriya,Buffalo Park,0,13,6,13.0
ST Jayasuriya,Dr DY Patil Sports Academy,0,50,30,10.0
ST Jayasuriya,Eden Gardens,4,14,24,3.5
ST Jayasuriya,Feroz Shah Kotla,3,52,48,6.5
ST Jayasuriya,Kingsmead,5,37,30,7.4
ST Jayasuriya,New Wanderers Stadium,0,20,12,10.0
ST Jayasuriya,Newlands,2,34,24,8.5
ST Jayasuriya,Rajiv Gandhi International Stadium,0,13,12,6.5
ST Jayasuriya,Sawai Mansingh Stadium,0,24,24,6.0
ST Jayasuriya,SuperSport Park,1,59,42,8.428571428571429
ST Jayasuriya,Wankhede Stadium,1,39,24,9.75
STR Binny,Arun Jaitley Stadium,0,6,6,6.0
STR Binny,Brabourne Stadium,2,37,18,12.333333333333334
STR Binny,Dr. Y.S. Rajasekhara Reddy ACA-VDCA Cricket Stadium,0,12,12,6.0
STR Binny,Dubai International Cricket Stadium,1,10,6,10.0
STR Binny,Eden Gardens,2,45,30,9.0
STR Binny,Feroz Shah Kotla,0,22,18,7.333333333333333
STR Binny,M Chinnaswamy Stadium,2,78,66,7.090909090909091
STR Binny,MA Chidambaram Stadium,0,52,30,10.4
STR Binny,Maharashtra Cricket Association Stadium,2,89,54,9.88888888888889
STR Binny,Punjab Cricket Association IS Bindra Stadium,0,16,12,8.0
STR Binny,Punjab Cricket Association Stadium,1,26,18,8.666666666666666
STR Binny,Rajiv Gandhi International Stadium,2,41,24,10.25
STR Binny,Sardar Patel Stadium,3,39,36,6.5
STR Binny,Sawai Mansingh Stadium,7,158,150,6.32
STR Binny,Shaheed Veer Narayan Singh International Stadium,0,15,12,7.5
STR Binny,Sharjah Cricket Stadium,0,4,6,4.0
STR Binny,Sheikh Zayed Stadium,2,8,12,4.0
STR Binny,Subrata Roy Sahara Stadium,1,12,18,4.0
STR Binny,Wankhede Stadium,0,36,24,9.0
SW Tait,Brabourne Stadium,2,46,24,11.5
SW Tait,Eden Gardens,1,29,23,7.565217391304348
SW Tait,Feroz Shah Kotla,1,53,24,13.25
SW Tait,Holkar Cricket Stadium,0,36,18,12.0
SW Tait,M Chinnaswamy Stadium,0,30,18,10.0
SW Tait,MA Chidambaram Stadium,0,44,24,11.0
SW Tait,Punjab Cricket Association Stadium,8,62,67,5.552238805970149
SW Tait,Rajiv Gandhi International Stadium,0,35,22,9.545454545454545
SW Tait,Sardar Patel Stadium,6,99,96,6.1875
SW Tait,Sawai Mansingh Stadium,5,193,133,8.706766917293233
SW Tait,Subrata Roy Sahara Stadium,3,13,24,3.25
Sachin Baby,M Chinnaswamy Stadium,3,8,10,4.8
Sandeep Sharma,Arun Jaitley Stadium,3,123,93,7.935483870967742
Sandeep Sharma,Barabati Stadium,1,69,48,8.625
Sandeep Sharma,Barsapara Cricket Stadium,1,20,24,5.0
Sandeep Sharma,Dr DY Patil Sports Academy,1,54,48,6.75
Sandeep Sharma,Dr. Y.S. Rajasekhara Reddy ACA-VDCA Cricket Stadium,3,40,48,5.0
Sandeep Sharma,Dubai International Cricket Stadium,10,272,222,7.351351351351352
Sandeep Sharma,Eden Gardens,4,164,114,8.631578947368421
Sandeep Sharma,Feroz Shah Kotla,5,92,78,7.076923076923077
Sandeep Sharma,Himachal Pradesh Cricket Association Stadium,5,108,72,9.0
Sandeep Sharma,Holkar Cricket Stadium,3,98,66,8.909090909090908
Sandeep Sharma,M Chinnaswamy Stadium,13,202,138,8.782608695652174
Sandeep Sharma,M.Chinnaswamy Stadium,1,40,24,10.0
Sandeep Sharma,MA Chidambaram Stadium,2,151,83,10.915662650602409
Sandeep Sharma,Maharashtra Cricket Association Stadium,8,140,132,6.363636363636363
Sandeep Sharma,Narendra Modi Stadium,3,25,24,6.25
Sandeep Sharma,Punjab Cricket Association IS Bindra Stadium,17,306,246,7.463414634146342
Sandeep Sharma,Punjab Cricket Association Stadium,6,146,108,8.11111111111111
Sandeep Sharma,Rajiv Gandhi International Stadium,19,500,365,8.21917808219178
Sandeep Sharma,Saurashtra Cricket Association Stadium,3,71,48,8.875
Sandeep Sharma,Sawai Mansingh Stadium,5,172,138,7.478260869565218
Sandeep Sharma,Sharjah Cricket Stadium,9,159,138,6.913043478260869
Sandeep Sharma,Sheikh Zayed Stadium,4,72,72,6.0
Sandeep Sharma,Wankhede Stadium,11,322,217,8.903225806451614
Shahbaz Ahmed,Brabourne Stadium,3,66,42,9.428571428571429
Shahbaz Ahmed,Dr DY Patil Sports Academy,0,65,48,8.125
Shahbaz Ahmed,Dubai International Cricket Stadium,2,28,24,7.0
Shahbaz Ahmed,Eden Gardens,0,41,30,8.2
Shahbaz Ahmed,M Chinnaswamy Stadium,0,51,18,17.0
Shahbaz Ahmed,MA Chidambaram Stadium,3,21,18,7.0
Shahbaz Ahmed,Maharashtra Cricket Association Stadium,1,81,48,10.125
Shahbaz Ahmed,Narendra Modi Stadium,1,46,24,11.5
Shahbaz Ahmed,Rajiv Gandhi International Stadium,1,38,18,12.666666666666666
Shahbaz Ahmed,Sharjah Cricket Stadium,1,29,18,9.666666666666666
Shahbaz Ahmed,Sheikh Zayed Stadium,2,26,24,6.5
Shahbaz Ahmed,Wankhede Stadium,0,54,36,9.0
Shahbaz Ahmed,Zayed Cricket Stadium,0,21,24,5.25
Shahid Afridi,Dr DY Patil Sports Academy,2,32,24,8.0
Shahid Afridi,Feroz Shah Kotla,0,18,6,18.0
Shahid Afridi,M Chinnaswamy Stadium,1,23,24,5.75
Shahid Afridi,MA Chidambaram Stadium,1,27,18,9.0
Shahid Afridi,Rajiv Gandhi International Stadium,5,115,96,7.1875
Shahid Afridi,Sawai Mansingh Stadium,0,10,12,5.0
Shakib Al Hasan,Arun Jaitley Stadium,2,27,24,6.75
Shakib Al Hasan,Barabati Stadium,1,21,24,5.25
Shakib Al Hasan,Brabourne Stadium,0,36,24,9.0
Shakib Al Hasan,Dr DY Patil Sports Academy,2,16,24,4.0
Shakib Al Hasan,Dubai International Cricket Stadium,2,78,60,7.8
Shakib Al Hasan,Eden Gardens,26,627,473,7.953488372093024
Shakib Al Hasan,Feroz Shah Kotla,2,13,24,3.25
Shakib Al Hasan,JSCA International Stadium Complex,2,25,24,6.25
Shakib Al Hasan,M Chinnaswamy Stadium,2,47,42,6.714285714285714
Shakib Al Hasan,M.Chinnaswamy Stadium,0,35,24,8.75
Shakib Al Hasan,MA Chidambaram Stadium,3,133,102,7.823529411764706
Shakib Al Hasan,Maharashtra Cricket Association Stadium,2,55,42,7.857142857142857
Shakib Al Hasan,Punjab Cricket Association IS Bindra Stadium,0,56,36,9.333333333333334
Shakib Al Hasan,Rajiv Gandhi International Stadium,10,247,192,7.71875
Shakib Al Hasan,Sardar Patel Stadium,1,25,24,6.25
Shakib Al Hasan,Sawai Mansingh Stadium,3,87,67,7.791044776119404
Shakib Al Hasan,Sharjah Cricket Stadium,1,53,54,5.888888888888889
Shakib Al Hasan,Sheikh Zayed Stadium,1,29,24,7.25
Shakib Al Hasan,Subrata Roy Sahara Stadium,3,54,48,6.75
Shakib Al Hasan,Wankhede Stadium,7,152,128,7.125
Shashank Singh,Brabourne Stadium,0,10,6,10.0
Shashank Singh,Maharashtra Cricket Association Stadium,0,10,6,10.0
Shivam Mavi,Arun Jaitley Stadium,2,58,24,14.5
Shivam Mavi,Brabourne Stadium,1,34,24,8.5
Shivam Mavi,Dr DY Patil Sports Academy,1,36,24,9.0
Shivam Mavi,Dubai International Cricket Stadium,8,127,120,6.35
Shivam Mavi,Eden Gardens,3,151,102,8.882352941176471
Shivam Mavi,M.Chinnaswamy Stadium,0,21,18,7.0
Shivam Mavi,Maharashtra Cricket Association Stadium,1,50,24,12.5
Shivam Mavi,Narendra Modi Stadium,1,38,30,7.6
Shivam Mavi,Sawai Mansingh Stadium,2,40,24,10.0
Shivam Mavi,Sharjah Cricket Stadium,6,124,85,8.75294117647059
Shivam Mavi,Sheikh Zayed Stadium,4,103,72,8.583333333333334
Shivam Mavi,Wankhede Stadium,3,126,84,9.0
Shivam Sharma,Feroz Shah Kotla,0,32,24,8.0
Shivam Sharma,M Chinnaswamy Stadium,2,26,24,6.5
Shivam Sharma,Punjab Cricket Association Stadium,0,32,24,8.0
Shivam Sharma,Rajiv Gandhi International Stadium,1,31,24,7.75
Shoaib Ahmed,Buffalo Park,1,14,12,7.0
Shoaib Ahmed,De Beers Diamond Oval,2,25,18,8.333333333333334
Shoaib Ahmed,Kingsmead,0,55,24,13.75
Shoaib Ahmed,St George's Park,0,19,12,9.5
Shoaib Ahmed,SuperSport Park,2,39,36,6.5
Shoaib Akhtar,Eden Gardens,4,25,30,5.0
Shoaib Akhtar,Wankhede Stadium,1,29,12,14.5
Shoaib Malik,Dr DY Patil Sports Academy,1,6,6,6.0
Shoaib Malik,Feroz Shah Kotla,0,36,18,12.0
Shoaib Malik,MA Chidambaram Stadium,0,11,6,11.0
Shoaib Malik,Punjab Cricket Association Stadium,1,32,21,9.142857142857142
Sikandar Raza,Arun Jaitley Stadium,0,3,6,3.0
Sikandar Raza,Barsapara Cricket Stadium,0,24,12,12.0
Sikandar Raza,Bharat Ratna Shri Atal Bihari Vajpayee Ekana Cricket Stadium,1,23,12,11.5
Sikandar Raza,MA Chidambaram Stadium,1,31,18,10.333333333333334
Sikandar Raza,Punjab Cricket Association IS Bindra Stadium,1,42,24,10.5
Simarjeet Singh,Brabourne Stadium,1,18,18,6.0
Simarjeet Singh,Dr DY Patil Sports Academy,2,27,24,6.75
Simarjeet Singh,Maharashtra Cricket Association Stadium,0,45,24,11.25
Simarjeet Singh,Wankhede Stadium,1,48,42,6.857142857142857
Sohail Tanvir,Dr DY Patil Sports Academy,1,53,43,7.395348837209302
Sohail Tanvir,Eden Gardens,3,26,24,6.5
Sohail Tanvir,M Chinnaswamy Stadium,0,31,24,7.75
Sohail Tanvir,MA Chidambaram Stadium,3,33,24,8.25
Sohail Tanvir,Sawai Mansingh Stadium,17,107,120,5.35
Sohail Tanvir,Wankhede Stadium,0,16,12,8.0
Sunny Gupta,MA Chidambaram Stadium,0,47,18,15.666666666666666
Suyash Sharma,Eden Gardens,5,200,144,8.333333333333334
Suyash Sharma,M Chinnaswamy Stadium,3,30,24,7.5
Suyash Sharma,MA Chidambaram Stadium,0,29,18,9.666666666666666
Suyash Sharma,Narendra Modi Stadium,1,35,24,8.75
Suyash Sharma,Wankhede Stadium,2,27,24,6.75
Swapnil Singh,Bharat Ratna Shri Atal Bihari Vajpayee Ekana Cricket Stadium,0,11,6,11.0
Swapnil Singh,Eden Gardens,0,29,18,9.666666666666666
Swapnil Singh,Holkar Cricket Stadium,1,36,24,9.0
Swapnil Singh,Maharashtra Cricket Association Stadium,0,6,6,6.0
Swapnil Singh,Narendra Modi Stadium,0,7,6,7.0
Swapnil Singh,Punjab Cricket Association IS Bindra Stadium,0,19,12,9.5
T Henderson,Kingsmead,0,10,12,5.0
T Henderson,Newlands,1,30,24,7.5
T Natarajan,Arun Jaitley Stadium,1,34,24,8.5
T Natarajan,Bharat Ratna Shri Atal Bihari Vajpayee Ekana Cricket Stadium,0,23,18,7.666666666666667
T Natarajan,Brabourne Stadium,6,47,42,6.714285714285714
T Natarajan,Dr DY Patil Sports Academy,8,128,96,8.0
T Natarajan,Dubai International Cricket Stadium,12,269,191,8.450261780104713
T Natarajan,Eden Gardens,1,54,24,13.5
T Natarajan,Holkar Cricket Stadium,1,39,24,9.75
T Natarajan,M Chinnaswamy Stadium,0,15,6,15.0
T Natarajan,MA Chidambaram Stadium,2,69,48,8.625
T Natarajan,Maharashtra Cricket Association Stadium,5,128,72,10.666666666666666
T Natarajan,Narendra Modi Stadium,1,34,24,8.5
T Natarajan,Punjab Cricket Association IS Bindra Stadium,1,39,28,8.357142857142856
T Natarajan,Rajiv Gandhi International Stadium,10,229,156,8.807692307692308
T Natarajan,Saurashtra Cricket Association Stadium,0,22,18,7.333333333333333
T Natarajan,Sawai Mansingh Stadium,0,36,24,9.0
T Natarajan,Sharjah Cricket Stadium,1,78,72,6.5
T Natarajan,Sheikh Zayed Stadium,4,117,90,7.8
T Natarajan,Wankhede Stadium,1,103,48,12.875
T Shamsi,M Chinnaswamy Stadium,0,51,24,12.75
T Shamsi,Maharashtra Cricket Association Stadium,1,36,24,9.0
T Shamsi,Rajiv Gandhi International Stadium,1,39,24,9.75
T Shamsi,Saurashtra Cricket Association Stadium,1,21,24,5.25
T Shamsi,Zayed Cricket Stadium,0,34,24,8.5
T Stubbs,MA Chidambaram Stadium,1,14,12,7.0
T Thushara,Kingsmead,2,28,24,7.0
T Thushara,MA Chidambaram Stadium,3,46,39,7.076923076923077
T Thushara,Newlands,1,32,24,8.0
T Thushara,Sardar Patel Stadium,4,28,24,7.0
T Thushara,Vidarbha Cricket Association Stadium,0,27,24,6.75
TA Boult,Arun Jaitley Stadium,16,333,227,8.801762114537445
TA Boult,Barsapara Cricket Stadium,3,67,48,8.375
TA Boult,Brabourne Stadium,4,110,72,9.166666666666666
TA Boult,Dr DY Patil Sports Academy,3,87,66,7.909090909090909
TA Boult,Dr. Y.S. Rajasekhara Reddy ACA-VDCA Cricket Stadium,3,88,66,8.0
TA Boult,Dubai International Cricket Stadium,11,112,108,6.222222222222222
TA Boult,Eden Gardens,8,181,138,7.869565217391305
TA Boult,Feroz Shah Kotla,1,39,24,9.75
TA Boult,Himachal Pradesh Cricket Association Stadium,1,35,24,8.75
TA Boult,M Chinnaswamy Stadium,6,107,72,8.916666666666666
TA Boult,M.Chinnaswamy Stadium,1,33,24,8.25
TA Boult,MA Chidambaram Stadium,9,215,158,8.164556962025317
TA Boult,Maharashtra Cricket Association Stadium,3,91,66,8.272727272727273
TA Boult,Narendra Modi Stadium,3,88,72,7.333333333333333
TA Boult,Punjab Cricket Association IS Bindra Stadium,1,34,23,8.869565217391305
TA Boult,Punjab Cricket Association Stadium,3,19,24,4.75
TA Boult,Rajiv Gandhi International Stadium,3,140,96,8.75
TA Boult,Saurashtra Cricket Association Stadium,1,40,24,10.0
TA Boult,Sawai Mansingh Stadium,2,70,60,7.0
TA Boult,Sharjah Cricket Stadium,7,94,96,5.875
TA Boult,Sheikh Zayed Stadium,9,269,188,8.585106382978724
TA Boult,Wankhede Stadium,10,370,239,9.288702928870292
TA Boult,Zayed Cricket Stadium,1,83,54,9.222222222222221
TG Southee,Arun Jaitley Stadium,0,41,24,10.25
TG Southee,Brabourne Stadium,0,31,24,7.75
TG Southee,Dr DY Patil Sports Academy,8,144,114,7.578947368421052
TG Southee,Dr. Y.S. Rajasekhara Reddy ACA-VDCA Cricket Stadium,2,87,72,7.25
TG Southee,Dubai International Cricket Stadium,2,93,72,7.75
TG Southee,Eden Gardens,2,107,60,10.7
TG Southee,Feroz Shah Kotla,0,57,42,8.142857142857142
TG Southee,Holkar Cricket Stadium,0,19,12,9.5
TG Southee,M Chinnaswamy Stadium,1,50,36,8.333333333333334
TG Southee,M.Chinnaswamy Stadium,3,222,126,10.571428571428571
TG Southee,MA Chidambaram Stadium,2,62,48,7.75
TG Southee,Maharashtra Cricket Association Stadium,9,186,138,8.08695652173913
TG Southee,Nehru Stadium,0,38,18,12.666666666666666
TG Southee,Punjab Cricket Association IS Bindra Stadium,4,82,48,10.25
TG Southee,Punjab Cricket Association Stadium,1,33,24,8.25
TG Southee,Rajiv Gandhi International Stadium,8,54,48,6.75
TG Southee,Sardar Patel Stadium,1,79,42,11.285714285714286
TG Southee,Sawai Mansingh Stadium,1,37,24,9.25
TG Southee,Sharjah Cricket Stadium,3,29,24,7.25
TG Southee,Sheikh Zayed Stadium,0,16,18,5.333333333333333
TG Southee,Wankhede Stadium,7,243,168,8.678571428571429
TK Curran,Dubai International Cricket Stadium,4,66,46,8.608695652173912
TK Curran,Eden Gardens,2,60,31,11.61290322580645
TK Curran,MA Chidambaram Stadium,2,39,18,13.0
TK Curran,Sawai Mansingh Stadium,2,19,12,9.5
TK Curran,Sharjah Cricket Stadium,2,98,48,12.25
TK Curran,Sheikh Zayed Stadium,0,73,37,11.837837837837837
TK Curran,Wankhede Stadium,1,75,46,9.782608695652174
TL Suman,Buffalo Park,1,29,18,9.666666666666666
TL Suman,De Beers Diamond Oval,2,24,18,8.0
TL Suman,Dr DY Patil Sports Academy,0,16,6,16.0
TL Suman,MA Chidambaram Stadium,0,8,6,8.0
TL Suman,New Wanderers Stadium,1,23,24,5.75
TL Suman,Punjab Cricket Association Stadium,0,23,18,7.666666666666667
TL Suman,Subrata Roy Sahara Stadium,1,15,12,7.5
TL Suman,SuperSport Park,2,32,30,6.4
TL Suman,Wankhede Stadium,0,27,18,9.0
TM Dilshan,Eden Gardens,0,34,24,8.5
TM Dilshan,Feroz Shah Kotla,1,55,25,13.2
TM Dilshan,Kingsmead,0,8,12,4.0
TM Dilshan,M Chinnaswamy Stadium,1,64,36,10.666666666666666
TM Dilshan,MA Chidambaram Stadium,1,40,36,6.666666666666667
TM Dilshan,Nehru Stadium,1,30,24,7.5
TM Dilshan,New Wanderers Stadium,0,41,42,5.857142857142857
TM Dilshan,OUTsurance Oval,0,17,12,8.5
TM Dilshan,Punjab Cricket Association Stadium,1,7,6,7.0
TM Dilshan,Rajiv Gandhi International Stadium,0,28,18,9.333333333333334
TM Dilshan,SuperSport Park,0,32,30,6.4
TM Head,Feroz Shah Kotla,2,30,18,10.0
TM Head,M Chinnaswamy Stadium,0,22,12,11.0
TM Head,Rajiv Gandhi International Stadium,0,11,6,11.0
TM Head,Saurashtra Cricket Association Stadium,1,18,12,9.0
TP Sudhindra,Dr. Y.S. Rajasekhara Reddy ACA-VDCA Cricket Stadium,1,46,24,11.5
TP Sudhindra,Punjab Cricket Association Stadium,0,47,24,11.75
TP Sudhindra,Rajiv Gandhi International Stadium,0,43,22,11.727272727272728
TS Mills,Brabourne Stadium,1,80,36,13.333333333333334
TS Mills,Dr DY Patil Sports Academy,3,35,24,8.75
TS Mills,Eden Gardens,2,31,24,7.75
TS Mills,Holkar Cricket Stadium,1,22,12,11.0
TS Mills,M Chinnaswamy Stadium,0,36,23,9.391304347826086
TS Mills,M.Chinnaswamy Stadium,1,33,24,8.25
TS Mills,Maharashtra Cricket Association Stadium,2,75,42,10.714285714285714
TS Mills,Rajiv Gandhi International Stadium,1,31,24,7.75
TU Deshpande,Arun Jaitley Stadium,1,26,24,6.5
TU Deshpande,Brabourne Stadium,1,40,24,10.0
TU Deshpande,Dubai International Cricket Stadium,2,113,54,12.555555555555555
TU Deshpande,Eden Gardens,2,43,24,10.75
TU Deshpande,M Chinnaswamy Stadium,3,45,24,11.25
TU Deshpande,MA Chidambaram Stadium,13,270,177,9.152542372881356
TU Deshpande,Narendra Modi Stadium,1,107,44,14.590909090909092
TU Deshpande,Sawai Mansingh Stadium,2,42,24,10.5
TU Deshpande,Sharjah Cricket Stadium,1,39,24,9.75
TU Deshpande,Sheikh Zayed Stadium,0,40,24,10.0
TU Deshpande,Wankhede Stadium,2,54,36,9.0
Tejas Baroka,Rajiv Gandhi International Stadium,0,33,21,9.428571428571429
Tilak Varma,Arun Jaitley Stadium,0,7,6,7.0
Tilak Varma,Brabourne Stadium,0,7,6,7.0
Tilak Varma,Maharashtra Cricket Association Stadium,0,6,6,6.0
UT Yadav,Arun Jaitley Stadium,1,73,48,9.125
UT Yadav,Barabati Stadium,2,94,66,8.545454545454545
UT Yadav,Brabourne Stadium,3,159,96,9.9375
UT Yadav,Dr DY Patil Sports Academy,3,117,96,7.3125
UT Yadav,Dr. Y.S. Rajasekhara Reddy ACA-VDCA Cricket Stadium,1,40,24,10.0
UT Yadav,Dubai International Cricket Stadium,1,85,42,12.142857142857142
UT Yadav,Eden Gardens,20,681,486,8.407407407407407
UT Yadav,Feroz Shah Kotla,38,799,558,8.591397849462366
UT Yadav,Himachal Pradesh Cricket Association Stadium,3,57,48,7.125
UT Yadav,Holkar Cricket Stadium,3,23,24,5.75
UT Yadav,M Chinnaswamy Stadium,10,260,165,9.454545454545455
UT Yadav,M.Chinnaswamy Stadium,15,383,259,8.872586872586874
UT Yadav,MA Chidambaram Stadium,4,137,114,7.2105263157894735
UT Yadav,Maharashtra Cricket Association Stadium,9,136,120,6.8
UT Yadav,Narendra Modi Stadium,0,24,18,8.0
UT Yadav,Nehru Stadium,0,28,18,9.333333333333334
UT Yadav,Punjab Cricket Association IS Bindra Stadium,4,112,84,8.0
UT Yadav,Rajiv Gandhi International Stadium,8,194,137,8.496350364963504
UT Yadav,Sardar Patel Stadium,0,31,18,10.333333333333334
UT Yadav,Sawai Mansingh Stadium,4,121,89,8.157303370786517
UT Yadav,Shaheed Veer Narayan Singh International Stadium,4,60,48,7.5
UT Yadav,Sharjah Cricket Stadium,1,40,24,10.0
UT Yadav,Sheikh Zayed Stadium,0,28,24,7.0
UT Yadav,Subrata Roy Sahara Stadium,2,129,72,10.75
UT Yadav,Wankhede Stadium,15,266,216,7.388888888888889
Umar Gul,Eden Gardens,7,83,63,7.904761904761905
Umar Gul,Punjab Cricket Association Stadium,2,27,24,6.75
Umar Gul,Rajiv Gandhi International Stadium,1,43,24,10.75
Umar Gul,Sawai Mansingh Stadium,4,31,24,7.75
Umran Malik,Arun Jaitley Stadium,0,22,6,22.0
Umran Malik,Bharat Ratna Shri Atal Bihari Vajpayee Ekana Cricket Stadium,1,22,12,11.0
Umran Malik,Brabourne Stadium,3,92,72,7.666666666666667
Umran Malik,Dr DY Patil Sports Academy,6,135,84,9.642857142857142
Umran Malik,Dubai International Cricket Stadium,0,27,24,6.75
Umran Malik,Eden Gardens,1,36,12,18.0
Umran Malik,MA Chidambaram Stadium,1,18,18,6.0
Umran Malik,Maharashtra Cricket Association Stadium,5,120,72,10.0
Umran Malik,Rajiv Gandhi International Stadium,3,78,54,8.666666666666666
Umran Malik,Wankhede Stadium,9,139,85,9.811764705882354
Umran Malik,Zayed Cricket Stadium,2,69,48,8.625
V Kohli,Dr DY Patil Sports Academy,0,10,6,10.0
V Kohli,Eden Gardens,0,10,8,7.5
V Kohli,Feroz Shah Kotla,0,11,6,11.0
V Kohli,Himachal Pradesh Cricket Association Stadium,0,13,6,13.0
V Kohli,M Chinnaswamy Stadium,1,93,54,10.333333333333334
V Kohli,MA Chidambaram Stadium,0,65,36,10.833333333333334
V Kohli,Nehru Stadium,1,14,12,7.0
V Kohli,New Wanderers Stadium,0,12,12,6.0
V Kohli,Punjab Cricket Association Stadium,0,9,6,9.0
V Kohli,Rajiv Gandhi International Stadium,2,25,22,6.818181818181818
V Kohli,Sardar Patel Stadium,1,4,5,4.8
V Kohli,Sawai Mansingh Stadium,0,33,30,6.6
V Kohli,St George's Park,0,9,6,9.0
V Kohli,SuperSport Park,0,25,18,8.333333333333334
V Kohli,Vidarbha Cricket Association Stadium,0,16,12,8.0
V Kohli,Wankhede Stadium,0,19,12,9.5
V Pratap Singh,Barabati Stadium,2,66,48,8.25
V Pratap Singh,Feroz Shah Kotla,1,31,24,7.75
V Pratap Singh,M Chinnaswamy Stadium,1,34,18,11.333333333333334
V Pratap Singh,MA Chidambaram Stadium,2,35,18,11.666666666666666
V Pratap Singh,Rajiv Gandhi International Stadium,5,102,72,8.5
V Pratap Singh,Wankhede Stadium,1,28,24,7.0
V Sehwag,Dr DY Patil Sports Academy,1,2,6,2.0
V Sehwag,Eden Gardens,0,7,6,7.0
V Sehwag,Feroz Shah Kotla,1,105,52,12.115384615384617
V Sehwag,MA Chidambaram Stadium,3,60,42,8.571428571428571
V Sehwag,Sawai Mansingh Stadium,1,36,24,9.0
V Sehwag,SuperSport Park,0,25,6,25.0
V Shankar,Arun Jaitley Stadium,1,66,30,13.2
V Shankar,Dr DY Patil Sports Academy,0,1,3,2.0
V Shankar,Dubai International Cricket Stadium,3,62,55,6.763636363636364
V Shankar,Eden Gardens,0,12,6,12.0
V Shankar,JSCA International Stadium Complex,0,19,6,19.0
V Shankar,M.Chinnaswamy Stadium,0,16,6,16.0
V Shankar,MA Chidambaram Stadium,3,39,30,7.8
V Shankar,Maharashtra Cricket Association Stadium,2,36,18,12.0
V Shankar,Rajiv Gandhi International Stadium,2,54,42,7.714285714285714
VG Arora,Brabourne Stadium,2,86,60,8.6
VG Arora,Dr DY Patil Sports Academy,0,35,23,9.130434782608695
VG Arora,Eden Gardens,2,62,42,8.857142857142858
VG Arora,M Chinnaswamy Stadium,0,22,12,11.0
VG Arora,MA Chidambaram Stadium,1,30,24,7.5
VG Arora,Maharashtra Cricket Association Stadium,2,43,24,10.75
VG Arora,Rajiv Gandhi International Stadium,2,32,18,10.666666666666666
VR Aaron,Arun Jaitley Stadium,0,21,12,10.5
VR Aaron,Dubai International Cricket Stadium,4,81,59,8.23728813559322
VR Aaron,Eden Gardens,5,81,60,8.1
VR Aaron,Feroz Shah Kotla,9,182,142,7.690140845070422
VR Aaron,Himachal Pradesh Cricket Association Stadium,0,51,48,6.375
VR Aaron,Holkar Cricket Stadium,2,21,24,5.25
VR Aaron,JSCA International Stadium Complex,2,29,18,9.666666666666666
VR Aaron,M Chinnaswamy Stadium,5,390,227,10.308370044052863
VR Aaron,MA Chidambaram Stadium,3,111,68,9.794117647058822
VR Aaron,Maharashtra Cricket Association Stadium,0,7,6,7.0
VR Aaron,Punjab Cricket Association IS Bindra Stadium,2,71,54,7.888888888888889
VR Aaron,Rajiv Gandhi International Stadium,4,93,66,8.454545454545455
VR Aaron,Sawai Mansingh Stadium,2,52,30,10.4
VR Aaron,Sharjah Cricket Stadium,4,50,54,5.555555555555555
VR Aaron,Sheikh Zayed Stadium,0,47,24,11.75
VR Aaron,Subrata Roy Sahara Stadium,1,48,24,12.0
VR Aaron,Wankhede Stadium,3,123,72,10.25
VR Iyer,Brabourne Stadium,0,14,6,14.0
VR Iyer,Dr DY Patil Sports Academy,0,18,12,9.0
VR Iyer,Dubai International Cricket Stadium,1,35,21,10.0
VR Iyer,Sharjah Cricket Stadium,2,29,24,7.25
VR Iyer,Wankhede Stadium,0,14,6,14.0
VR Iyer,Zayed Cricket Stadium,0,5,6,5.0
VRV Singh,Eden Gardens,2,28,24,7.0
VRV Singh,Feroz Shah Kotla,0,33,12,16.5
VRV Singh,Himachal Pradesh Cricket Association Stadium,0,40,18,13.333333333333334
VRV Singh,Kingsmead,1,22,12,11.0
VRV Singh,M Chinnaswamy Stadium,2,33,24,8.25
VRV Singh,MA Chidambaram Stadium,1,35,24,8.75
VRV Singh,Newlands,0,24,30,4.8
VRV Singh,Punjab Cricket Association Stadium,7,187,144,7.791666666666667
VRV Singh,Rajiv Gandhi International Stadium,0,34,24,8.5
VRV Singh,SuperSport Park,0,36,12,18.0
VRV Singh,Wankhede Stadium,3,70,36,11.666666666666666
VS Malik,Brabourne Stadium,0,21,12,10.5
VS Malik,Eden Gardens,0,26,24,6.5
VS Malik,Feroz Shah Kotla,2,14,18,4.666666666666667
VS Malik,Himachal Pradesh Cricket Association Stadium,1,23,13,10.615384615384617
VS Malik,Kingsmead,2,64,42,9.142857142857142
VS Malik,Newlands,0,11,6,11.0
VS Malik,Punjab Cricket Association Stadium,1,47,36,7.833333333333333
VS Malik,Rajiv Gandhi International Stadium,0,13,12,6.5
VS Malik,Sawai Mansingh Stadium,0,19,18,6.333333333333333
VS Malik,St George's Park,0,23,24,5.75
VS Yeligati,MA Chidambaram Stadium,0,16,6,16.0
VS Yeligati,Wankhede Stadium,0,43,24,10.75
VY Mahesh,Dr DY Patil Sports Academy,3,33,24,8.25
VY Mahesh,Eden Gardens,2,34,24,8.5
VY Mahesh,Feroz Shah Kotla,7,104,72,8.666666666666666
VY Mahesh,Himachal Pradesh Cricket Association Stadium,0,27,12,13.5
VY Mahesh,M Chinnaswamy Stadium,0,25,24,6.25
VY Mahesh,MA Chidambaram Stadium,1,42,30,8.4
VY Mahesh,Newlands,1,25,12,12.5
VY Mahesh,Punjab Cricket Association Stadium,2,46,42,6.571428571428571
VY Mahesh,Rajiv Gandhi International Stadium,1,35,24,8.75
VY Mahesh,Sawai Mansingh Stadium,2,56,37,9.08108108108108
VY Mahesh,Subrata Roy Sahara Stadium,1,22,14,9.428571428571429
VY Mahesh,Wankhede Stadium,2,50,24,12.5
Vijaykumar Vyshak,M Chinnaswamy Stadium,7,187,108,10.38888888888889
Vijaykumar Vyshak,Punjab Cricket Association IS Bindra Stadium,2,29,18,9.666666666666666
Vijaykumar Vyshak,Wankhede Stadium,2,37,18,12.333333333333334
Vivrant Sharma,Sawai Mansingh Stadium,0,18,12,9.0
Vivrant Sharma,Wankhede Stadium,0,19,6,19.0
WA Mota,De Beers Diamond Oval,1,26,24,6.5
WA Mota,Kingsmead,1,11,18,3.6666666666666665
WA Mota,New Wanderers Stadium,0,18,6,18.0
WA Mota,OUTsurance Oval,1,6,6,6.0
WA Mota,Punjab Cricket Association Stadium,1,24,12,12.0
WA Mota,Sawai Mansingh Stadium,0,12,6,12.0
WD Parnell,Barabati Stadium,1,25,24,6.25
WD Parnell,Dr DY Patil Sports Academy,7,135,104,7.788461538461539
WD Parnell,Dubai International Cricket Stadium,0,38,24,9.5
WD Parnell,Eden Gardens,0,37,24,9.25
WD Parnell,Feroz Shah Kotla,4,123,94,7.851063829787234
WD Parnell,JSCA International Stadium Complex,3,34,24,8.5
WD Parnell,M Chinnaswamy Stadium,5,159,91,10.483516483516484
WD Parnell,Punjab Cricket Association IS Bindra Stadium,1,32,18,10.666666666666666
WD Parnell,Punjab Cricket Association Stadium,2,12,24,3.0
WD Parnell,Rajiv Gandhi International Stadium,1,73,48,9.125
WD Parnell,Sawai Mansingh Stadium,6,37,41,5.414634146341464
WD Parnell,Sharjah Cricket Stadium,1,36,42,5.142857142857143
WD Parnell,Subrata Roy Sahara Stadium,6,124,102,7.294117647058823
WD Parnell,Wankhede Stadium,3,72,63,6.857142857142857
WPUJC Vaas,Barabati Stadium,5,48,48,6.0
WPUJC Vaas,De Beers Diamond Oval,2,19,24,4.75
WPUJC Vaas,Dr DY Patil Sports Academy,2,22,18,7.333333333333333
WPUJC Vaas,Eden Gardens,2,9,18,3.0
WPUJC Vaas,Feroz Shah Kotla,1,19,24,4.75
WPUJC Vaas,Kingsmead,3,52,24,13.0
WPUJC Vaas,MA Chidambaram Stadium,3,21,24,5.25
WPUJC Vaas,Rajiv Gandhi International Stadium,4,136,84,9.714285714285714
WPUJC Vaas,Sardar Patel Stadium,0,29,18,9.666666666666666
Washington Sundar,Arun Jaitley Stadium,1,29,24,7.25
Washington Sundar,Bharat Ratna Shri Atal Bihari Vajpayee Ekana Cricket Stadium,0,11,6,11.0
Washington Sundar,Dr DY Patil Sports Academy,4,63,66,5.7272727272727275
Washington Sundar,Dubai International Cricket Stadium,2,108,102,6.352941176470588
Washington Sundar,Eden Gardens,3,86,48,10.75
Washington Sundar,Feroz Shah Kotla,1,23,18,7.666666666666667
Washington Sundar,M.Chinnaswamy Stadium,6,157,114,8.263157894736842
Washington Sundar,MA Chidambaram Stadium,2,70,58,7.241379310344828
Washington Sundar,Maharashtra Cricket Association Stadium,2,157,102,9.235294117647058
Washington Sundar,Narendra Modi Stadium,0,28,24,7.0
Washington Sundar,Rajiv Gandhi International Stadium,3,131,114,6.894736842105263
Washington Sundar,Sharjah Cricket Stadium,4,79,66,7.181818181818182
Washington Sundar,Sheikh Zayed Stadium,2,99,108,5.5
Washington Sundar,Wankhede Stadium,7,199,150,7.96
Y Gnaneswara Rao,Holkar Cricket Stadium,0,7,6,7.0
Y Nagar,Barabati Stadium,1,28,18,9.333333333333334
Y Nagar,Feroz Shah Kotla,1,57,30,11.4
Y Nagar,New Wanderers Stadium,2,20,12,10.0
Y Nagar,Rajiv Gandhi International Stadium,0,20,6,20.0
Y Prithvi Raj,Eden Gardens,0,28,12,14.0
Y Prithvi Raj,Rajiv Gandhi International Stadium,1,29,18,9.666666666666666
Y Venugopal Rao,De Beers Diamond Oval,0,3,6,3.0
Y Venugopal Rao,Dr DY Patil Sports Academy,0,14,6,14.0
Y Venugopal Rao,Dubai International Cricket Stadium,0,9,6,9.0
Y Venugopal Rao,Eden Gardens,0,10,6,10.0
Y Venugopal Rao,Feroz Shah Kotla,0,49,24,12.25
Y Venugopal Rao,Kingsmead,1,68,48,8.5
Y Venugopal Rao,New Wanderers Stadium,1,8,12,4.0
Y Venugopal Rao,Punjab Cricket Association Stadium,0,23,12,11.5
Y Venugopal Rao,Rajiv Gandhi International Stadium,3,95,66,8.636363636363637
Y Venugopal Rao,Sawai Mansingh Stadium,0,15,6,15.0
Y Venugopal Rao,St George's Park,2,23,12,11.5
Y Venugopal Rao,SuperSport Park,0,20,12,10.0
YA Abdulla,Kingsmead,10,150,102,8.823529411764707
YA Abdulla,M Chinnaswamy Stadium,0,36,17,12.705882352941176
YA Abdulla,Newlands,3,40,30,8.0
YA Abdulla,Punjab Cricket Association Stadium,1,30,24,7.5
YA Abdulla,St George's Park,1,33,24,8.25
YA Abdulla,SuperSport Park,0,18,12,9.0
YBK Jaiswal,Wankhede Stadium,0,6,1,36.0
YK Pathan,Barabati Stadium,0,29,18,9.666666666666666
YK Pathan,Brabourne Stadium,0,22,12,11.0
YK Pathan,De Beers Diamond Oval,3,62,48,7.75
YK Pathan,Dr DY Patil Sports Academy,5,45,48,5.625
YK Pathan,Dr. Y.S. Rajasekhara Reddy ACA-VDCA Cricket Stadium,0,18,12,9.0
YK Pathan,Eden Gardens,13,353,295,7.179661016949153
YK Pathan,Feroz Shah Kotla,1,74,67,6.6268656716417915
YK Pathan,Green Park,0,6,6,6.0
YK Pathan,JSCA International Stadium Complex,0,6,6,6.0
YK Pathan,Kingsmead,1,53,42,7.571428571428571
YK Pathan,M Chinnaswamy Stadium,0,17,12,8.5
YK Pathan,MA Chidambaram Stadium,2,139,84,9.928571428571429
YK Pathan,Nehru Stadium,1,16,18,5.333333333333333
YK Pathan,Newlands,0,47,36,7.833333333333333
YK Pathan,OUTsurance Oval,0,4,6,4.0
YK Pathan,Punjab Cricket Association IS Bindra Stadium,1,6,6,6.0
YK Pathan,Punjab Cricket Association Stadium,3,40,30,8.0
YK Pathan,Rajiv Gandhi International Stadium,2,93,66,8.454545454545455
YK Pathan,Sardar Patel Stadium,4,61,60,6.1
YK Pathan,Saurashtra Cricket Association Stadium,0,15,6,15.0
YK Pathan,Sawai Mansingh Stadium,5,188,150,7.52
YK Pathan,Shaheed Veer Narayan Singh International Stadium,0,11,5,13.2
YK Pathan,St George's Park,1,19,24,4.75
YK Pathan,Subrata Roy Sahara Stadium,2,12,12,6.0
YK Pathan,SuperSport Park,2,31,30,6.2
YK Pathan,Vidarbha Cricket Association Stadium,0,3,12,1.5
YK Pathan,Wankhede Stadium,0,18,12,9.0
YS Chahal,Arun Jaitley Stadium,4,69,48,8.625
YS Chahal,Barsapara Cricket Stadium,4,77,48,9.625
YS Chahal,Brabourne Stadium,8,108,72,9.0
YS Chahal,Dr DY Patil Sports Academy,5,134,96,8.375
YS Chahal,Dubai International Cricket Stadium,18,265,258,6.162790697674419
YS Chahal,Eden Gardens,9,297,204,8.735294117647058
YS Chahal,Feroz Shah Kotla,0,24,18,8.0
YS Chahal,Himachal Pradesh Cricket Association Stadium,0,40,24,10.0
YS Chahal,Holkar Cricket Stadium,2,35,33,6.363636363636363
YS Chahal,JSCA International Stadium Complex,2,55,48,6.875
YS Chahal,M Chinnaswamy Stadium,34,715,533,8.048780487804878
YS Chahal,M.Chinnaswamy Stadium,16,380,318,7.169811320754717
YS Chahal,MA Chidambaram Stadium,7,173,144,7.208333333333333
YS Chahal,Maharashtra Cricket Association Stadium,6,119,102,7.0
YS Chahal,Narendra Modi Stadium,3,145,108,8.055555555555555
YS Chahal,Punjab Cricket Association IS Bindra Stadium,4,63,48,7.875
YS Chahal,Punjab Cricket Association Stadium,2,25,12,12.5
YS Chahal,Rajiv Gandhi International Stadium,7,174,132,7.909090909090909
YS Chahal,Sardar Patel Stadium,2,25,19,7.894736842105264
YS Chahal,Saurashtra Cricket Association Stadium,4,64,48,8.0
YS Chahal,Sawai Mansingh Stadium,7,193,155,7.4709677419354845
YS Chahal,Shaheed Veer Narayan Singh International Stadium,3,32,24,8.0
YS Chahal,Sharjah Cricket Stadium,13,181,181,6.0
YS Chahal,Sheikh Zayed Stadium,9,146,138,6.3478260869565215
YS Chahal,Wankhede Stadium,18,393,282,8.361702127659575
YS Chahal,Zayed Cricket Stadium,2,50,36,8.333333333333334
Yash Dayal,Arun Jaitley Stadium,0,12,6,12.0
Yash Dayal,Dr DY Patil Sports Academy,5,82,48,10.25
Yash Dayal,Eden Gardens,3,46,24,11.5
Yash Dayal,M Chinnaswamy Stadium,1,39,24,9.75
Yash Dayal,Maharashtra Cricket Association Stadium,3,64,36,10.666666666666666
Yash Dayal,Narendra Modi Stadium,2,132,72,11.0
Yash Dayal,Wankhede Stadium,1,86,66,7.818181818181818
Yash Thakur,Bharat Ratna Shri Atal Bihari Vajpayee Ekana Cricket Stadium,4,75,54,8.333333333333334
Yash Thakur,Eden Gardens,3,31,18,10.333333333333334
Yash Thakur,MA Chidambaram Stadium,3,70,48,8.75
Yash Thakur,Narendra Modi Stadium,0,48,24,12.0
Yash Thakur,Punjab Cricket Association IS Bindra Stadium,4,37,23,9.652173913043478
Yash Thakur,Rajiv Gandhi International Stadium,1,28,24,7.0
Yudhvir Singh,Bharat Ratna Shri Atal Bihari Vajpayee Ekana Cricket Stadium,2,19,18,6.333333333333333
Yudhvir Singh,Rajiv Gandhi International Stadium,1,24,18,8.0
Yudhvir Singh,Sawai Mansingh Stadium,0,27,12,13.5
Yuvraj Singh,Barabati Stadium,3,21,24,5.25
Yuvraj Singh,De Beers Diamond Oval,0,11,6,11.0
Yuvraj Singh,Dr DY Patil Sports Academy,7,112,96,7.0
Yuvraj Singh,Dr. Y.S. Rajasekhara Reddy ACA-VDCA Cricket Stadium,0,20,12,10.0
Yuvraj Singh,Dubai International Cricket Stadium,0,19,18,6.333333333333333
Yuvraj Singh,Eden Gardens,2,48,30,9.6
Yuvraj Singh,Feroz Shah Kotla,1,41,36,6.833333333333333
Yuvraj Singh,Himachal Pradesh Cricket Association Stadium,1,29,18,9.666666666666666
Yuvraj Singh,JSCA International Stadium Complex,0,11,6,11.0
Yuvraj Singh,Kingsmead,3,59,48,7.375
Yuvraj Singh,M Chinnaswamy Stadium,5,140,102,8.235294117647058
Yuvraj Singh,MA Chidambaram Stadium,0,22,18,7.333333333333333
Yuvraj Singh,Maharashtra Cricket Association Stadium,0,9,6,9.0
Yuvraj Singh,New Wanderers Stadium,3,13,24,3.25
Yuvraj Singh,Newlands,0,9,12,4.5
Yuvraj Singh,OUTsurance Oval,0,14,6,14.0
Yuvraj Singh,Punjab Cricket Association IS Bindra Stadium,0,21,12,10.5
Yuvraj Singh,Punjab Cricket Association Stadium,2,147,108,8.166666666666666
Yuvraj Singh,Rajiv Gandhi International Stadium,5,65,71,5.492957746478873
Yuvraj Singh,Sawai Mansingh Stadium,0,25,18,8.333333333333334
Yuvraj Singh,Shaheed Veer Narayan Singh International Stadium,0,39,36,6.5
Yuvraj Singh,Sharjah Cricket Stadium,0,16,12,8.0
Yuvraj Singh,St George's Park,0,22,12,11.0
Yuvraj Singh,Subrata Roy Sahara Stadium,3,80,66,7.2727272727272725
Yuvraj Singh,SuperSport Park,0,14,12,7.0
Yuvraj Singh,Wankhede Stadium,3,44,42,6.285714285714286
Z Khan,Brabourne Stadium,10,215,168,7.678571428571429
Z Khan,Buffalo Park,3,31,24,7.75
Z Khan,Dr DY Patil Sports Academy,4,89,66,8.090909090909092
Z Khan,Dr. Y.S. Rajasekhara Reddy ACA-VDCA Cricket Stadium,1,42,42,6.0
Z Khan,Dubai International Cricket Stadium,4,78,72,6.5
Z Khan,Eden Gardens,4,194,110,10.581818181818182
Z Khan,Feroz Shah Kotla,20,408,321,7.626168224299065
Z Khan,Green Park,0,30,24,7.5
Z Khan,Kingsmead,2,51,48,6.375
Z Khan,M Chinnaswamy Stadium,31,696,528,7.909090909090909
Z Khan,M.Chinnaswamy Stadium,3,31,24,7.75
Z Khan,MA Chidambaram Stadium,3,127,96,7.9375
Z Khan,Maharashtra Cricket Association Stadium,3,20,18,6.666666666666667
Z Khan,Nehru Stadium,1,28,24,7.0
Z Khan,New Wanderers Stadium,1,12,12,6.0
Z Khan,Newlands,0,34,24,8.5
Z Khan,Punjab Cricket Association IS Bindra Stadium,1,25,18,8.333333333333334
Z Khan,Punjab Cricket Association Stadium,2,96,68,8.470588235294118
Z Khan,Rajiv Gandhi International Stadium,5,99,72,8.25
Z Khan,Saurashtra Cricket Association Stadium,1,27,24,6.75
Z Khan,Sawai Mansingh Stadium,4,116,96,7.25
Z Khan,Shaheed Veer Narayan Singh International Stadium,4,98,96,6.125
Z Khan,Sharjah Cricket Stadium,0,17,17,6.0
Z Khan,Sheikh Zayed Stadium,1,23,24,5.75
Z Khan,St George's Park,1,14,18,4.666666666666667
Z Khan,Subrata Roy Sahara Stadium,2,21,24,5.25
Z Khan,Wankhede Stadium,8,160,141,6.808510638297872
