Batter,Venue,total_runs,balls_faced,strike_rate
A Ashish Reddy,Dr. Y.S. Rajasekhara Reddy ACA-VDCA Cricket Stadium,28,17,164.70588235294116
A Ashish Reddy,Eden Gardens,4,5,80.0
A Ashish Reddy,Feroz Shah Kotla,16,9,177.77777777777777
A Ashish Reddy,M Chinnaswamy Stadium,35,22,159.0909090909091
A Ashish Reddy,MA Chidambaram Stadium,39,19,205.26315789473685
A Ashish Reddy,Maharashtra Cricket Association Stadium,19,15,126.66666666666666
A Ashish Reddy,Punjab Cricket Association Stadium,22,8,275.0
A Ashish Reddy,Rajiv Gandhi International Stadium,79,65,121.53846153846153
A Ashish Reddy,Sawai Mansingh Stadium,14,11,127.27272727272727
A Ashish Reddy,Wankhede Stadium,10,10,100.0
A Badoni,Bharat Ratna Shri Atal Bihari Vajpayee Ekana Cricket Stadium,35,30,116.66666666666667
A Badoni,Brabourne Stadium,19,10,190.0
A Badoni,Dr DY Patil Sports Academy,42,28,150.0
A Badoni,Eden Gardens,25,21,119.04761904761905
A Badoni,M Chinnaswamy Stadium,30,24,125.0
A Badoni,MA Chidambaram Stadium,24,25,96.0
A Badoni,Maharashtra Cricket Association Stadium,27,33,81.81818181818183
A Badoni,Narendra Modi Stadium,21,11,190.9090909090909
A Badoni,Punjab Cricket Association IS Bindra Stadium,43,23,186.95652173913044
A Badoni,Sawai Mansingh Stadium,1,4,25.0
A Badoni,Wankhede Stadium,73,59,123.72881355932203
A Chandila,M Chinnaswamy Stadium,4,6,66.66666666666666
A Chandila,Rajiv Gandhi International Stadium,0,1,0.0
A Chopra,Eden Gardens,17,25,68.0
A Chopra,Newlands,11,19,57.89473684210527
A Chopra,Rajiv Gandhi International Stadium,24,23,104.34782608695652
A Chopra,Wankhede Stadium,1,4,25.0
A Choudhary,M Chinnaswamy Stadium,19,18,105.55555555555556
A Choudhary,Rajiv Gandhi International Stadium,6,2,300.0
A Dananjaya,Wankhede Stadium,4,5,80.0
A Flintoff,Kingsmead,16,17,94.11764705882352
A Flintoff,Newlands,24,23,104.34782608695652
A Flintoff,St George's Park,22,13,169.23076923076923
A Kumble,Dr DY Patil Sports Academy,1,2,50.0
A Kumble,Feroz Shah Kotla,1,1,100.0
A Kumble,Kingsmead,6,6,100.0
A Kumble,M Chinnaswamy Stadium,5,11,45.45454545454545
A Kumble,MA Chidambaram Stadium,2,1,200.0
A Kumble,New Wanderers Stadium,1,1,100.0
A Kumble,Newlands,1,1,100.0
A Kumble,Punjab Cricket Association Stadium,0,1,0.0
A Kumble,Sawai Mansingh Stadium,8,8,100.0
A Kumble,St George's Park,8,11,72.72727272727273
A Kumble,Vidarbha Cricket Association Stadium,2,4,50.0
A Manohar,Bharat Ratna Shri Atal Bihari Vajpayee Ekana Cricket Stadium,3,5,60.0
A Manohar,Dr DY Patil Sports Academy,80,53,150.9433962264151
A Manohar,Maharashtra Cricket Association Stadium,13,14,92.85714285714286
A Manohar,Narendra Modi Stadium,109,75,145.33333333333334
A Manohar,Wankhede Stadium,17,11,154.54545454545453
A Mishra,Arun Jaitley Stadium,7,10,70.0
A Mishra,Barabati Stadium,1,2,50.0
A Mishra,Bharat Ratna Shri Atal Bihari Vajpayee Ekana Cricket Stadium,19,30,63.33333333333333
A Mishra,Brabourne Stadium,13,19,68.42105263157895
A Mishra,Dr. Y.S. Rajasekhara Reddy ACA-VDCA Cricket Stadium,8,12,66.66666666666666
A Mishra,Eden Gardens,51,53,96.22641509433963
A Mishra,Feroz Shah Kotla,77,78,98.71794871794873
A Mishra,Green Park,8,2,400.0
A Mishra,Kingsmead,2,3,66.66666666666666
A Mishra,M.Chinnaswamy Stadium,8,14,57.14285714285714
A Mishra,MA Chidambaram Stadium,29,41,70.73170731707317
A Mishra,Maharashtra Cricket Association Stadium,30,24,125.0
A Mishra,Nehru Stadium,0,1,0.0
A Mishra,New Wanderers Stadium,11,8,137.5
A Mishra,Punjab Cricket Association IS Bindra Stadium,4,9,44.44444444444444
A Mishra,Rajiv Gandhi International Stadium,50,45,111.11111111111111
A Mishra,Sardar Patel Stadium,0,2,0.0
A Mishra,Sawai Mansingh Stadium,25,33,75.75757575757575
A Mishra,Sharjah Cricket Stadium,4,5,80.0
A Mishra,SuperSport Park,13,9,144.44444444444443
A Mishra,Wankhede Stadium,21,17,123.52941176470588
A Mithun,Feroz Shah Kotla,5,6,83.33333333333334
A Mithun,Himachal Pradesh Cricket Association Stadium,10,7,142.85714285714286
A Mithun,JSCA International Stadium Complex,2,2,100.0
A Mithun,M Chinnaswamy Stadium,6,3,200.0
A Mithun,MA Chidambaram Stadium,11,8,137.5
A Mukund,MA Chidambaram Stadium,0,1,0.0
A Mukund,Sawai Mansingh Stadium,19,21,90.47619047619048
A Nehra,Eden Gardens,1,5,20.0
A Nehra,Feroz Shah Kotla,23,19,121.05263157894737
A Nehra,M Chinnaswamy Stadium,0,1,0.0
A Nehra,MA Chidambaram Stadium,1,4,25.0
A Nehra,OUTsurance Oval,1,1,100.0
A Nehra,Punjab Cricket Association Stadium,4,13,30.76923076923077
A Nehra,Rajiv Gandhi International Stadium,1,2,50.0
A Nehra,Sawai Mansingh Stadium,9,8,112.5
A Nehra,Wankhede Stadium,1,7,14.285714285714285
A Nortje,Arun Jaitley Stadium,9,6,150.0
A Nortje,Barsapara Cricket Stadium,0,1,0.0
A Nortje,Dr DY Patil Sports Academy,1,6,16.666666666666664
A Nortje,Dubai International Cricket Stadium,1,3,33.33333333333333
A Nortje,M Chinnaswamy Stadium,23,14,164.28571428571428
A Nortje,Narendra Modi Stadium,3,6,50.0
A Nortje,Rajiv Gandhi International Stadium,2,2,100.0
A Nortje,Sheikh Zayed Stadium,3,2,150.0
A Singh,Eden Gardens,0,2,0.0
A Singh,Kingsmead,1,2,50.0
A Singh,OUTsurance Oval,0,1,0.0
A Singh,Sawai Mansingh Stadium,1,2,50.0
A Singh,Wankhede Stadium,0,2,0.0
A Symonds,Barabati Stadium,88,62,141.93548387096774
A Symonds,Brabourne Stadium,21,18,116.66666666666667
A Symonds,De Beers Diamond Oval,90,54,166.66666666666669
A Symonds,Dr DY Patil Sports Academy,34,48,70.83333333333334
A Symonds,Eden Gardens,77,76,101.3157894736842
A Symonds,Feroz Shah Kotla,54,30,180.0
A Symonds,Himachal Pradesh Cricket Association Stadium,4,6,66.66666666666666
A Symonds,Kingsmead,41,22,186.36363636363635
A Symonds,M Chinnaswamy Stadium,53,24,220.83333333333334
A Symonds,MA Chidambaram Stadium,50,43,116.27906976744187
A Symonds,New Wanderers Stadium,76,57,133.33333333333331
A Symonds,Punjab Cricket Association Stadium,8,6,133.33333333333331
A Symonds,Rajiv Gandhi International Stadium,173,98,176.53061224489795
A Symonds,Sardar Patel Stadium,22,14,157.14285714285714
A Symonds,Sawai Mansingh Stadium,17,26,65.38461538461539
A Symonds,SuperSport Park,42,30,140.0
A Symonds,Vidarbha Cricket Association Stadium,61,61,100.0
A Symonds,Wankhede Stadium,63,70,90.0
A Tomar,Dr DY Patil Sports Academy,4,8,50.0
A Uniyal,Brabourne Stadium,0,1,0.0
A Uniyal,Sardar Patel Stadium,4,6,66.66666666666666
A Zampa,Dr. Y.S. Rajasekhara Reddy ACA-VDCA Cricket Stadium,0,1,0.0
A Zampa,MA Chidambaram Stadium,1,1,100.0
A Zampa,Maharashtra Cricket Association Stadium,5,7,71.42857142857143
A Zampa,Sawai Mansingh Stadium,9,15,60.0
AA Bilakhia,Kingsmead,12,14,85.71428571428571
AA Bilakhia,New Wanderers Stadium,6,7,85.71428571428571
AA Bilakhia,St George's Park,1,5,20.0
AA Bilakhia,SuperSport Park,48,54,88.88888888888889
AA Bilakhia,Vidarbha Cricket Association Stadium,2,4,50.0
AA Chavan,Holkar Cricket Stadium,1,3,33.33333333333333
AA Chavan,Sawai Mansingh Stadium,7,6,116.66666666666667
AA Chavan,Wankhede Stadium,4,2,200.0
AA Jhunjhunwala,Brabourne Stadium,14,11,127.27272727272727
AA Jhunjhunwala,Dr DY Patil Sports Academy,10,15,66.66666666666666
AA Jhunjhunwala,Feroz Shah Kotla,6,10,60.0
AA Jhunjhunwala,M Chinnaswamy Stadium,5,7,71.42857142857143
AA Jhunjhunwala,MA Chidambaram Stadium,8,5,160.0
AA Jhunjhunwala,Punjab Cricket Association Stadium,0,2,0.0
AA Jhunjhunwala,Rajiv Gandhi International Stadium,19,20,95.0
AA Jhunjhunwala,Sardar Patel Stadium,109,87,125.28735632183907
AA Jhunjhunwala,Sawai Mansingh Stadium,35,44,79.54545454545455
AA Jhunjhunwala,Vidarbha Cricket Association Stadium,11,8,137.5
AA Noffke,M Chinnaswamy Stadium,9,10,90.0
AB Agarkar,Eden Gardens,15,13,115.38461538461537
AB Agarkar,Feroz Shah Kotla,29,28,103.57142857142858
AB Agarkar,Kingsmead,19,24,79.16666666666666
AB Agarkar,M Chinnaswamy Stadium,6,6,100.0
AB Agarkar,MA Chidambaram Stadium,20,13,153.84615384615387
AB Agarkar,New Wanderers Stadium,39,29,134.48275862068965
AB Agarkar,Newlands,7,3,233.33333333333334
AB Agarkar,Punjab Cricket Association Stadium,1,2,50.0
AB Agarkar,Sawai Mansingh Stadium,20,13,153.84615384615387
AB Agarkar,Wankhede Stadium,22,19,115.78947368421053
AB Barath,Barabati Stadium,7,10,70.0
AB Barath,Feroz Shah Kotla,2,5,40.0
AB Barath,Punjab Cricket Association Stadium,33,27,122.22222222222223
AB Dinda,Dubai International Cricket Stadium,2,5,40.0
AB Dinda,Feroz Shah Kotla,0,5,0.0
AB Dinda,M Chinnaswamy Stadium,1,2,50.0
AB Dinda,Maharashtra Cricket Association Stadium,7,8,87.5
AB Dinda,Newlands,2,2,100.0
AB Dinda,Punjab Cricket Association Stadium,2,5,40.0
AB Dinda,Rajiv Gandhi International Stadium,0,2,0.0
AB Dinda,Sawai Mansingh Stadium,1,3,33.33333333333333
AB Dinda,Sheikh Zayed Stadium,0,3,0.0
AB Dinda,St George's Park,0,1,0.0
AB Dinda,Subrata Roy Sahara Stadium,8,7,114.28571428571428
AB Dinda,Wankhede Stadium,3,5,60.0
AB McDonald,Brabourne Stadium,33,31,106.4516129032258
AB McDonald,Feroz Shah Kotla,14,9,155.55555555555557
AB McDonald,M Chinnaswamy Stadium,57,41,139.02439024390242
AB McDonald,MA Chidambaram Stadium,8,7,114.28571428571428
AB McDonald,New Wanderers Stadium,3,4,75.0
AB McDonald,Punjab Cricket Association Stadium,8,6,133.33333333333331
AB de Villiers,Arun Jaitley Stadium,89,56,158.92857142857142
AB de Villiers,Barabati Stadium,27,26,103.84615384615385
AB de Villiers,Brabourne Stadium,4,7,57.14285714285714
AB de Villiers,Buffalo Park,50,38,131.57894736842107
AB de Villiers,Dr DY Patil Sports Academy,21,17,123.52941176470588
AB de Villiers,Dubai International Cricket Stadium,285,209,136.36363636363635
AB de Villiers,Eden Gardens,159,98,162.24489795918367
AB de Villiers,Feroz Shah Kotla,50,34,147.05882352941177
AB de Villiers,Himachal Pradesh Cricket Association Stadium,34,27,125.92592592592592
AB de Villiers,Holkar Cricket Stadium,89,46,193.47826086956522
AB de Villiers,JSCA International Stadium Complex,57,39,146.15384615384613
AB de Villiers,Kingsmead,149,90,165.55555555555554
AB de Villiers,M Chinnaswamy Stadium,1292,813,158.91758917589175
AB de Villiers,M.Chinnaswamy Stadium,562,320,175.625
AB de Villiers,MA Chidambaram Stadium,353,215,164.18604651162792
AB de Villiers,Maharashtra Cricket Association Stadium,153,96,159.375
AB de Villiers,Narendra Modi Stadium,78,51,152.94117647058823
AB de Villiers,Nehru Stadium,54,40,135.0
AB de Villiers,New Wanderers Stadium,68,62,109.6774193548387
AB de Villiers,OUTsurance Oval,90,65,138.46153846153845
AB de Villiers,Punjab Cricket Association IS Bindra Stadium,123,73,168.49315068493152
AB de Villiers,Punjab Cricket Association Stadium,107,80,133.75
AB de Villiers,Rajiv Gandhi International Stadium,86,78,110.25641025641026
AB de Villiers,Sardar Patel Stadium,62,58,106.89655172413792
AB de Villiers,Saurashtra Cricket Association Stadium,20,16,125.0
AB de Villiers,Sawai Mansingh Stadium,166,101,164.35643564356434
AB de Villiers,Shaheed Veer Narayan Singh International Stadium,6,8,75.0
AB de Villiers,Sharjah Cricket Stadium,156,111,140.54054054054055
AB de Villiers,Sheikh Zayed Stadium,118,86,137.2093023255814
AB de Villiers,St George's Park,21,23,91.30434782608695
AB de Villiers,Subrata Roy Sahara Stadium,59,27,218.5185185185185
AB de Villiers,SuperSport Park,87,76,114.4736842105263
AB de Villiers,Wankhede Stadium,307,188,163.29787234042556
AB de Villiers,Zayed Cricket Stadium,19,14,135.71428571428572
AC Blizzard,Dr DY Patil Sports Academy,6,6,100.0
AC Blizzard,Feroz Shah Kotla,0,3,0.0
AC Blizzard,MA Chidambaram Stadium,10,11,90.9090909090909
AC Blizzard,Punjab Cricket Association Stadium,15,10,150.0
AC Blizzard,Wankhede Stadium,89,60,148.33333333333334
AC Gilchrist,Barabati Stadium,57,26,219.23076923076925
AC Gilchrist,Brabourne Stadium,19,14,135.71428571428572
AC Gilchrist,Buffalo Park,0,1,0.0
AC Gilchrist,De Beers Diamond Oval,30,26,115.38461538461537
AC Gilchrist,Dr DY Patil Sports Academy,183,111,164.86486486486487
AC Gilchrist,Eden Gardens,90,89,101.12359550561798
AC Gilchrist,Feroz Shah Kotla,72,53,135.8490566037736
AC Gilchrist,Himachal Pradesh Cricket Association Stadium,295,195,151.28205128205127
AC Gilchrist,Holkar Cricket Stadium,9,15,60.0
AC Gilchrist,Kingsmead,143,72,198.61111111111111
AC Gilchrist,M Chinnaswamy Stadium,127,85,149.41176470588235
AC Gilchrist,MA Chidambaram Stadium,92,51,180.3921568627451
AC Gilchrist,New Wanderers Stadium,66,47,140.4255319148936
AC Gilchrist,Newlands,84,56,150.0
AC Gilchrist,Punjab Cricket Association Stadium,277,230,120.43478260869564
AC Gilchrist,Rajiv Gandhi International Stadium,202,173,116.76300578034682
AC Gilchrist,Sardar Patel Stadium,1,3,33.33333333333333
AC Gilchrist,Sawai Mansingh Stadium,88,67,131.34328358208955
AC Gilchrist,St George's Park,39,35,111.42857142857143
AC Gilchrist,Subrata Roy Sahara Stadium,21,21,100.0
AC Gilchrist,SuperSport Park,133,85,156.47058823529412
AC Gilchrist,Vidarbha Cricket Association Stadium,41,26,157.69230769230768
AC Gilchrist,Wankhede Stadium,0,2,0.0
AC Thomas,MA Chidambaram Stadium,1,2,50.0
AC Thomas,Subrata Roy Sahara Stadium,19,15,126.66666666666666
AC Thomas,Wankhede Stadium,0,2,0.0
AC Voges,Eden Gardens,8,7,114.28571428571428
AC Voges,Feroz Shah Kotla,15,17,88.23529411764706
AC Voges,Punjab Cricket Association Stadium,45,24,187.5
AC Voges,Sardar Patel Stadium,57,41,139.02439024390242
AC Voges,Sawai Mansingh Stadium,56,54,103.7037037037037
AD Hales,Arun Jaitley Stadium,14,10,140.0
AD Hales,M.Chinnaswamy Stadium,37,24,154.16666666666669
AD Hales,Maharashtra Cricket Association Stadium,2,9,22.22222222222222
AD Hales,Rajiv Gandhi International Stadium,50,35,142.85714285714286
AD Hales,Sawai Mansingh Stadium,45,39,115.38461538461537
AD Mascarenhas,Brabourne Stadium,9,7,128.57142857142858
AD Mascarenhas,Eden Gardens,0,1,0.0
AD Mascarenhas,Newlands,4,3,133.33333333333331
AD Mascarenhas,Punjab Cricket Association Stadium,9,10,90.0
AD Mascarenhas,Rajiv Gandhi International Stadium,5,5,100.0
AD Mascarenhas,Sardar Patel Stadium,3,3,100.0
AD Mascarenhas,Sawai Mansingh Stadium,9,8,112.5
AD Mascarenhas,Subrata Roy Sahara Stadium,5,5,100.0
AD Mascarenhas,SuperSport Park,8,8,100.0
AD Mathews,Brabourne Stadium,19,20,95.0
AD Mathews,Dr DY Patil Sports Academy,65,45,144.44444444444443
AD Mathews,Dr. Y.S. Rajasekhara Reddy ACA-VDCA Cricket Stadium,15,11,136.36363636363635
AD Mathews,Eden Gardens,130,98,132.6530612244898
AD Mathews,Feroz Shah Kotla,103,68,151.47058823529412
AD Mathews,M Chinnaswamy Stadium,11,9,122.22222222222223
AD Mathews,MA Chidambaram Stadium,75,70,107.14285714285714
AD Mathews,Maharashtra Cricket Association Stadium,26,27,96.29629629629629
AD Mathews,Punjab Cricket Association Stadium,30,20,150.0
AD Mathews,Rajiv Gandhi International Stadium,39,29,134.48275862068965
AD Mathews,Sawai Mansingh Stadium,41,34,120.58823529411764
AD Mathews,Subrata Roy Sahara Stadium,122,98,124.48979591836735
AD Mathews,SuperSport Park,16,13,123.07692307692308
AD Mathews,Wankhede Stadium,31,28,110.71428571428572
AD Nath,Eden Gardens,13,15,86.66666666666667
AD Nath,M Chinnaswamy Stadium,3,6,50.0
AD Nath,M.Chinnaswamy Stadium,46,39,117.94871794871796
AD Nath,Saurashtra Cricket Association Stadium,5,11,45.45454545454545
AD Nath,Sawai Mansingh Stadium,9,13,69.23076923076923
AD Nath,Wankhede Stadium,14,14,100.0
AD Russell,Arun Jaitley Stadium,82,61,134.4262295081967
AD Russell,Brabourne Stadium,110,67,164.17910447761196
AD Russell,Dr DY Patil Sports Academy,87,58,150.0
AD Russell,Dr. Y.S. Rajasekhara Reddy ACA-VDCA Cricket Stadium,19,10,190.0
AD Russell,Dubai International Cricket Stadium,49,25,196.0
AD Russell,Eden Gardens,804,420,191.42857142857144
AD Russell,Feroz Shah Kotla,55,33,166.66666666666669
AD Russell,Holkar Cricket Stadium,31,14,221.42857142857144
AD Russell,JSCA International Stadium Complex,1,5,20.0
AD Russell,M Chinnaswamy Stadium,85,43,197.67441860465115
AD Russell,M.Chinnaswamy Stadium,48,13,369.2307692307692
AD Russell,MA Chidambaram Stadium,205,136,150.73529411764704
AD Russell,Maharashtra Cricket Association Stadium,188,99,189.8989898989899
AD Russell,Narendra Modi Stadium,56,38,147.36842105263156
AD Russell,Punjab Cricket Association IS Bindra Stadium,59,32,184.375
AD Russell,Rajiv Gandhi International Stadium,45,33,136.36363636363635
AD Russell,Sardar Patel Stadium,1,3,33.33333333333333
AD Russell,Sharjah Cricket Stadium,29,17,170.58823529411765
AD Russell,Sheikh Zayed Stadium,30,27,111.11111111111111
AD Russell,Wankhede Stadium,187,101,185.14851485148515
AD Russell,Zayed Cricket Stadium,20,15,133.33333333333331
AF Milne,Dubai International Cricket Stadium,15,16,93.75
AF Milne,M Chinnaswamy Stadium,2,3,66.66666666666666
AF Milne,Maharashtra Cricket Association Stadium,5,8,62.5
AF Milne,Wankhede Stadium,0,1,0.0
AF Milne,Zayed Cricket Stadium,1,1,100.0
AG Murtaza,M Chinnaswamy Stadium,5,4,125.0
AG Murtaza,Sawai Mansingh Stadium,2,5,40.0
AG Murtaza,Subrata Roy Sahara Stadium,3,5,60.0
AG Paunikar,Eden Gardens,15,14,107.14285714285714
AG Paunikar,Rajiv Gandhi International Stadium,20,18,111.11111111111111
AG Paunikar,Sawai Mansingh Stadium,14,23,60.86956521739131
AJ Finch,Arun Jaitley Stadium,2,4,50.0
AJ Finch,Brabourne Stadium,65,33,196.96969696969697
AJ Finch,Dr DY Patil Sports Academy,25,12,208.33333333333334
AJ Finch,Dubai International Cricket Stadium,197,159,123.89937106918238
AJ Finch,Eden Gardens,116,77,150.64935064935065
AJ Finch,Feroz Shah Kotla,92,76,121.05263157894737
AJ Finch,Green Park,97,67,144.77611940298507
AJ Finch,Holkar Cricket Stadium,60,43,139.53488372093022
AJ Finch,JSCA International Stadium Complex,55,35,157.14285714285714
AJ Finch,M Chinnaswamy Stadium,169,123,137.39837398373984
AJ Finch,M.Chinnaswamy Stadium,0,1,0.0
AJ Finch,MA Chidambaram Stadium,67,45,148.88888888888889
AJ Finch,Maharashtra Cricket Association Stadium,47,39,120.51282051282051
AJ Finch,Punjab Cricket Association IS Bindra Stadium,90,56,160.71428571428572
AJ Finch,Punjab Cricket Association Stadium,64,42,152.38095238095238
AJ Finch,Rajiv Gandhi International Stadium,169,154,109.74025974025975
AJ Finch,Sardar Patel Stadium,19,24,79.16666666666666
AJ Finch,Saurashtra Cricket Association Stadium,135,99,136.36363636363635
AJ Finch,Sawai Mansingh Stadium,56,46,121.73913043478262
AJ Finch,Shaheed Veer Narayan Singh International Stadium,37,33,112.12121212121211
AJ Finch,Sharjah Cricket Stadium,130,114,114.03508771929825
AJ Finch,Sheikh Zayed Stadium,58,63,92.06349206349206
AJ Finch,Subrata Roy Sahara Stadium,161,122,131.9672131147541
AJ Finch,Wankhede Stadium,128,118,108.47457627118644
AJ Hosein,Arun Jaitley Stadium,16,10,160.0
AJ Turner,Punjab Cricket Association IS Bindra Stadium,0,1,0.0
AJ Turner,Sawai Mansingh Stadium,3,9,33.33333333333333
AJ Tye,Arun Jaitley Stadium,3,9,33.33333333333333
AJ Tye,Holkar Cricket Stadium,14,13,107.6923076923077
AJ Tye,M.Chinnaswamy Stadium,7,7,100.0
AJ Tye,Maharashtra Cricket Association Stadium,0,2,0.0
AJ Tye,Punjab Cricket Association IS Bindra Stadium,3,6,50.0
AJ Tye,Rajiv Gandhi International Stadium,4,2,200.0
AJ Tye,Saurashtra Cricket Association Stadium,28,18,155.55555555555557
AJ Tye,Sawai Mansingh Stadium,1,1,100.0
AJ Tye,Sharjah Cricket Stadium,6,6,100.0
AK Markram,Arun Jaitley Stadium,8,13,61.53846153846154
AK Markram,Bharat Ratna Shri Atal Bihari Vajpayee Ekana Cricket Stadium,0,1,0.0
AK Markram,Brabourne Stadium,110,61,180.327868852459
AK Markram,Dr DY Patil Sports Academy,65,48,135.41666666666669
AK Markram,Dubai International Cricket Stadium,57,44,129.54545454545453
AK Markram,Eden Gardens,50,26,192.30769230769232
AK Markram,MA Chidambaram Stadium,12,12,100.0
AK Markram,Maharashtra Cricket Association Stadium,106,76,139.4736842105263
AK Markram,Narendra Modi Stadium,10,10,100.0
AK Markram,Rajiv Gandhi International Stadium,149,123,121.13821138211382
AK Markram,Sawai Mansingh Stadium,6,5,120.0
AK Markram,Sharjah Cricket Stadium,47,46,102.17391304347827
AK Markram,Wankhede Stadium,113,95,118.94736842105263
AK Markram,Zayed Cricket Stadium,42,29,144.82758620689654
AL Menaria,Eden Gardens,22,23,95.65217391304348
AL Menaria,Feroz Shah Kotla,1,2,50.0
AL Menaria,Holkar Cricket Stadium,31,28,110.71428571428572
AL Menaria,MA Chidambaram Stadium,38,42,90.47619047619048
AL Menaria,Punjab Cricket Association Stadium,68,53,128.30188679245282
AL Menaria,Rajiv Gandhi International Stadium,20,17,117.64705882352942
AL Menaria,Sawai Mansingh Stadium,183,153,119.6078431372549
AL Menaria,Subrata Roy Sahara Stadium,18,21,85.71428571428571
AL Menaria,Wankhede Stadium,20,15,133.33333333333331
AM Nayar,Buffalo Park,28,41,68.29268292682927
AM Nayar,Dr DY Patil Sports Academy,109,99,110.1010101010101
AM Nayar,Dubai International Cricket Stadium,5,7,71.42857142857143
AM Nayar,Eden Gardens,0,2,0.0
AM Nayar,Feroz Shah Kotla,18,16,112.5
AM Nayar,Himachal Pradesh Cricket Association Stadium,3,7,42.857142857142854
AM Nayar,Kingsmead,60,39,153.84615384615387
AM Nayar,M Chinnaswamy Stadium,12,14,85.71428571428571
AM Nayar,MA Chidambaram Stadium,45,20,225.0
AM Nayar,Maharashtra Cricket Association Stadium,0,2,0.0
AM Nayar,New Wanderers Stadium,29,19,152.63157894736844
AM Nayar,Newlands,35,14,250.0
AM Nayar,Punjab Cricket Association Stadium,14,17,82.35294117647058
AM Nayar,Rajiv Gandhi International Stadium,70,48,145.83333333333331
AM Nayar,Sawai Mansingh Stadium,35,28,125.0
AM Nayar,Sharjah Cricket Stadium,23,19,121.05263157894737
AM Nayar,Sheikh Zayed Stadium,15,20,75.0
AM Nayar,St George's Park,36,30,120.0
AM Nayar,Subrata Roy Sahara Stadium,63,75,84.0
AM Nayar,SuperSport Park,5,8,62.5
AM Nayar,Wankhede Stadium,67,48,139.58333333333331
AM Rahane,Arun Jaitley Stadium,2,4,50.0
AM Rahane,Brabourne Stadium,144,95,151.57894736842107
AM Rahane,Buffalo Park,22,18,122.22222222222223
AM Rahane,Dr DY Patil Sports Academy,34,41,82.92682926829268
AM Rahane,Dr. Y.S. Rajasekhara Reddy ACA-VDCA Cricket Stadium,123,110,111.81818181818181
AM Rahane,Dubai International Cricket Stadium,45,47,95.74468085106383
AM Rahane,Eden Gardens,231,181,127.62430939226519
AM Rahane,Feroz Shah Kotla,252,205,122.92682926829268
AM Rahane,Holkar Cricket Stadium,32,31,103.2258064516129
AM Rahane,JSCA International Stadium Complex,4,7,57.14285714285714
AM Rahane,Kingsmead,3,7,42.857142857142854
AM Rahane,M Chinnaswamy Stadium,282,188,150.0
AM Rahane,M.Chinnaswamy Stadium,36,20,180.0
AM Rahane,MA Chidambaram Stadium,173,139,124.46043165467626
AM Rahane,Maharashtra Cricket Association Stadium,439,378,116.13756613756614
AM Rahane,Narendra Modi Stadium,27,13,207.6923076923077
AM Rahane,New Wanderers Stadium,0,1,0.0
AM Rahane,Punjab Cricket Association IS Bindra Stadium,35,32,109.375
AM Rahane,Punjab Cricket Association Stadium,87,81,107.40740740740742
AM Rahane,Rajiv Gandhi International Stadium,167,157,106.36942675159236
AM Rahane,Sardar Patel Stadium,234,181,129.28176795580112
AM Rahane,Saurashtra Cricket Association Stadium,21,20,105.0
AM Rahane,Sawai Mansingh Stadium,1115,911,122.39297475301866
AM Rahane,Sharjah Cricket Stadium,21,18,116.66666666666667
AM Rahane,Sheikh Zayed Stadium,157,134,117.16417910447761
AM Rahane,St George's Park,62,49,126.53061224489797
AM Rahane,Subrata Roy Sahara Stadium,30,30,100.0
AM Rahane,SuperSport Park,57,46,123.91304347826086
AM Rahane,Wankhede Stadium,419,304,137.82894736842107
AN Ahmed,Eden Gardens,5,2,250.0
AN Ahmed,JSCA International Stadium Complex,4,1,400.0
AN Ahmed,M Chinnaswamy Stadium,5,3,166.66666666666669
AN Ahmed,MA Chidambaram Stadium,22,20,110.00000000000001
AN Ghosh,St George's Park,0,1,0.0
AN Ghosh,SuperSport Park,7,7,100.0
AP Dole,Sawai Mansingh Stadium,30,18,166.66666666666669
AP Dole,Vidarbha Cricket Association Stadium,4,4,100.0
AP Majumdar,Sawai Mansingh Stadium,9,8,112.5
AP Majumdar,Subrata Roy Sahara Stadium,78,68,114.70588235294117
AP Tare,Barabati Stadium,2,3,66.66666666666666
AP Tare,Brabourne Stadium,32,24,133.33333333333331
AP Tare,Dubai International Cricket Stadium,47,41,114.6341463414634
AP Tare,Eden Gardens,43,38,113.1578947368421
AP Tare,Feroz Shah Kotla,24,17,141.1764705882353
AP Tare,Himachal Pradesh Cricket Association Stadium,22,12,183.33333333333331
AP Tare,M.Chinnaswamy Stadium,18,17,105.88235294117648
AP Tare,Maharashtra Cricket Association Stadium,0,5,0.0
AP Tare,Rajiv Gandhi International Stadium,8,15,53.333333333333336
AP Tare,Sharjah Cricket Stadium,8,10,80.0
AP Tare,Sheikh Zayed Stadium,24,22,109.09090909090908
AP Tare,Wankhede Stadium,111,68,163.23529411764704
AR Bawne,Eden Gardens,12,12,100.0
AR Patel,Arun Jaitley Stadium,238,150,158.66666666666666
AR Patel,Barabati Stadium,1,1,100.0
AR Patel,Barsapara Cricket Stadium,2,6,33.33333333333333
AR Patel,Bharat Ratna Shri Atal Bihari Vajpayee Ekana Cricket Stadium,16,11,145.45454545454547
AR Patel,Brabourne Stadium,60,31,193.5483870967742
AR Patel,Dr DY Patil Sports Academy,18,23,78.26086956521739
AR Patel,Dr. Y.S. Rajasekhara Reddy ACA-VDCA Cricket Stadium,4,12,33.33333333333333
AR Patel,Dubai International Cricket Stadium,74,71,104.22535211267605
AR Patel,Eden Gardens,23,10,229.99999999999997
AR Patel,Feroz Shah Kotla,119,112,106.25
AR Patel,Holkar Cricket Stadium,82,74,110.8108108108108
AR Patel,M Chinnaswamy Stadium,114,64,178.125
AR Patel,M.Chinnaswamy Stadium,6,4,150.0
AR Patel,MA Chidambaram Stadium,39,31,125.80645161290323
AR Patel,Maharashtra Cricket Association Stadium,83,77,107.79220779220779
AR Patel,Narendra Modi Stadium,27,30,90.0
AR Patel,Punjab Cricket Association IS Bindra Stadium,55,37,148.64864864864865
AR Patel,Punjab Cricket Association Stadium,75,64,117.1875
AR Patel,Rajiv Gandhi International Stadium,106,84,126.19047619047619
AR Patel,Saurashtra Cricket Association Stadium,34,19,178.94736842105263
AR Patel,Sawai Mansingh Stadium,9,5,180.0
AR Patel,Sharjah Cricket Stadium,51,30,170.0
AR Patel,Sheikh Zayed Stadium,23,26,88.46153846153845
AR Patel,Wankhede Stadium,129,85,151.76470588235293
AR Patel,Zayed Cricket Stadium,12,7,171.42857142857142
AS Joseph,Dr DY Patil Sports Academy,5,6,83.33333333333334
AS Joseph,Maharashtra Cricket Association Stadium,0,1,0.0
AS Joseph,Wankhede Stadium,22,25,88.0
AS Rajpoot,Dubai International Cricket Stadium,7,5,140.0
AS Rajpoot,Holkar Cricket Stadium,1,5,20.0
AS Rajpoot,M Chinnaswamy Stadium,4,7,57.14285714285714
AS Rajpoot,MA Chidambaram Stadium,2,6,33.33333333333333
AS Rajpoot,Maharashtra Cricket Association Stadium,2,4,50.0
AS Rajpoot,Rajiv Gandhi International Stadium,8,9,88.88888888888889
AS Rajpoot,Sheikh Zayed Stadium,2,5,40.0
AS Raut,De Beers Diamond Oval,8,7,114.28571428571428
AS Raut,Eden Gardens,13,19,68.42105263157895
AS Raut,Kingsmead,1,1,100.0
AS Raut,MA Chidambaram Stadium,2,4,50.0
AS Raut,Newlands,1,4,25.0
AS Raut,OUTsurance Oval,11,13,84.61538461538461
AS Raut,Punjab Cricket Association Stadium,25,21,119.04761904761905
AS Raut,Sawai Mansingh Stadium,76,59,128.81355932203388
AS Raut,St George's Park,36,23,156.52173913043478
AS Raut,Vidarbha Cricket Association Stadium,0,3,0.0
AS Roy,Arun Jaitley Stadium,0,1,0.0
AS Roy,Eden Gardens,6,6,100.0
AS Roy,Maharashtra Cricket Association Stadium,0,2,0.0
AS Roy,Punjab Cricket Association IS Bindra Stadium,4,5,80.0
AS Roy,Rajiv Gandhi International Stadium,13,7,185.71428571428572
AS Yadav,Eden Gardens,10,10,100.0
AS Yadav,M Chinnaswamy Stadium,3,4,75.0
AS Yadav,Rajiv Gandhi International Stadium,36,25,144.0
AT Carey,Dubai International Cricket Stadium,14,13,107.6923076923077
AT Carey,Sharjah Cricket Stadium,4,7,57.14285714285714
AT Carey,Sheikh Zayed Stadium,14,9,155.55555555555557
AT Rayudu,Arun Jaitley Stadium,127,60,211.66666666666666
AT Rayudu,Barabati Stadium,33,26,126.92307692307692
AT Rayudu,Brabourne Stadium,191,149,128.18791946308724
AT Rayudu,Dr DY Patil Sports Academy,166,153,108.49673202614379
AT Rayudu,Dr. Y.S. Rajasekhara Reddy ACA-VDCA Cricket Stadium,58,58,100.0
AT Rayudu,Dubai International Cricket Stadium,299,250,119.6
AT Rayudu,Eden Gardens,236,167,141.31736526946108
AT Rayudu,Feroz Shah Kotla,182,135,134.8148148148148
AT Rayudu,Himachal Pradesh Cricket Association Stadium,26,22,118.18181818181819
AT Rayudu,M Chinnaswamy Stadium,283,220,128.63636363636363
AT Rayudu,M.Chinnaswamy Stadium,111,81,137.03703703703704
AT Rayudu,MA Chidambaram Stadium,333,308,108.11688311688312
AT Rayudu,Maharashtra Cricket Association Stadium,320,226,141.5929203539823
AT Rayudu,Narendra Modi Stadium,31,20,155.0
AT Rayudu,Punjab Cricket Association IS Bindra Stadium,115,74,155.4054054054054
AT Rayudu,Punjab Cricket Association Stadium,101,69,146.3768115942029
AT Rayudu,Rajiv Gandhi International Stadium,280,206,135.92233009708738
AT Rayudu,Sawai Mansingh Stadium,107,103,103.88349514563106
AT Rayudu,Sharjah Cricket Stadium,110,82,134.14634146341464
AT Rayudu,Sheikh Zayed Stadium,192,162,118.5185185185185
AT Rayudu,Subrata Roy Sahara Stadium,27,26,103.84615384615385
AT Rayudu,Wankhede Stadium,1008,781,129.0653008962868
AT Rayudu,Zayed Cricket Stadium,12,13,92.3076923076923
AU Rashid,Bharat Ratna Shri Atal Bihari Vajpayee Ekana Cricket Stadium,4,3,133.33333333333331
AU Rashid,Rajiv Gandhi International Stadium,18,12,150.0
AUK Pathan,Himachal Pradesh Cricket Association Stadium,7,4,175.0
AUK Pathan,M Chinnaswamy Stadium,6,10,60.0
AUK Pathan,MA Chidambaram Stadium,14,5,280.0
AUK Pathan,Nehru Stadium,12,4,300.0
Abdul Basith,M Chinnaswamy Stadium,1,1,100.0
Abdul Samad,Arun Jaitley Stadium,38,29,131.0344827586207
Abdul Samad,Bharat Ratna Shri Atal Bihari Vajpayee Ekana Cricket Stadium,21,10,210.0
Abdul Samad,Dr DY Patil Sports Academy,0,1,0.0
Abdul Samad,Dubai International Cricket Stadium,76,57,133.33333333333331
Abdul Samad,MA Chidambaram Stadium,26,18,144.44444444444443
Abdul Samad,Maharashtra Cricket Association Stadium,4,6,66.66666666666666
Abdul Samad,Narendra Modi Stadium,4,3,133.33333333333331
Abdul Samad,Rajiv Gandhi International Stadium,99,85,116.47058823529413
Abdul Samad,Sawai Mansingh Stadium,17,6,283.33333333333337
Abdul Samad,Sharjah Cricket Stadium,39,25,156.0
Abdul Samad,Sheikh Zayed Stadium,45,23,195.65217391304347
Abdul Samad,Zayed Cricket Stadium,3,6,50.0
Abdur Razzak,Sawai Mansingh Stadium,0,2,0.0
Abhishek Sharma,Arun Jaitley Stadium,130,69,188.40579710144928
Abhishek Sharma,Brabourne Stadium,57,44,129.54545454545453
Abhishek Sharma,Dr DY Patil Sports Academy,161,118,136.44067796610167
Abhishek Sharma,Dubai International Cricket Stadium,77,60,128.33333333333334
Abhishek Sharma,Eden Gardens,32,17,188.23529411764704
Abhishek Sharma,MA Chidambaram Stadium,36,30,120.0
Abhishek Sharma,Maharashtra Cricket Association Stadium,91,70,130.0
Abhishek Sharma,Narendra Modi Stadium,5,5,100.0
Abhishek Sharma,Rajiv Gandhi International Stadium,40,44,90.9090909090909
Abhishek Sharma,Sawai Mansingh Stadium,55,34,161.76470588235296
Abhishek Sharma,Sharjah Cricket Stadium,36,31,116.12903225806453
Abhishek Sharma,Sheikh Zayed Stadium,3,4,75.0
Abhishek Sharma,Wankhede Stadium,117,87,134.48275862068965
Abhishek Sharma,Zayed Cricket Stadium,46,26,176.9230769230769
Abishek Porel,Arun Jaitley Stadium,21,14,150.0
Abishek Porel,Barsapara Cricket Stadium,7,9,77.77777777777779
Abishek Porel,M Chinnaswamy Stadium,5,8,62.5
Akash Deep,Dr DY Patil Sports Academy,0,2,0.0
Akash Deep,Eden Gardens,17,8,212.5
Aman Hakim Khan,Arun Jaitley Stadium,31,37,83.78378378378379
Aman Hakim Khan,Bharat Ratna Shri Atal Bihari Vajpayee Ekana Cricket Stadium,4,5,80.0
Aman Hakim Khan,Brabourne Stadium,5,3,166.66666666666669
Aman Hakim Khan,M Chinnaswamy Stadium,18,10,180.0
Aman Hakim Khan,MA Chidambaram Stadium,2,3,66.66666666666666
Aman Hakim Khan,Narendra Modi Stadium,51,44,115.90909090909092
Aman Hakim Khan,Rajiv Gandhi International Stadium,4,2,200.0
Anirudh Singh,Barabati Stadium,0,1,0.0
Anirudh Singh,Dr DY Patil Sports Academy,54,53,101.88679245283019
Anirudh Singh,Vidarbha Cricket Association Stadium,9,12,75.0
Ankit Sharma,Barabati Stadium,1,2,50.0
Ankit Sharma,Dr. Y.S. Rajasekhara Reddy ACA-VDCA Cricket Stadium,16,10,160.0
Ankit Sharma,Feroz Shah Kotla,1,1,100.0
Ankit Sharma,JSCA International Stadium Complex,30,27,111.11111111111111
Ankit Sharma,MA Chidambaram Stadium,0,1,0.0
Ankit Sharma,Maharashtra Cricket Association Stadium,10,8,125.0
Ankit Sharma,Sardar Patel Stadium,4,3,133.33333333333331
Ankit Sharma,Saurashtra Cricket Association Stadium,25,15,166.66666666666669
Ankit Soni,Green Park,0,6,0.0
Ankit Soni,Maharashtra Cricket Association Stadium,0,1,0.0
Anmolpreet Singh,Bharat Ratna Shri Atal Bihari Vajpayee Ekana Cricket Stadium,31,26,119.23076923076923
Anmolpreet Singh,Brabourne Stadium,8,9,88.88888888888889
Anmolpreet Singh,Dr DY Patil Sports Academy,5,4,125.0
Anmolpreet Singh,Dubai International Cricket Stadium,16,14,114.28571428571428
Anmolpreet Singh,Narendra Modi Stadium,5,4,125.0
Anmolpreet Singh,Rajiv Gandhi International Stadium,36,27,133.33333333333331
Anmolpreet Singh,Sawai Mansingh Stadium,33,25,132.0
Anuj Rawat,Arun Jaitley Stadium,8,3,266.66666666666663
Anuj Rawat,Bharat Ratna Shri Atal Bihari Vajpayee Ekana Cricket Stadium,9,11,81.81818181818183
Anuj Rawat,Brabourne Stadium,0,2,0.0
Anuj Rawat,Dr DY Patil Sports Academy,37,43,86.04651162790698
Anuj Rawat,Eden Gardens,1,5,20.0
Anuj Rawat,M Chinnaswamy Stadium,38,37,102.7027027027027
Anuj Rawat,Maharashtra Cricket Association Stadium,66,47,140.4255319148936
Anuj Rawat,Sawai Mansingh Stadium,29,11,263.6363636363636
Anuj Rawat,Sharjah Cricket Stadium,0,1,0.0
Anuj Rawat,Wankhede Stadium,32,30,106.66666666666667
Anureet Singh,Eden Gardens,3,4,75.0
Anureet Singh,Feroz Shah Kotla,8,3,266.66666666666663
Anureet Singh,M Chinnaswamy Stadium,0,2,0.0
Anureet Singh,MA Chidambaram Stadium,10,20,50.0
Anureet Singh,Maharashtra Cricket Association Stadium,0,4,0.0
Anureet Singh,Punjab Cricket Association IS Bindra Stadium,15,12,125.0
Anureet Singh,Punjab Cricket Association Stadium,0,2,0.0
Arjun Tendulkar,Narendra Modi Stadium,13,9,144.44444444444443
Arshad Khan,M Chinnaswamy Stadium,15,9,166.66666666666669
Arshad Khan,MA Chidambaram Stadium,1,2,50.0
Arshad Khan,Wankhede Stadium,2,4,50.0
Arshdeep Singh,Brabourne Stadium,19,22,86.36363636363636
Arshdeep Singh,Dr DY Patil Sports Academy,2,4,50.0
Arshdeep Singh,Dubai International Cricket Stadium,0,3,0.0
Arshdeep Singh,MA Chidambaram Stadium,1,2,50.0
Arshdeep Singh,Maharashtra Cricket Association Stadium,0,2,0.0
Arshdeep Singh,Narendra Modi Stadium,1,1,100.0
Arshdeep Singh,Punjab Cricket Association IS Bindra Stadium,2,2,100.0
Arshdeep Singh,Wankhede Stadium,0,1,0.0
Atharva Taide,Bharat Ratna Shri Atal Bihari Vajpayee Ekana Cricket Stadium,0,3,0.0
Atharva Taide,Himachal Pradesh Cricket Association Stadium,74,54,137.03703703703704
Atharva Taide,MA Chidambaram Stadium,13,17,76.47058823529412
Atharva Taide,Punjab Cricket Association IS Bindra Stadium,70,38,184.21052631578948
Atharva Taide,Wankhede Stadium,29,17,170.58823529411765
Avesh Khan,Brabourne Stadium,1,2,50.0
Avesh Khan,M Chinnaswamy Stadium,0,1,0.0
Avesh Khan,Maharashtra Cricket Association Stadium,14,9,155.55555555555557
Avesh Khan,Punjab Cricket Association IS Bindra Stadium,4,3,133.33333333333331
Avesh Khan,Sharjah Cricket Stadium,5,3,166.66666666666669
Avesh Khan,Wankhede Stadium,7,2,350.0
Azhar Mahmood,Brabourne Stadium,6,7,85.71428571428571
Azhar Mahmood,Eden Gardens,2,7,28.57142857142857
Azhar Mahmood,Feroz Shah Kotla,9,7,128.57142857142858
Azhar Mahmood,Himachal Pradesh Cricket Association Stadium,134,102,131.37254901960785
Azhar Mahmood,M Chinnaswamy Stadium,63,45,140.0
Azhar Mahmood,MA Chidambaram Stadium,18,12,150.0
Azhar Mahmood,Punjab Cricket Association Stadium,96,70,137.14285714285714
Azhar Mahmood,Rajiv Gandhi International Stadium,18,13,138.46153846153845
Azhar Mahmood,Sawai Mansingh Stadium,23,20,114.99999999999999
Azhar Mahmood,Wankhede Stadium,19,20,95.0
B Akhil,Kingsmead,0,2,0.0
B Akhil,M Chinnaswamy Stadium,10,12,83.33333333333334
B Akhil,MA Chidambaram Stadium,6,7,85.71428571428571
B Akhil,Nehru Stadium,13,9,144.44444444444443
B Akhil,Newlands,9,9,100.0
B Akhil,Rajiv Gandhi International Stadium,27,7,385.7142857142857
B Akhil,St George's Park,8,4,200.0
B Akhil,Wankhede Stadium,3,5,60.0
B Chipli,Dr DY Patil Sports Academy,5,4,125.0
B Chipli,Dr. Y.S. Rajasekhara Reddy ACA-VDCA Cricket Stadium,11,15,73.33333333333333
B Chipli,Eden Gardens,48,40,120.0
B Chipli,Feroz Shah Kotla,30,20,150.0
B Chipli,M Chinnaswamy Stadium,20,28,71.42857142857143
B Chipli,MA Chidambaram Stadium,17,15,113.33333333333333
B Chipli,Nehru Stadium,4,10,40.0
B Chipli,Rajiv Gandhi International Stadium,118,87,135.63218390804596
B Chipli,Subrata Roy Sahara Stadium,16,17,94.11764705882352
B Chipli,Wankhede Stadium,11,14,78.57142857142857
B Indrajith,Maharashtra Cricket Association Stadium,0,6,0.0
B Indrajith,Wankhede Stadium,21,24,87.5
B Kumar,Arun Jaitley Stadium,14,10,140.0
B Kumar,Brabourne Stadium,5,3,166.66666666666669
B Kumar,Dr DY Patil Sports Academy,2,3,66.66666666666666
B Kumar,Dr. Y.S. Rajasekhara Reddy ACA-VDCA Cricket Stadium,1,2,50.0
B Kumar,Dubai International Cricket Stadium,12,12,100.0
B Kumar,Eden Gardens,32,17,188.23529411764704
B Kumar,Feroz Shah Kotla,1,2,50.0
B Kumar,M Chinnaswamy Stadium,7,13,53.84615384615385
B Kumar,M.Chinnaswamy Stadium,7,5,140.0
B Kumar,MA Chidambaram Stadium,5,8,62.5
B Kumar,Maharashtra Cricket Association Stadium,9,11,81.81818181818183
B Kumar,Narendra Modi Stadium,27,26,103.84615384615385
B Kumar,Rajiv Gandhi International Stadium,45,51,88.23529411764706
B Kumar,Sardar Patel Stadium,0,1,0.0
B Kumar,Sawai Mansingh Stadium,4,9,44.44444444444444
B Kumar,Shaheed Veer Narayan Singh International Stadium,13,7,185.71428571428572
B Kumar,Sharjah Cricket Stadium,6,9,66.66666666666666
B Kumar,Subrata Roy Sahara Stadium,59,64,92.1875
B Kumar,Wankhede Stadium,34,43,79.06976744186046
B Laughlin,MA Chidambaram Stadium,0,1,0.0
B Laughlin,Maharashtra Cricket Association Stadium,0,1,0.0
B Laughlin,Rajiv Gandhi International Stadium,1,3,33.33333333333333
B Laughlin,Wankhede Stadium,4,8,50.0
B Lee,Brabourne Stadium,3,3,100.0
B Lee,De Beers Diamond Oval,14,10,140.0
B Lee,Eden Gardens,10,8,125.0
B Lee,Feroz Shah Kotla,1,1,100.0
B Lee,Kingsmead,6,7,85.71428571428571
B Lee,M Chinnaswamy Stadium,8,4,200.0
B Lee,Nehru Stadium,1,2,50.0
B Lee,New Wanderers Stadium,0,5,0.0
B Lee,Punjab Cricket Association Stadium,25,16,156.25
B Lee,Sawai Mansingh Stadium,30,19,157.89473684210526
B Lee,Shaheed Veer Narayan Singh International Stadium,16,6,266.66666666666663
B Lee,SuperSport Park,8,12,66.66666666666666
B Lee,Wankhede Stadium,2,3,66.66666666666666
B Sai Sudharsan,Arun Jaitley Stadium,62,48,129.16666666666669
B Sai Sudharsan,Brabourne Stadium,69,55,125.45454545454547
B Sai Sudharsan,Dr DY Patil Sports Academy,76,58,131.0344827586207
B Sai Sudharsan,Narendra Modi Stadium,281,185,151.8918918918919
B Sai Sudharsan,Punjab Cricket Association IS Bindra Stadium,19,20,95.0
B Stanlake,Rajiv Gandhi International Stadium,5,2,250.0
B Sumanth,Dr DY Patil Sports Academy,16,18,88.88888888888889
B Sumanth,Feroz Shah Kotla,7,12,58.333333333333336
B Sumanth,Himachal Pradesh Cricket Association Stadium,6,3,200.0
B Sumanth,Vidarbha Cricket Association Stadium,6,4,150.0
BA Bhatt,Eden Gardens,6,2,300.0
BA Bhatt,Himachal Pradesh Cricket Association Stadium,0,5,0.0
BA Stokes,Arun Jaitley Stadium,1,2,50.0
BA Stokes,Dubai International Cricket Stadium,109,103,105.8252427184466
BA Stokes,Eden Gardens,36,38,94.73684210526315
BA Stokes,Feroz Shah Kotla,33,25,132.0
BA Stokes,Holkar Cricket Stadium,62,41,151.21951219512195
BA Stokes,M Chinnaswamy Stadium,2,3,66.66666666666666
BA Stokes,M.Chinnaswamy Stadium,27,21,128.57142857142858
BA Stokes,MA Chidambaram Stadium,54,34,158.8235294117647
BA Stokes,Maharashtra Cricket Association Stadium,181,128,141.40625
BA Stokes,Narendra Modi Stadium,7,6,116.66666666666667
BA Stokes,Rajiv Gandhi International Stadium,60,42,142.85714285714286
BA Stokes,Saurashtra Cricket Association Stadium,25,18,138.88888888888889
BA Stokes,Sawai Mansingh Stadium,145,122,118.85245901639345
BA Stokes,Sheikh Zayed Stadium,176,97,181.44329896907217
BA Stokes,Wankhede Stadium,17,15,113.33333333333333
BAW Mendis,M Chinnaswamy Stadium,1,1,100.0
BAW Mendis,St George's Park,0,1,0.0
BAW Mendis,Subrata Roy Sahara Stadium,2,4,50.0
BB McCullum,Barabati Stadium,43,38,113.1578947368421
BB McCullum,Brabourne Stadium,14,11,127.27272727272727
BB McCullum,Buffalo Park,5,7,71.42857142857143
BB McCullum,Dr DY Patil Sports Academy,0,1,0.0
BB McCullum,Dubai International Cricket Stadium,77,63,122.22222222222223
BB McCullum,Eden Gardens,394,315,125.07936507936508
BB McCullum,Feroz Shah Kotla,218,165,132.12121212121212
BB McCullum,Green Park,54,30,180.0
BB McCullum,Holkar Cricket Stadium,61,37,164.86486486486487
BB McCullum,JSCA International Stadium Complex,81,56,144.64285714285714
BB McCullum,Kingsmead,65,50,130.0
BB McCullum,M Chinnaswamy Stadium,244,154,158.44155844155844
BB McCullum,M.Chinnaswamy Stadium,79,57,138.5964912280702
BB McCullum,MA Chidambaram Stadium,378,267,141.57303370786516
BB McCullum,Maharashtra Cricket Association Stadium,93,52,178.84615384615387
BB McCullum,Nehru Stadium,100,84,119.04761904761905
BB McCullum,New Wanderers Stadium,26,21,123.80952380952381
BB McCullum,Newlands,1,3,33.33333333333333
BB McCullum,Punjab Cricket Association IS Bindra Stadium,0,2,0.0
BB McCullum,Punjab Cricket Association Stadium,21,24,87.5
BB McCullum,Rajiv Gandhi International Stadium,24,34,70.58823529411765
BB McCullum,Sardar Patel Stadium,12,7,171.42857142857142
BB McCullum,Saurashtra Cricket Association Stadium,273,185,147.56756756756758
BB McCullum,Sawai Mansingh Stadium,2,4,50.0
BB McCullum,Shaheed Veer Narayan Singh International Stadium,11,21,52.38095238095239
BB McCullum,Sharjah Cricket Stadium,40,33,121.21212121212122
BB McCullum,Sheikh Zayed Stadium,76,55,138.1818181818182
BB McCullum,St George's Park,20,36,55.55555555555556
BB McCullum,Subrata Roy Sahara Stadium,72,79,91.13924050632912
BB McCullum,SuperSport Park,165,109,151.37614678899084
BB McCullum,Wankhede Stadium,222,159,139.62264150943395
BB Samantray,Barabati Stadium,2,2,100.0
BB Samantray,Feroz Shah Kotla,14,11,127.27272727272727
BB Samantray,M Chinnaswamy Stadium,2,2,100.0
BB Samantray,Maharashtra Cricket Association Stadium,37,37,100.0
BB Samantray,Punjab Cricket Association Stadium,0,1,0.0
BB Samantray,Rajiv Gandhi International Stadium,70,60,116.66666666666667
BB Sran,Arun Jaitley Stadium,0,1,0.0
BB Sran,Dr. Y.S. Rajasekhara Reddy ACA-VDCA Cricket Stadium,1,1,100.0
BB Sran,Eden Gardens,5,5,100.0
BB Sran,Holkar Cricket Stadium,1,1,100.0
BB Sran,Rajiv Gandhi International Stadium,3,5,60.0
BCJ Cutting,Arun Jaitley Stadium,39,24,162.5
BCJ Cutting,Eden Gardens,39,19,205.26315789473685
BCJ Cutting,Feroz Shah Kotla,8,8,100.0
BCJ Cutting,M Chinnaswamy Stadium,39,15,260.0
BCJ Cutting,M.Chinnaswamy Stadium,12,6,200.0
BCJ Cutting,Punjab Cricket Association IS Bindra Stadium,18,11,163.63636363636365
BCJ Cutting,Rajiv Gandhi International Stadium,25,15,166.66666666666669
BCJ Cutting,Sardar Patel Stadium,8,6,133.33333333333331
BCJ Cutting,Sawai Mansingh Stadium,13,9,144.44444444444443
BCJ Cutting,Wankhede Stadium,37,28,132.14285714285714
BE Hendricks,Punjab Cricket Association Stadium,1,3,33.33333333333333
BJ Haddin,Eden Gardens,18,11,163.63636363636365
BJ Hodge,Buffalo Park,73,59,123.72881355932203
BJ Hodge,Dr DY Patil Sports Academy,52,45,115.55555555555554
BJ Hodge,Eden Gardens,93,95,97.89473684210527
BJ Hodge,Feroz Shah Kotla,105,66,159.0909090909091
BJ Hodge,Holkar Cricket Stadium,37,23,160.8695652173913
BJ Hodge,Kingsmead,43,56,76.78571428571429
BJ Hodge,M Chinnaswamy Stadium,19,31,61.29032258064516
BJ Hodge,MA Chidambaram Stadium,63,53,118.86792452830188
BJ Hodge,Nehru Stadium,108,80,135.0
BJ Hodge,New Wanderers Stadium,48,44,109.09090909090908
BJ Hodge,Newlands,31,34,91.17647058823529
BJ Hodge,Punjab Cricket Association Stadium,68,43,158.13953488372093
BJ Hodge,Rajiv Gandhi International Stadium,8,7,114.28571428571428
BJ Hodge,Sardar Patel Stadium,76,64,118.75
BJ Hodge,Sawai Mansingh Stadium,304,219,138.81278538812785
BJ Hodge,Sheikh Zayed Stadium,1,8,12.5
BJ Hodge,St George's Park,94,65,144.6153846153846
BJ Hodge,Subrata Roy Sahara Stadium,22,19,115.78947368421053
BJ Hodge,SuperSport Park,71,44,161.36363636363635
BJ Hodge,Wankhede Stadium,79,50,158.0
BJ Rohrer,Feroz Shah Kotla,32,27,118.5185185185185
BJ Rohrer,Himachal Pradesh Cricket Association Stadium,49,29,168.9655172413793
BJ Rohrer,MA Chidambaram Stadium,4,5,80.0
BJ Rohrer,Sawai Mansingh Stadium,64,40,160.0
BJ Rohrer,Shaheed Veer Narayan Singh International Stadium,23,16,143.75
BJ Rohrer,Subrata Roy Sahara Stadium,7,9,77.77777777777779
BMAJ Mendis,Feroz Shah Kotla,12,17,70.58823529411765
BMAJ Mendis,Rajiv Gandhi International Stadium,11,9,122.22222222222223
BMAJ Mendis,Wankhede Stadium,0,1,0.0
BR Dunk,Dubai International Cricket Stadium,20,17,117.64705882352942
BR Dunk,Wankhede Stadium,20,18,111.11111111111111
Basil Thampi,Dr. Y.S. Rajasekhara Reddy ACA-VDCA Cricket Stadium,1,1,100.0
Basil Thampi,Maharashtra Cricket Association Stadium,2,5,40.0
Basil Thampi,Rajiv Gandhi International Stadium,13,8,162.5
Basil Thampi,Saurashtra Cricket Association Stadium,11,11,100.0
Basil Thampi,Wankhede Stadium,3,6,50.0
Bipul Sharma,Barabati Stadium,8,6,133.33333333333331
Bipul Sharma,Eden Gardens,50,39,128.2051282051282
Bipul Sharma,Feroz Shah Kotla,41,17,241.17647058823528
Bipul Sharma,M Chinnaswamy Stadium,7,6,116.66666666666667
Bipul Sharma,MA Chidambaram Stadium,7,5,140.0
Bipul Sharma,Punjab Cricket Association Stadium,6,4,150.0
Bipul Sharma,Rajiv Gandhi International Stadium,13,12,108.33333333333333
Bipul Sharma,Sawai Mansingh Stadium,19,14,135.71428571428572
Bipul Sharma,Subrata Roy Sahara Stadium,35,18,194.44444444444443
Bipul Sharma,Wankhede Stadium,1,2,50.0
C Green,Arun Jaitley Stadium,17,8,212.5
C Green,Bharat Ratna Shri Atal Bihari Vajpayee Ekana Cricket Stadium,4,6,66.66666666666666
C Green,M Chinnaswamy Stadium,5,4,125.0
C Green,MA Chidambaram Stadium,47,27,174.07407407407408
C Green,Narendra Modi Stadium,63,45,140.0
C Green,Punjab Cricket Association IS Bindra Stadium,23,18,127.77777777777777
C Green,Rajiv Gandhi International Stadium,64,40,160.0
C Green,Wankhede Stadium,229,131,174.8091603053435
C Madan,Brabourne Stadium,15,18,83.33333333333334
C Munro,Arun Jaitley Stadium,36,28,128.57142857142858
C Munro,Dr. Y.S. Rajasekhara Reddy ACA-VDCA Cricket Stadium,41,37,110.8108108108108
C Munro,Eden Gardens,14,13,107.6923076923077
C Munro,Feroz Shah Kotla,16,17,94.11764705882352
C Munro,Maharashtra Cricket Association Stadium,26,16,162.5
C Munro,Punjab Cricket Association IS Bindra Stadium,4,6,66.66666666666666
C Munro,Rajiv Gandhi International Stadium,40,24,166.66666666666669
C Nanda,Kingsmead,0,1,0.0
C Sakariya,Arun Jaitley Stadium,0,2,0.0
C Sakariya,Bharat Ratna Shri Atal Bihari Vajpayee Ekana Cricket Stadium,4,4,100.0
C Sakariya,Dubai International Cricket Stadium,9,8,112.5
C Sakariya,Sharjah Cricket Stadium,7,15,46.666666666666664
C Sakariya,Wankhede Stadium,0,1,0.0
C de Grandhomme,Arun Jaitley Stadium,3,4,75.0
C de Grandhomme,Eden Gardens,65,39,166.66666666666669
C de Grandhomme,Feroz Shah Kotla,1,2,50.0
C de Grandhomme,M Chinnaswamy Stadium,31,29,106.89655172413792
C de Grandhomme,M.Chinnaswamy Stadium,90,50,180.0
C de Grandhomme,MA Chidambaram Stadium,4,6,66.66666666666666
C de Grandhomme,Maharashtra Cricket Association Stadium,8,8,100.0
C de Grandhomme,Punjab Cricket Association IS Bindra Stadium,11,7,157.14285714285714
C de Grandhomme,Rajiv Gandhi International Stadium,88,76,115.78947368421053
C de Grandhomme,Sawai Mansingh Stadium,2,3,66.66666666666666
CA Ingram,Arun Jaitley Stadium,49,49,100.0
CA Ingram,Eden Gardens,14,6,233.33333333333334
CA Ingram,M.Chinnaswamy Stadium,22,21,104.76190476190477
CA Ingram,MA Chidambaram Stadium,8,17,47.05882352941176
CA Ingram,Punjab Cricket Association IS Bindra Stadium,38,29,131.0344827586207
CA Ingram,Sawai Mansingh Stadium,3,5,60.0
CA Ingram,Wankhede Stadium,48,34,141.1764705882353
CA Lynn,Arun Jaitley Stadium,5,6,83.33333333333334
CA Lynn,Eden Gardens,483,348,138.79310344827587
CA Lynn,Holkar Cricket Stadium,27,17,158.8235294117647
CA Lynn,M Chinnaswamy Stadium,75,44,170.45454545454547
CA Lynn,M.Chinnaswamy Stadium,105,82,128.0487804878049
CA Lynn,MA Chidambaram Stadium,71,56,126.78571428571428
CA Lynn,Punjab Cricket Association IS Bindra Stadium,130,74,175.67567567567568
CA Lynn,Rajiv Gandhi International Stadium,112,99,113.13131313131312
CA Lynn,Saurashtra Cricket Association Stadium,93,41,226.8292682926829
CA Lynn,Sawai Mansingh Stadium,50,34,147.05882352941177
CA Lynn,Sharjah Cricket Stadium,45,31,145.16129032258064
CA Lynn,Sheikh Zayed Stadium,13,18,72.22222222222221
CA Lynn,Wankhede Stadium,100,73,136.986301369863
CA Pujara,Dr DY Patil Sports Academy,10,16,62.5
CA Pujara,Dubai International Cricket Stadium,10,18,55.55555555555556
CA Pujara,Eden Gardens,67,66,101.51515151515152
CA Pujara,Feroz Shah Kotla,24,29,82.75862068965517
CA Pujara,JSCA International Stadium Complex,5,14,35.714285714285715
CA Pujara,M Chinnaswamy Stadium,52,49,106.12244897959184
CA Pujara,MA Chidambaram Stadium,2,5,40.0
CA Pujara,Punjab Cricket Association Stadium,51,48,106.25
CA Pujara,Rajiv Gandhi International Stadium,25,15,166.66666666666669
CA Pujara,Sardar Patel Stadium,29,25,115.99999999999999
CA Pujara,Sharjah Cricket Stadium,75,70,107.14285714285714
CA Pujara,Sheikh Zayed Stadium,21,17,123.52941176470588
CA Pujara,Wankhede Stadium,19,18,105.55555555555556
CH Gayle,Arun Jaitley Stadium,69,37,186.48648648648648
CH Gayle,Brabourne Stadium,75,60,125.0
CH Gayle,Buffalo Park,7,7,100.0
CH Gayle,Dubai International Cricket Stadium,69,40,172.5
CH Gayle,Eden Gardens,560,347,161.38328530259366
CH Gayle,Feroz Shah Kotla,298,181,164.64088397790056
CH Gayle,Himachal Pradesh Cricket Association Stadium,0,7,0.0
CH Gayle,Holkar Cricket Stadium,97,82,118.29268292682926
CH Gayle,JSCA International Stadium Complex,120,129,93.02325581395348
CH Gayle,Kingsmead,84,63,133.33333333333331
CH Gayle,M Chinnaswamy Stadium,1508,934,161.4561027837259
CH Gayle,M.Chinnaswamy Stadium,29,18,161.11111111111111
CH Gayle,MA Chidambaram Stadium,231,158,146.20253164556962
CH Gayle,Maharashtra Cricket Association Stadium,27,28,96.42857142857143
CH Gayle,Narendra Modi Stadium,59,34,173.52941176470588
CH Gayle,Newlands,10,12,83.33333333333334
CH Gayle,Punjab Cricket Association IS Bindra Stadium,394,262,150.38167938931298
CH Gayle,Punjab Cricket Association Stadium,179,112,159.82142857142858
CH Gayle,Rajiv Gandhi International Stadium,135,86,156.9767441860465
CH Gayle,Sardar Patel Stadium,20,17,117.64705882352942
CH Gayle,Saurashtra Cricket Association Stadium,77,38,202.6315789473684
CH Gayle,Sawai Mansingh Stadium,188,115,163.47826086956522
CH Gayle,Shaheed Veer Narayan Singh International Stadium,1,4,25.0
CH Gayle,Sharjah Cricket Stadium,118,91,129.67032967032966
CH Gayle,Sheikh Zayed Stadium,111,82,135.3658536585366
CH Gayle,St George's Park,29,28,103.57142857142858
CH Gayle,Subrata Roy Sahara Stadium,78,51,152.94117647058823
CH Gayle,Wankhede Stadium,301,217,138.70967741935485
CH Gayle,Zayed Cricket Stadium,1,4,25.0
CH Morris,Arun Jaitley Stadium,28,24,116.66666666666667
CH Morris,Brabourne Stadium,38,16,237.5
CH Morris,Dr. Y.S. Rajasekhara Reddy ACA-VDCA Cricket Stadium,58,36,161.11111111111111
CH Morris,Dubai International Cricket Stadium,21,21,100.0
CH Morris,Eden Gardens,24,23,104.34782608695652
CH Morris,Feroz Shah Kotla,142,64,221.875
CH Morris,M.Chinnaswamy Stadium,4,8,50.0
CH Morris,MA Chidambaram Stadium,29,21,138.0952380952381
CH Morris,Maharashtra Cricket Association Stadium,44,20,220.00000000000003
CH Morris,Punjab Cricket Association IS Bindra Stadium,46,34,135.29411764705884
CH Morris,Rajiv Gandhi International Stadium,4,8,50.0
CH Morris,Sardar Patel Stadium,3,3,100.0
CH Morris,Sawai Mansingh Stadium,17,7,242.85714285714283
CH Morris,Shaheed Veer Narayan Singh International Stadium,27,18,150.0
CH Morris,Sharjah Cricket Stadium,28,14,200.0
CH Morris,Sheikh Zayed Stadium,4,4,100.0
CH Morris,Wankhede Stadium,101,76,132.89473684210526
CJ Anderson,Barabati Stadium,18,12,150.0
CJ Anderson,Brabourne Stadium,20,10,200.0
CJ Anderson,Dubai International Cricket Stadium,58,58,100.0
CJ Anderson,Eden Gardens,57,46,123.91304347826086
CJ Anderson,Feroz Shah Kotla,114,79,144.30379746835442
CJ Anderson,Green Park,6,6,100.0
CJ Anderson,M.Chinnaswamy Stadium,17,21,80.95238095238095
CJ Anderson,Maharashtra Cricket Association Stadium,2,4,50.0
CJ Anderson,Punjab Cricket Association IS Bindra Stadium,18,25,72.0
CJ Anderson,Sardar Patel Stadium,50,37,135.13513513513513
CJ Anderson,Sharjah Cricket Stadium,13,14,92.85714285714286
CJ Anderson,Sheikh Zayed Stadium,2,8,25.0
CJ Anderson,Wankhede Stadium,163,101,161.3861386138614
CJ Ferguson,Dr DY Patil Sports Academy,27,32,84.375
CJ Ferguson,Punjab Cricket Association Stadium,6,14,42.857142857142854
CJ Ferguson,Rajiv Gandhi International Stadium,15,8,187.5
CJ Ferguson,Sawai Mansingh Stadium,23,26,88.46153846153845
CJ Ferguson,Subrata Roy Sahara Stadium,15,24,62.5
CJ Ferguson,Wankhede Stadium,12,13,92.3076923076923
CJ Jordan,Brabourne Stadium,5,5,100.0
CJ Jordan,Dr DY Patil Sports Academy,6,3,200.0
CJ Jordan,Dubai International Cricket Stadium,7,12,58.333333333333336
CJ Jordan,M Chinnaswamy Stadium,3,5,60.0
CJ Jordan,MA Chidambaram Stadium,4,7,57.14285714285714
CJ Jordan,Narendra Modi Stadium,34,26,130.76923076923077
CJ Jordan,Sheikh Zayed Stadium,4,5,80.0
CJ McKay,Wankhede Stadium,8,15,53.333333333333336
CK Kapugedera,Dr DY Patil Sports Academy,8,11,72.72727272727273
CK Kapugedera,Feroz Shah Kotla,8,9,88.88888888888889
CK Kapugedera,Wankhede Stadium,0,2,0.0
CK Langeveldt,Feroz Shah Kotla,0,1,0.0
CK Langeveldt,Himachal Pradesh Cricket Association Stadium,8,8,100.0
CL White,Barabati Stadium,84,54,155.55555555555557
CL White,Dr. Y.S. Rajasekhara Reddy ACA-VDCA Cricket Stadium,53,38,139.4736842105263
CL White,Eden Gardens,64,46,139.1304347826087
CL White,Feroz Shah Kotla,70,72,97.22222222222221
CL White,Himachal Pradesh Cricket Association Stadium,15,12,125.0
CL White,M Chinnaswamy Stadium,143,93,153.76344086021504
CL White,MA Chidambaram Stadium,113,87,129.8850574712644
CL White,Maharashtra Cricket Association Stadium,0,1,0.0
CL White,Nehru Stadium,31,34,91.17647058823529
CL White,Punjab Cricket Association Stadium,93,65,143.07692307692307
CL White,Rajiv Gandhi International Stadium,148,152,97.36842105263158
CL White,Sawai Mansingh Stadium,10,16,62.5
CL White,Subrata Roy Sahara Stadium,78,46,169.56521739130434
CL White,Vidarbha Cricket Association Stadium,4,3,133.33333333333331
CL White,Wankhede Stadium,43,24,179.16666666666669
CM Gautam,Barabati Stadium,8,9,88.88888888888889
CM Gautam,Dubai International Cricket Stadium,11,9,122.22222222222223
CM Gautam,Himachal Pradesh Cricket Association Stadium,12,8,150.0
CM Gautam,MA Chidambaram Stadium,4,5,80.0
CM Gautam,Rajiv Gandhi International Stadium,1,3,33.33333333333333
CM Gautam,Sawai Mansingh Stadium,2,3,66.66666666666666
CM Gautam,Sharjah Cricket Stadium,22,18,122.22222222222223
CM Gautam,Sheikh Zayed Stadium,7,7,100.0
CM Gautam,Subrata Roy Sahara Stadium,30,23,130.43478260869566
CM Gautam,Wankhede Stadium,72,64,112.5
CR Brathwaite,Eden Gardens,25,17,147.05882352941177
CR Brathwaite,Feroz Shah Kotla,54,19,284.2105263157895
CR Brathwaite,Green Park,11,10,110.00000000000001
CR Brathwaite,M.Chinnaswamy Stadium,1,5,20.0
CR Brathwaite,Punjab Cricket Association IS Bindra Stadium,12,6,200.0
CR Brathwaite,Rajiv Gandhi International Stadium,3,4,75.0
CR Brathwaite,Shaheed Veer Narayan Singh International Stadium,11,9,122.22222222222223
CR Brathwaite,Wankhede Stadium,64,40,160.0
CR Woakes,Eden Gardens,25,30,83.33333333333334
CR Woakes,Feroz Shah Kotla,3,5,60.0
CR Woakes,M.Chinnaswamy Stadium,1,3,33.33333333333333
CR Woakes,Punjab Cricket Association IS Bindra Stadium,8,6,133.33333333333331
CR Woakes,Rajiv Gandhi International Stadium,6,3,200.0
CR Woakes,Wankhede Stadium,35,30,116.66666666666667
CRD Fernando,Dr DY Patil Sports Academy,2,2,100.0
CRD Fernando,Wankhede Stadium,2,1,200.0
CV Varun,Arun Jaitley Stadium,1,6,16.666666666666664
CV Varun,Brabourne Stadium,2,2,100.0
CV Varun,Dr DY Patil Sports Academy,10,16,62.5
CV Varun,Eden Gardens,0,3,0.0
CV Varun,MA Chidambaram Stadium,2,3,66.66666666666666
CV Varun,Sharjah Cricket Stadium,9,14,64.28571428571429
CV Varun,Sheikh Zayed Stadium,1,1,100.0
CV Varun,Wankhede Stadium,0,1,0.0
D Brevis,Brabourne Stadium,31,13,238.46153846153845
D Brevis,Dr DY Patil Sports Academy,4,7,57.14285714285714
D Brevis,Maharashtra Cricket Association Stadium,86,55,156.36363636363637
D Brevis,Wankhede Stadium,40,38,105.26315789473684
D Kalyankrishna,Rajiv Gandhi International Stadium,3,8,37.5
D Padikkal,Barsapara Cricket Stadium,21,26,80.76923076923077
D Padikkal,Brabourne Stadium,66,45,146.66666666666666
D Padikkal,Dr DY Patil Sports Academy,70,52,134.6153846153846
D Padikkal,Dubai International Cricket Stadium,173,163,106.13496932515338
D Padikkal,Eden Gardens,28,20,140.0
D Padikkal,Himachal Pradesh Cricket Association Stadium,51,30,170.0
D Padikkal,M Chinnaswamy Stadium,52,34,152.94117647058823
D Padikkal,MA Chidambaram Stadium,74,66,112.12121212121211
D Padikkal,Maharashtra Cricket Association Stadium,48,36,133.33333333333331
D Padikkal,Narendra Modi Stadium,61,67,91.04477611940298
D Padikkal,Rajiv Gandhi International Stadium,2,5,40.0
D Padikkal,Sawai Mansingh Stadium,69,50,138.0
D Padikkal,Sharjah Cricket Stadium,186,149,124.83221476510067
D Padikkal,Sheikh Zayed Stadium,213,154,138.31168831168833
D Padikkal,Wankhede Stadium,290,201,144.27860696517413
D Padikkal,Zayed Cricket Stadium,63,72,87.5
D Pretorius,Brabourne Stadium,8,5,160.0
D Pretorius,Dr DY Patil Sports Academy,22,14,157.14285714285714
D Pretorius,Maharashtra Cricket Association Stadium,13,8,162.5
D Pretorius,Wankhede Stadium,1,1,100.0
D Salunkhe,Feroz Shah Kotla,26,20,130.0
D Salunkhe,Punjab Cricket Association Stadium,6,3,200.0
D Salunkhe,Rajiv Gandhi International Stadium,1,1,100.0
D Wiese,Eden Gardens,9,8,112.5
D Wiese,JSCA International Stadium Complex,12,7,171.42857142857142
D Wiese,M Chinnaswamy Stadium,95,59,161.01694915254237
D Wiese,MA Chidambaram Stadium,17,14,121.42857142857142
D Wiese,Punjab Cricket Association Stadium,4,4,100.0
D du Preez,SuperSport Park,10,13,76.92307692307693
DA Miller,Arun Jaitley Stadium,78,47,165.95744680851064
DA Miller,Barabati Stadium,60,46,130.43478260869566
DA Miller,Bharat Ratna Shri Atal Bihari Vajpayee Ekana Cricket Stadium,6,12,50.0
DA Miller,Brabourne Stadium,64,42,152.38095238095238
DA Miller,Dr DY Patil Sports Academy,81,63,128.57142857142858
DA Miller,Dr. Y.S. Rajasekhara Reddy ACA-VDCA Cricket Stadium,7,5,140.0
DA Miller,Dubai International Cricket Stadium,26,20,130.0
DA Miller,Eden Gardens,245,161,152.17391304347828
DA Miller,Feroz Shah Kotla,115,130,88.46153846153845
DA Miller,Himachal Pradesh Cricket Association Stadium,50,29,172.41379310344826
DA Miller,Holkar Cricket Stadium,30,27,111.11111111111111
DA Miller,M Chinnaswamy Stadium,85,57,149.12280701754386
DA Miller,M.Chinnaswamy Stadium,24,25,96.0
DA Miller,MA Chidambaram Stadium,83,61,136.0655737704918
DA Miller,Maharashtra Cricket Association Stadium,192,138,139.1304347826087
DA Miller,Narendra Modi Stadium,154,94,163.82978723404256
DA Miller,Punjab Cricket Association IS Bindra Stadium,229,164,139.6341463414634
DA Miller,Punjab Cricket Association Stadium,416,267,155.8052434456929
DA Miller,Rajiv Gandhi International Stadium,162,114,142.10526315789474
DA Miller,Saurashtra Cricket Association Stadium,31,27,114.81481481481481
DA Miller,Sharjah Cricket Stadium,76,52,146.15384615384613
DA Miller,Sheikh Zayed Stadium,68,47,144.6808510638298
DA Miller,Wankhede Stadium,371,285,130.17543859649123
DA Miller,Zayed Cricket Stadium,7,10,70.0
DA Warner,Arun Jaitley Stadium,374,294,127.2108843537415
DA Warner,Barabati Stadium,57,33,172.72727272727272
DA Warner,Barsapara Cricket Stadium,65,54,120.37037037037037
DA Warner,Bharat Ratna Shri Atal Bihari Vajpayee Ekana Cricket Stadium,56,48,116.66666666666667
DA Warner,Brabourne Stadium,268,164,163.41463414634146
DA Warner,Buffalo Park,21,30,70.0
DA Warner,Dr DY Patil Sports Academy,121,94,128.72340425531914
DA Warner,Dr. Y.S. Rajasekhara Reddy ACA-VDCA Cricket Stadium,199,136,146.3235294117647
DA Warner,Dubai International Cricket Stadium,371,281,132.02846975088968
DA Warner,Eden Gardens,158,128,123.4375
DA Warner,Feroz Shah Kotla,654,513,127.48538011695906
DA Warner,Green Park,69,52,132.69230769230768
DA Warner,Himachal Pradesh Cricket Association Stadium,154,105,146.66666666666666
DA Warner,JSCA International Stadium Complex,90,44,204.54545454545453
DA Warner,Kingsmead,40,29,137.93103448275863
DA Warner,M Chinnaswamy Stadium,334,200,167.0
DA Warner,MA Chidambaram Stadium,316,281,112.45551601423487
DA Warner,Maharashtra Cricket Association Stadium,43,39,110.25641025641026
DA Warner,Narendra Modi Stadium,2,2,100.0
DA Warner,Nehru Stadium,3,7,42.857142857142854
DA Warner,New Wanderers Stadium,87,63,138.0952380952381
DA Warner,Punjab Cricket Association IS Bindra Stadium,173,130,133.07692307692307
DA Warner,Punjab Cricket Association Stadium,58,41,141.46341463414635
DA Warner,Rajiv Gandhi International Stadium,1623,1003,161.814556331007
DA Warner,Sardar Patel Stadium,6,7,85.71428571428571
DA Warner,Saurashtra Cricket Association Stadium,74,48,154.16666666666669
DA Warner,Sawai Mansingh Stadium,104,94,110.63829787234043
DA Warner,Shaheed Veer Narayan Singh International Stadium,207,138,150.0
DA Warner,Sharjah Cricket Stadium,163,123,132.52032520325204
DA Warner,Sheikh Zayed Stadium,132,117,112.82051282051282
DA Warner,Subrata Roy Sahara Stadium,9,11,81.81818181818183
DA Warner,SuperSport Park,15,10,150.0
DA Warner,Wankhede Stadium,264,168,157.14285714285714
DAJ Bracewell,M Chinnaswamy Stadium,12,9,133.33333333333331
DB Das,Barabati Stadium,9,8,112.5
DB Das,Eden Gardens,203,155,130.96774193548387
DB Das,Feroz Shah Kotla,1,3,33.33333333333333
DB Das,JSCA International Stadium Complex,8,6,133.33333333333331
DB Das,MA Chidambaram Stadium,11,4,275.0
DB Das,Punjab Cricket Association Stadium,6,11,54.54545454545454
DB Das,Sawai Mansingh Stadium,23,27,85.18518518518519
DB Das,Shaheed Veer Narayan Singh International Stadium,18,26,69.23076923076923
DB Das,Wankhede Stadium,25,20,125.0
DB Ravi Teja,De Beers Diamond Oval,7,3,233.33333333333334
DB Ravi Teja,Dr. Y.S. Rajasekhara Reddy ACA-VDCA Cricket Stadium,4,4,100.0
DB Ravi Teja,Eden Gardens,24,23,104.34782608695652
DB Ravi Teja,Feroz Shah Kotla,9,5,180.0
DB Ravi Teja,Himachal Pradesh Cricket Association Stadium,60,41,146.34146341463415
DB Ravi Teja,Kingsmead,36,43,83.72093023255815
DB Ravi Teja,Nehru Stadium,8,5,160.0
DB Ravi Teja,New Wanderers Stadium,10,15,66.66666666666666
DB Ravi Teja,Newlands,8,5,160.0
DB Ravi Teja,Rajiv Gandhi International Stadium,199,159,125.1572327044025
DB Ravi Teja,Sawai Mansingh Stadium,6,8,75.0
DB Ravi Teja,SuperSport Park,4,4,100.0
DE Bollinger,MA Chidambaram Stadium,19,18,105.55555555555556
DE Bollinger,Vidarbha Cricket Association Stadium,2,3,66.66666666666666
DE Bollinger,Wankhede Stadium,0,1,0.0
DG Nalkande,MA Chidambaram Stadium,0,1,0.0
DH Yagnik,Eden Gardens,41,22,186.36363636363635
DH Yagnik,Feroz Shah Kotla,0,4,0.0
DH Yagnik,JSCA International Stadium Complex,4,6,66.66666666666666
DH Yagnik,M Chinnaswamy Stadium,5,4,125.0
DH Yagnik,MA Chidambaram Stadium,8,9,88.88888888888889
DH Yagnik,Punjab Cricket Association Stadium,10,9,111.11111111111111
DH Yagnik,Sawai Mansingh Stadium,80,57,140.35087719298244
DH Yagnik,Subrata Roy Sahara Stadium,12,8,150.0
DH Yagnik,Wankhede Stadium,10,14,71.42857142857143
DJ Bravo,Arun Jaitley Stadium,5,5,100.0
DJ Bravo,Brabourne Stadium,23,23,100.0
DJ Bravo,Buffalo Park,35,29,120.6896551724138
DJ Bravo,Dr DY Patil Sports Academy,70,49,142.85714285714286
DJ Bravo,Dr. Y.S. Rajasekhara Reddy ACA-VDCA Cricket Stadium,43,18,238.88888888888889
DJ Bravo,Dubai International Cricket Stadium,34,16,212.5
DJ Bravo,Eden Gardens,141,126,111.90476190476191
DJ Bravo,Feroz Shah Kotla,61,53,115.09433962264151
DJ Bravo,Himachal Pradesh Cricket Association Stadium,48,43,111.62790697674419
DJ Bravo,JSCA International Stadium Complex,0,1,0.0
DJ Bravo,Kingsmead,37,41,90.2439024390244
DJ Bravo,M Chinnaswamy Stadium,63,40,157.5
DJ Bravo,M.Chinnaswamy Stadium,19,11,172.72727272727272
DJ Bravo,MA Chidambaram Stadium,325,235,138.29787234042556
DJ Bravo,Maharashtra Cricket Association Stadium,45,40,112.5
DJ Bravo,New Wanderers Stadium,50,40,125.0
DJ Bravo,Newlands,5,4,125.0
DJ Bravo,Punjab Cricket Association IS Bindra Stadium,4,4,100.0
DJ Bravo,Punjab Cricket Association Stadium,23,21,109.52380952380953
DJ Bravo,Rajiv Gandhi International Stadium,88,71,123.94366197183098
DJ Bravo,Sardar Patel Stadium,62,36,172.22222222222223
DJ Bravo,Saurashtra Cricket Association Stadium,34,24,141.66666666666669
DJ Bravo,Sawai Mansingh Stadium,34,27,125.92592592592592
DJ Bravo,Shaheed Veer Narayan Singh International Stadium,8,8,100.0
DJ Bravo,Sheikh Zayed Stadium,8,3,266.66666666666663
DJ Bravo,St George's Park,8,13,61.53846153846154
DJ Bravo,Subrata Roy Sahara Stadium,5,2,250.0
DJ Bravo,SuperSport Park,83,74,112.16216216216218
DJ Bravo,Wankhede Stadium,199,139,143.16546762589928
DJ Harris,Dr. Y.S. Rajasekhara Reddy ACA-VDCA Cricket Stadium,15,14,107.14285714285714
DJ Harris,M Chinnaswamy Stadium,47,41,114.6341463414634
DJ Harris,Rajiv Gandhi International Stadium,49,46,106.5217391304348
DJ Hooda,Arun Jaitley Stadium,10,11,90.9090909090909
DJ Hooda,Bharat Ratna Shri Atal Bihari Vajpayee Ekana Cricket Stadium,34,40,85.0
DJ Hooda,Brabourne Stadium,94,64,146.875
DJ Hooda,Dr DY Patil Sports Academy,75,59,127.11864406779661
DJ Hooda,Dr. Y.S. Rajasekhara Reddy ACA-VDCA Cricket Stadium,18,9,200.0
DJ Hooda,Dubai International Cricket Stadium,18,30,60.0
DJ Hooda,Eden Gardens,84,63,133.33333333333331
DJ Hooda,Feroz Shah Kotla,79,47,168.08510638297872
DJ Hooda,M Chinnaswamy Stadium,18,22,81.81818181818183
DJ Hooda,M.Chinnaswamy Stadium,1,1,100.0
DJ Hooda,MA Chidambaram Stadium,45,44,102.27272727272727
DJ Hooda,Maharashtra Cricket Association Stadium,183,131,139.6946564885496
DJ Hooda,Narendra Modi Stadium,18,25,72.0
DJ Hooda,Punjab Cricket Association IS Bindra Stadium,64,35,182.85714285714286
DJ Hooda,Rajiv Gandhi International Stadium,165,158,104.43037974683544
DJ Hooda,Sardar Patel Stadium,14,7,200.0
DJ Hooda,Sawai Mansingh Stadium,2,5,40.0
DJ Hooda,Shaheed Veer Narayan Singh International Stadium,1,1,100.0
DJ Hooda,Sharjah Cricket Stadium,13,10,130.0
DJ Hooda,Sheikh Zayed Stadium,63,31,203.2258064516129
DJ Hooda,Wankhede Stadium,251,177,141.80790960451978
DJ Hooda,Zayed Cricket Stadium,28,26,107.6923076923077
DJ Hussey,Brabourne Stadium,40,29,137.93103448275863
DJ Hussey,Eden Gardens,265,249,106.42570281124497
DJ Hussey,Feroz Shah Kotla,109,98,111.22448979591837
DJ Hussey,Himachal Pradesh Cricket Association Stadium,15,20,75.0
DJ Hussey,Holkar Cricket Stadium,21,15,140.0
DJ Hussey,JSCA International Stadium Complex,75,62,120.96774193548387
DJ Hussey,Kingsmead,9,13,69.23076923076923
DJ Hussey,M Chinnaswamy Stadium,57,41,139.02439024390242
DJ Hussey,MA Chidambaram Stadium,29,25,115.99999999999999
DJ Hussey,New Wanderers Stadium,43,15,286.6666666666667
DJ Hussey,Punjab Cricket Association Stadium,337,256,131.640625
DJ Hussey,Rajiv Gandhi International Stadium,95,68,139.70588235294116
DJ Hussey,Sawai Mansingh Stadium,96,71,135.2112676056338
DJ Hussey,Subrata Roy Sahara Stadium,26,27,96.29629629629629
DJ Hussey,SuperSport Park,46,29,158.6206896551724
DJ Hussey,Wankhede Stadium,59,52,113.46153846153845
DJ Jacobs,Feroz Shah Kotla,1,6,16.666666666666664
DJ Jacobs,M Chinnaswamy Stadium,22,16,137.5
DJ Jacobs,Rajiv Gandhi International Stadium,32,20,160.0
DJ Jacobs,Sawai Mansingh Stadium,15,15,100.0
DJ Jacobs,Wankhede Stadium,22,41,53.65853658536586
DJ Malan,Narendra Modi Stadium,26,26,100.0
DJ Mitchell,Dr DY Patil Sports Academy,17,20,85.0
DJ Mitchell,Maharashtra Cricket Association Stadium,16,24,66.66666666666666
DJ Muthuswami,Feroz Shah Kotla,1,3,33.33333333333333
DJ Thornely,Dr DY Patil Sports Academy,30,24,125.0
DJ Thornely,Rajiv Gandhi International Stadium,8,18,44.44444444444444
DJ Thornely,Wankhede Stadium,1,11,9.090909090909092
DJ Willey,Dr DY Patil Sports Academy,18,28,64.28571428571429
DJ Willey,Eden Gardens,20,20,100.0
DJ Willey,M Chinnaswamy Stadium,15,12,125.0
DJ Willey,Wankhede Stadium,0,2,0.0
DJG Sammy,Dubai International Cricket Stadium,10,4,250.0
DJG Sammy,Eden Gardens,36,28,128.57142857142858
DJG Sammy,Feroz Shah Kotla,29,21,138.0952380952381
DJG Sammy,JSCA International Stadium Complex,0,3,0.0
DJG Sammy,M Chinnaswamy Stadium,14,17,82.35294117647058
DJG Sammy,MA Chidambaram Stadium,19,12,158.33333333333331
DJG Sammy,Punjab Cricket Association Stadium,0,3,0.0
DJG Sammy,Rajiv Gandhi International Stadium,83,75,110.66666666666667
DJG Sammy,Sawai Mansingh Stadium,60,41,146.34146341463415
DJG Sammy,Sharjah Cricket Stadium,38,26,146.15384615384613
DJG Sammy,Sheikh Zayed Stadium,6,11,54.54545454545454
DJM Short,Arun Jaitley Stadium,44,25,176.0
DJM Short,Holkar Cricket Stadium,2,2,100.0
DJM Short,M.Chinnaswamy Stadium,11,17,64.70588235294117
DJM Short,Rajiv Gandhi International Stadium,4,4,100.0
DJM Short,Sawai Mansingh Stadium,50,46,108.69565217391303
DJM Short,Wankhede Stadium,4,5,80.0
DL Chahar,Arun Jaitley Stadium,1,2,50.0
DL Chahar,Dubai International Cricket Stadium,7,7,100.0
DL Chahar,MA Chidambaram Stadium,1,4,25.0
DL Chahar,Maharashtra Cricket Association Stadium,53,26,203.84615384615384
DL Chahar,Sharjah Cricket Stadium,0,5,0.0
DL Chahar,Wankhede Stadium,17,14,121.42857142857142
DL Chahar,Zayed Cricket Stadium,1,1,100.0
DL Vettori,Eden Gardens,16,10,160.0
DL Vettori,Feroz Shah Kotla,39,40,97.5
DL Vettori,M Chinnaswamy Stadium,24,18,133.33333333333331
DL Vettori,MA Chidambaram Stadium,3,4,75.0
DL Vettori,New Wanderers Stadium,4,2,200.0
DL Vettori,OUTsurance Oval,1,2,50.0
DL Vettori,Punjab Cricket Association Stadium,2,3,66.66666666666666
DL Vettori,Rajiv Gandhi International Stadium,3,6,50.0
DL Vettori,SuperSport Park,29,27,107.40740740740742
DM Bravo,Maharashtra Cricket Association Stadium,6,5,120.0
DNT Zoysa,Rajiv Gandhi International Stadium,11,9,122.22222222222223
DP Conway,Arun Jaitley Stadium,87,51,170.58823529411765
DP Conway,Brabourne Stadium,16,14,114.28571428571428
DP Conway,Dr DY Patil Sports Academy,87,49,177.55102040816325
DP Conway,Eden Gardens,56,40,140.0
DP Conway,M Chinnaswamy Stadium,83,45,184.44444444444446
DP Conway,MA Chidambaram Stadium,390,292,133.56164383561645
DP Conway,Maharashtra Cricket Association Stadium,141,92,153.26086956521738
DP Conway,Narendra Modi Stadium,48,31,154.83870967741936
DP Conway,Sawai Mansingh Stadium,8,16,50.0
DP Conway,Wankhede Stadium,8,21,38.095238095238095
DP Nannes,Barabati Stadium,1,2,50.0
DP Nannes,Feroz Shah Kotla,3,11,27.27272727272727
DP Vijaykumar,Feroz Shah Kotla,1,1,100.0
DPMD Jayawardene,Barabati Stadium,14,9,155.55555555555557
DPMD Jayawardene,Brabourne Stadium,20,18,111.11111111111111
DPMD Jayawardene,De Beers Diamond Oval,43,28,153.57142857142858
DPMD Jayawardene,Dr DY Patil Sports Academy,2,3,66.66666666666666
DPMD Jayawardene,Eden Gardens,212,148,143.24324324324326
DPMD Jayawardene,Feroz Shah Kotla,389,333,116.81681681681681
DPMD Jayawardene,Himachal Pradesh Cricket Association Stadium,161,121,133.05785123966942
DPMD Jayawardene,Holkar Cricket Stadium,82,55,149.0909090909091
DPMD Jayawardene,Kingsmead,67,55,121.81818181818183
DPMD Jayawardene,M Chinnaswamy Stadium,46,42,109.52380952380953
DPMD Jayawardene,MA Chidambaram Stadium,71,54,131.4814814814815
DPMD Jayawardene,Nehru Stadium,111,106,104.71698113207549
DPMD Jayawardene,Newlands,13,16,81.25
DPMD Jayawardene,Punjab Cricket Association Stadium,121,92,131.52173913043478
DPMD Jayawardene,Rajiv Gandhi International Stadium,56,35,160.0
DPMD Jayawardene,Sawai Mansingh Stadium,93,84,110.71428571428572
DPMD Jayawardene,Shaheed Veer Narayan Singh International Stadium,17,25,68.0
DPMD Jayawardene,St George's Park,52,41,126.82926829268293
DPMD Jayawardene,Subrata Roy Sahara Stadium,72,60,120.0
DPMD Jayawardene,SuperSport Park,44,25,176.0
DPMD Jayawardene,Wankhede Stadium,85,74,114.86486486486487
DR Martyn,M Chinnaswamy Stadium,19,24,79.16666666666666
DR Sams,Brabourne Stadium,7,4,175.0
DR Sams,Dr DY Patil Sports Academy,12,7,171.42857142857142
DR Sams,Dubai International Cricket Stadium,0,2,0.0
DR Sams,Narendra Modi Stadium,6,6,100.0
DR Sams,Wankhede Stadium,19,25,76.0
DR Shorey,MA Chidambaram Stadium,5,8,62.5
DR Shorey,Maharashtra Cricket Association Stadium,8,9,88.88888888888889
DR Smith,Barabati Stadium,4,4,100.0
DR Smith,Brabourne Stadium,24,20,120.0
DR Smith,Buffalo Park,49,22,222.72727272727272
DR Smith,De Beers Diamond Oval,47,32,146.875
DR Smith,Dr DY Patil Sports Academy,5,10,50.0
DR Smith,Dubai International Cricket Stadium,79,50,158.0
DR Smith,Eden Gardens,222,169,131.36094674556213
DR Smith,Feroz Shah Kotla,235,145,162.06896551724137
DR Smith,Green Park,99,65,152.3076923076923
DR Smith,JSCA International Stadium Complex,133,101,131.68316831683168
DR Smith,Kingsmead,48,29,165.51724137931035
DR Smith,M Chinnaswamy Stadium,197,120,164.16666666666666
DR Smith,MA Chidambaram Stadium,148,142,104.22535211267605
DR Smith,Maharashtra Cricket Association Stadium,63,38,165.78947368421052
DR Smith,Punjab Cricket Association IS Bindra Stadium,74,39,189.74358974358972
DR Smith,Rajiv Gandhi International Stadium,97,94,103.19148936170212
DR Smith,Sardar Patel Stadium,40,29,137.93103448275863
DR Smith,Saurashtra Cricket Association Stadium,114,90,126.66666666666666
DR Smith,Sawai Mansingh Stadium,95,64,148.4375
DR Smith,Shaheed Veer Narayan Singh International Stadium,18,24,75.0
DR Smith,Sharjah Cricket Stadium,66,46,143.47826086956522
DR Smith,Sheikh Zayed Stadium,95,70,135.71428571428572
DR Smith,St George's Park,7,8,87.5
DR Smith,Subrata Roy Sahara Stadium,0,1,0.0
DR Smith,SuperSport Park,64,40,160.0
DR Smith,Vidarbha Cricket Association Stadium,17,15,113.33333333333333
DR Smith,Wankhede Stadium,345,288,119.79166666666667
DS Kulkarni,Buffalo Park,1,4,25.0
DS Kulkarni,Dubai International Cricket Stadium,28,19,147.36842105263156
DS Kulkarni,Feroz Shah Kotla,3,2,150.0
DS Kulkarni,Kingsmead,1,4,25.0
DS Kulkarni,M Chinnaswamy Stadium,22,12,183.33333333333331
DS Kulkarni,Maharashtra Cricket Association Stadium,3,9,33.33333333333333
DS Kulkarni,Punjab Cricket Association Stadium,4,20,20.0
DS Kulkarni,Rajiv Gandhi International Stadium,4,6,66.66666666666666
DS Kulkarni,Sardar Patel Stadium,8,8,100.0
DS Kulkarni,Saurashtra Cricket Association Stadium,6,4,150.0
DS Kulkarni,Sawai Mansingh Stadium,8,6,133.33333333333331
DS Kulkarni,Sharjah Cricket Stadium,3,2,150.0
DS Kulkarni,SuperSport Park,7,9,77.77777777777779
DS Kulkarni,Wankhede Stadium,6,3,200.0
DS Lehmann,Feroz Shah Kotla,1,2,50.0
DS Lehmann,Sawai Mansingh Stadium,17,16,106.25
DT Christian,Arun Jaitley Stadium,6,11,54.54545454545454
DT Christian,Dr DY Patil Sports Academy,14,12,116.66666666666667
DT Christian,Dr. Y.S. Rajasekhara Reddy ACA-VDCA Cricket Stadium,41,39,105.12820512820514
DT Christian,Dubai International Cricket Stadium,1,3,33.33333333333333
DT Christian,Eden Gardens,34,23,147.82608695652172
DT Christian,Feroz Shah Kotla,30,35,85.71428571428571
DT Christian,Holkar Cricket Stadium,17,8,212.5
DT Christian,M Chinnaswamy Stadium,5,16,31.25
DT Christian,MA Chidambaram Stadium,32,32,100.0
DT Christian,Maharashtra Cricket Association Stadium,33,14,235.71428571428572
DT Christian,Nehru Stadium,9,11,81.81818181818183
DT Christian,Punjab Cricket Association IS Bindra Stadium,13,12,108.33333333333333
DT Christian,Punjab Cricket Association Stadium,24,10,240.0
DT Christian,Rajiv Gandhi International Stadium,130,99,131.31313131313132
DT Christian,Sawai Mansingh Stadium,29,19,152.63157894736844
DT Christian,Sharjah Cricket Stadium,9,8,112.5
DT Christian,Wankhede Stadium,32,38,84.21052631578947
DT Christian,Zayed Cricket Stadium,1,4,25.0
DT Patil,M Chinnaswamy Stadium,4,1,400.0
DT Patil,Sawai Mansingh Stadium,9,12,75.0
DW Steyn,Barabati Stadium,7,3,233.33333333333334
DW Steyn,Dr DY Patil Sports Academy,5,5,100.0
DW Steyn,Dr. Y.S. Rajasekhara Reddy ACA-VDCA Cricket Stadium,7,10,70.0
DW Steyn,Dubai International Cricket Stadium,1,2,50.0
DW Steyn,Eden Gardens,14,13,107.6923076923077
DW Steyn,Feroz Shah Kotla,15,10,150.0
DW Steyn,M Chinnaswamy Stadium,10,16,62.5
DW Steyn,Maharashtra Cricket Association Stadium,4,1,400.0
DW Steyn,Punjab Cricket Association Stadium,1,3,33.33333333333333
DW Steyn,Rajiv Gandhi International Stadium,57,50,113.99999999999999
DW Steyn,Sardar Patel Stadium,9,8,112.5
DW Steyn,Saurashtra Cricket Association Stadium,1,2,50.0
DW Steyn,Sawai Mansingh Stadium,18,8,225.0
DW Steyn,Sharjah Cricket Stadium,12,16,75.0
DW Steyn,St George's Park,0,3,0.0
DW Steyn,Vidarbha Cricket Association Stadium,0,1,0.0
DW Steyn,Wankhede Stadium,3,6,50.0
Dhruv Jurel,Barsapara Cricket Stadium,40,18,222.22222222222223
Dhruv Jurel,Himachal Pradesh Cricket Association Stadium,10,4,250.0
Dhruv Jurel,M Chinnaswamy Stadium,34,16,212.5
Dhruv Jurel,MA Chidambaram Stadium,4,6,66.66666666666666
Dhruv Jurel,Narendra Modi Stadium,18,10,180.0
Dhruv Jurel,Sawai Mansingh Stadium,44,31,141.93548387096774
Dhruv Jurel,Wankhede Stadium,2,3,66.66666666666666
E Lewis,Arun Jaitley Stadium,48,31,154.83870967741936
E Lewis,Brabourne Stadium,55,23,239.1304347826087
E Lewis,Dr DY Patil Sports Academy,6,18,33.33333333333333
E Lewis,Dubai International Cricket Stadium,100,62,161.29032258064515
E Lewis,Eden Gardens,35,35,100.0
E Lewis,Holkar Cricket Stadium,10,13,76.92307692307693
E Lewis,MA Chidambaram Stadium,32,30,106.66666666666667
E Lewis,Maharashtra Cricket Association Stadium,47,43,109.30232558139534
E Lewis,Rajiv Gandhi International Stadium,29,17,170.58823529411765
E Lewis,Sawai Mansingh Stadium,0,1,0.0
E Lewis,Sharjah Cricket Stadium,24,19,126.3157894736842
E Lewis,Wankhede Stadium,240,167,143.7125748502994
E Lewis,Zayed Cricket Stadium,27,12,225.0
EJG Morgan,Brabourne Stadium,70,34,205.88235294117646
EJG Morgan,Dr. Y.S. Rajasekhara Reddy ACA-VDCA Cricket Stadium,28,32,87.5
EJG Morgan,Dubai International Cricket Stadium,125,82,152.4390243902439
EJG Morgan,Eden Gardens,200,151,132.45033112582783
EJG Morgan,Feroz Shah Kotla,22,21,104.76190476190477
EJG Morgan,M Chinnaswamy Stadium,44,45,97.77777777777777
EJG Morgan,MA Chidambaram Stadium,76,61,124.59016393442623
EJG Morgan,Maharashtra Cricket Association Stadium,4,4,100.0
EJG Morgan,Narendra Modi Stadium,47,42,111.90476190476191
EJG Morgan,Nehru Stadium,66,51,129.41176470588235
EJG Morgan,Punjab Cricket Association IS Bindra Stadium,26,21,123.80952380952381
EJG Morgan,Punjab Cricket Association Stadium,47,38,123.6842105263158
EJG Morgan,Rajiv Gandhi International Stadium,192,173,110.98265895953756
EJG Morgan,Sawai Mansingh Stadium,51,38,134.21052631578948
EJG Morgan,Shaheed Veer Narayan Singh International Stadium,46,44,104.54545454545455
EJG Morgan,Sharjah Cricket Stadium,110,77,142.85714285714286
EJG Morgan,Sheikh Zayed Stadium,175,154,113.63636363636364
EJG Morgan,Subrata Roy Sahara Stadium,15,15,100.0
EJG Morgan,Wankhede Stadium,12,17,70.58823529411765
EJG Morgan,Zayed Cricket Stadium,15,22,68.18181818181817
ER Dwivedi,Feroz Shah Kotla,5,5,100.0
ER Dwivedi,M Chinnaswamy Stadium,19,9,211.11111111111111
F Behardien,Dr. Y.S. Rajasekhara Reddy ACA-VDCA Cricket Stadium,5,5,100.0
F Behardien,M Chinnaswamy Stadium,0,1,0.0
F Behardien,Punjab Cricket Association IS Bindra Stadium,9,7,128.57142857142858
F du Plessis,Arun Jaitley Stadium,151,98,154.08163265306123
F du Plessis,Barabati Stadium,52,25,208.0
F du Plessis,Bharat Ratna Shri Atal Bihari Vajpayee Ekana Cricket Stadium,44,40,110.00000000000001
F du Plessis,Brabourne Stadium,50,39,128.2051282051282
F du Plessis,Dr DY Patil Sports Academy,197,134,147.01492537313433
F du Plessis,Dr. Y.S. Rajasekhara Reddy ACA-VDCA Cricket Stadium,89,64,139.0625
F du Plessis,Dubai International Cricket Stadium,385,291,132.3024054982818
F du Plessis,Eden Gardens,131,94,139.36170212765958
F du Plessis,Feroz Shah Kotla,15,12,125.0
F du Plessis,JSCA International Stadium Complex,78,72,108.33333333333333
F du Plessis,M Chinnaswamy Stadium,430,264,162.87878787878788
F du Plessis,M.Chinnaswamy Stadium,5,15,33.33333333333333
F du Plessis,MA Chidambaram Stadium,553,462,119.6969696969697
F du Plessis,Maharashtra Cricket Association Stadium,138,133,103.7593984962406
F du Plessis,Narendra Modi Stadium,25,27,92.5925925925926
F du Plessis,Punjab Cricket Association IS Bindra Stadium,247,163,151.53374233128832
F du Plessis,Punjab Cricket Association Stadium,55,41,134.14634146341464
F du Plessis,Rajiv Gandhi International Stadium,216,146,147.94520547945206
F du Plessis,Sardar Patel Stadium,1,3,33.33333333333333
F du Plessis,Saurashtra Cricket Association Stadium,69,43,160.46511627906978
F du Plessis,Sawai Mansingh Stadium,62,54,114.81481481481481
F du Plessis,Shaheed Veer Narayan Singh International Stadium,29,23,126.08695652173914
F du Plessis,Sharjah Cricket Stadium,203,154,131.8181818181818
F du Plessis,Sheikh Zayed Stadium,157,114,137.71929824561403
F du Plessis,Subrata Roy Sahara Stadium,43,33,130.3030303030303
F du Plessis,Wankhede Stadium,640,481,133.05613305613306
F du Plessis,Zayed Cricket Stadium,68,49,138.77551020408163
FA Allen,Brabourne Stadium,8,7,114.28571428571428
FA Allen,Dubai International Cricket Stadium,0,1,0.0
FA Allen,MA Chidambaram Stadium,6,10,60.0
FH Edwards,Kingsmead,1,3,33.33333333333333
FH Edwards,Newlands,3,2,150.0
FY Fazal,Eden Gardens,16,17,94.11764705882352
FY Fazal,Feroz Shah Kotla,0,2,0.0
FY Fazal,Holkar Cricket Stadium,16,15,106.66666666666667
FY Fazal,MA Chidambaram Stadium,4,5,80.0
FY Fazal,Punjab Cricket Association Stadium,45,37,121.62162162162163
FY Fazal,Sardar Patel Stadium,56,52,107.6923076923077
FY Fazal,Sawai Mansingh Stadium,10,15,66.66666666666666
FY Fazal,Vidarbha Cricket Association Stadium,36,29,124.13793103448276
Fazalhaq Farooqi,Narendra Modi Stadium,1,5,20.0
Fazalhaq Farooqi,Wankhede Stadium,2,8,25.0
G Gambhir,Arun Jaitley Stadium,4,13,30.76923076923077
G Gambhir,Barabati Stadium,107,91,117.58241758241759
G Gambhir,Brabourne Stadium,18,12,150.0
G Gambhir,Buffalo Park,19,23,82.6086956521739
G Gambhir,Dr DY Patil Sports Academy,55,55,100.0
G Gambhir,Dr. Y.S. Rajasekhara Reddy ACA-VDCA Cricket Stadium,4,8,50.0
G Gambhir,Dubai International Cricket Stadium,0,4,0.0
G Gambhir,Eden Gardens,1407,1100,127.9090909090909
G Gambhir,Feroz Shah Kotla,668,487,137.16632443531827
G Gambhir,Green Park,8,8,100.0
G Gambhir,JSCA International Stadium Complex,32,37,86.48648648648648
G Gambhir,Kingsmead,90,82,109.75609756097562
G Gambhir,M Chinnaswamy Stadium,299,228,131.140350877193
G Gambhir,M.Chinnaswamy Stadium,3,10,30.0
G Gambhir,MA Chidambaram Stadium,187,160,116.875
G Gambhir,Maharashtra Cricket Association Stadium,84,70,120.0
G Gambhir,Nehru Stadium,0,1,0.0
G Gambhir,New Wanderers Stadium,58,56,103.57142857142858
G Gambhir,Newlands,15,13,115.38461538461537
G Gambhir,OUTsurance Oval,16,19,84.21052631578947
G Gambhir,Punjab Cricket Association IS Bindra Stadium,97,94,103.19148936170212
G Gambhir,Punjab Cricket Association Stadium,216,151,143.04635761589404
G Gambhir,Rajiv Gandhi International Stadium,164,129,127.13178294573643
G Gambhir,Sardar Patel Stadium,63,42,150.0
G Gambhir,Saurashtra Cricket Association Stadium,76,48,158.33333333333331
G Gambhir,Sawai Mansingh Stadium,128,89,143.82022471910113
G Gambhir,Sharjah Cricket Stadium,0,1,0.0
G Gambhir,Sheikh Zayed Stadium,1,13,7.6923076923076925
G Gambhir,St George's Park,16,19,84.21052631578947
G Gambhir,Subrata Roy Sahara Stadium,92,72,127.77777777777777
G Gambhir,SuperSport Park,72,64,112.5
G Gambhir,Wankhede Stadium,173,151,114.56953642384107
GB Hogg,Eden Gardens,5,5,100.0
GB Hogg,MA Chidambaram Stadium,2,1,200.0
GB Hogg,Sawai Mansingh Stadium,13,11,118.18181818181819
GB Hogg,Wankhede Stadium,2,5,40.0
GC Smith,Brabourne Stadium,26,22,118.18181818181819
GC Smith,De Beers Diamond Oval,31,36,86.11111111111111
GC Smith,Dr DY Patil Sports Academy,47,60,78.33333333333333
GC Smith,Eden Gardens,24,24,100.0
GC Smith,Kingsmead,96,61,157.37704918032787
GC Smith,M Chinnaswamy Stadium,49,42,116.66666666666667
GC Smith,MA Chidambaram Stadium,91,51,178.4313725490196
GC Smith,Newlands,4,17,23.52941176470588
GC Smith,OUTsurance Oval,0,4,0.0
GC Smith,Rajiv Gandhi International Stadium,71,45,157.77777777777777
GC Smith,Sardar Patel Stadium,18,17,105.88235294117648
GC Smith,Sawai Mansingh Stadium,176,169,104.14201183431953
GC Smith,St George's Park,0,2,0.0
GC Smith,SuperSport Park,66,72,91.66666666666666
GC Smith,Wankhede Stadium,25,21,119.04761904761905
GC Viljoen,Arun Jaitley Stadium,2,3,66.66666666666666
GC Viljoen,M.Chinnaswamy Stadium,0,1,0.0
GC Viljoen,Punjab Cricket Association IS Bindra Stadium,1,3,33.33333333333333
GD McGrath,Dr DY Patil Sports Academy,0,2,0.0
GD McGrath,Wankhede Stadium,4,3,133.33333333333331
GD Phillips,Rajiv Gandhi International Stadium,13,11,118.18181818181819
GD Phillips,Sawai Mansingh Stadium,25,7,357.14285714285717
GD Phillips,Sharjah Cricket Stadium,12,25,48.0
GD Phillips,Wankhede Stadium,1,4,25.0
GD Phillips,Zayed Cricket Stadium,14,7,200.0
GH Vihari,Eden Gardens,7,14,50.0
GH Vihari,Feroz Shah Kotla,18,31,58.06451612903226
GH Vihari,M Chinnaswamy Stadium,4,3,133.33333333333331
GH Vihari,MA Chidambaram Stadium,2,3,66.66666666666666
GH Vihari,Maharashtra Cricket Association Stadium,1,8,12.5
GH Vihari,Punjab Cricket Association IS Bindra Stadium,2,5,40.0
GH Vihari,Punjab Cricket Association Stadium,14,15,93.33333333333333
GH Vihari,Rajiv Gandhi International Stadium,129,136,94.85294117647058
GH Vihari,Sawai Mansingh Stadium,4,9,44.44444444444444
GH Vihari,Wankhede Stadium,57,46,123.91304347826086
GHS Garton,Sharjah Cricket Stadium,0,1,0.0
GHS Garton,Zayed Cricket Stadium,2,3,66.66666666666666
GJ Bailey,Barabati Stadium,52,24,216.66666666666666
GJ Bailey,Dr. Y.S. Rajasekhara Reddy ACA-VDCA Cricket Stadium,51,68,75.0
GJ Bailey,Dubai International Cricket Stadium,16,15,106.66666666666667
GJ Bailey,Eden Gardens,59,44,134.0909090909091
GJ Bailey,Feroz Shah Kotla,24,23,104.34782608695652
GJ Bailey,Kingsmead,15,12,125.0
GJ Bailey,M Chinnaswamy Stadium,22,42,52.38095238095239
GJ Bailey,MA Chidambaram Stadium,1,3,33.33333333333333
GJ Bailey,Maharashtra Cricket Association Stadium,103,74,139.1891891891892
GJ Bailey,Punjab Cricket Association Stadium,134,98,136.73469387755102
GJ Bailey,Rajiv Gandhi International Stadium,41,30,136.66666666666666
GJ Bailey,Sharjah Cricket Stadium,10,8,125.0
GJ Bailey,Sheikh Zayed Stadium,28,25,112.00000000000001
GJ Bailey,SuperSport Park,30,27,111.11111111111111
GJ Bailey,Wankhede Stadium,77,48,160.41666666666669
GJ Maxwell,Arun Jaitley Stadium,80,67,119.40298507462686
GJ Maxwell,Barabati Stadium,104,52,200.0
GJ Maxwell,Bharat Ratna Shri Atal Bihari Vajpayee Ekana Cricket Stadium,4,5,80.0
GJ Maxwell,Brabourne Stadium,80,51,156.86274509803923
GJ Maxwell,Dr DY Patil Sports Academy,49,22,222.72727272727272
GJ Maxwell,Dr. Y.S. Rajasekhara Reddy ACA-VDCA Cricket Stadium,0,1,0.0
GJ Maxwell,Dubai International Cricket Stadium,230,167,137.7245508982036
GJ Maxwell,Eden Gardens,206,133,154.88721804511277
GJ Maxwell,Feroz Shah Kotla,14,16,87.5
GJ Maxwell,Himachal Pradesh Cricket Association Stadium,0,3,0.0
GJ Maxwell,Holkar Cricket Stadium,127,59,215.25423728813558
GJ Maxwell,M Chinnaswamy Stadium,299,167,179.04191616766468
GJ Maxwell,M.Chinnaswamy Stadium,4,6,66.66666666666666
GJ Maxwell,MA Chidambaram Stadium,176,117,150.42735042735043
GJ Maxwell,Maharashtra Cricket Association Stadium,72,50,144.0
GJ Maxwell,Narendra Modi Stadium,49,34,144.11764705882354
GJ Maxwell,Punjab Cricket Association IS Bindra Stadium,174,114,152.63157894736844
GJ Maxwell,Punjab Cricket Association Stadium,30,39,76.92307692307693
GJ Maxwell,Rajiv Gandhi International Stadium,72,47,153.19148936170214
GJ Maxwell,Saurashtra Cricket Association Stadium,31,19,163.1578947368421
GJ Maxwell,Sawai Mansingh Stadium,71,45,157.77777777777777
GJ Maxwell,Sharjah Cricket Stadium,280,156,179.4871794871795
GJ Maxwell,Sheikh Zayed Stadium,137,83,165.06024096385542
GJ Maxwell,Subrata Roy Sahara Stadium,13,7,185.71428571428572
GJ Maxwell,Wankhede Stadium,365,203,179.80295566502463
GJ Maxwell,Zayed Cricket Stadium,50,42,119.04761904761905
GR Napier,Buffalo Park,15,16,93.75
Gurkeerat Singh,Arun Jaitley Stadium,27,19,142.10526315789474
Gurkeerat Singh,Dr. Y.S. Rajasekhara Reddy ACA-VDCA Cricket Stadium,57,34,167.64705882352942
Gurkeerat Singh,Dubai International Cricket Stadium,21,19,110.5263157894737
Gurkeerat Singh,Eden Gardens,43,33,130.3030303030303
Gurkeerat Singh,Feroz Shah Kotla,8,5,160.0
Gurkeerat Singh,Himachal Pradesh Cricket Association Stadium,26,12,216.66666666666666
Gurkeerat Singh,M Chinnaswamy Stadium,18,18,100.0
Gurkeerat Singh,M.Chinnaswamy Stadium,65,48,135.41666666666669
Gurkeerat Singh,MA Chidambaram Stadium,0,1,0.0
Gurkeerat Singh,Maharashtra Cricket Association Stadium,11,10,110.00000000000001
Gurkeerat Singh,Punjab Cricket Association IS Bindra Stadium,27,20,135.0
Gurkeerat Singh,Punjab Cricket Association Stadium,120,100,120.0
Gurkeerat Singh,Rajiv Gandhi International Stadium,20,17,117.64705882352942
Gurkeerat Singh,Saurashtra Cricket Association Stadium,0,3,0.0
Gurkeerat Singh,Sawai Mansingh Stadium,10,15,66.66666666666666
Gurkeerat Singh,Sharjah Cricket Stadium,15,24,62.5
Gurkeerat Singh,Sheikh Zayed Stadium,35,37,94.5945945945946
Gurkeerat Singh,Wankhede Stadium,2,4,50.0
H Das,Rajiv Gandhi International Stadium,2,5,40.0
H Klaasen,Arun Jaitley Stadium,56,29,193.10344827586206
H Klaasen,Eden Gardens,34,24,141.66666666666669
H Klaasen,MA Chidambaram Stadium,17,16,106.25
H Klaasen,Maharashtra Cricket Association Stadium,7,7,100.0
H Klaasen,Narendra Modi Stadium,64,44,145.45454545454547
H Klaasen,Rajiv Gandhi International Stadium,254,135,188.14814814814815
H Klaasen,Sawai Mansingh Stadium,58,34,170.58823529411765
H Klaasen,Wankhede Stadium,18,12,150.0
HC Brook,Arun Jaitley Stadium,0,2,0.0
HC Brook,Bharat Ratna Shri Atal Bihari Vajpayee Ekana Cricket Stadium,3,4,75.0
HC Brook,Eden Gardens,100,54,185.1851851851852
HC Brook,MA Chidambaram Stadium,18,13,138.46153846153845
HC Brook,Rajiv Gandhi International Stadium,69,79,87.34177215189874
HC Brook,Wankhede Stadium,0,1,0.0
HE van der Dussen,Dr DY Patil Sports Academy,18,20,90.0
HE van der Dussen,Wankhede Stadium,4,4,100.0
HF Gurney,MA Chidambaram Stadium,1,5,20.0
HH Gibbs,Barabati Stadium,54,49,110.20408163265304
HH Gibbs,Brabourne Stadium,17,15,113.33333333333333
HH Gibbs,Buffalo Park,0,2,0.0
HH Gibbs,De Beers Diamond Oval,13,13,100.0
HH Gibbs,Dr DY Patil Sports Academy,64,65,98.46153846153847
HH Gibbs,Eden Gardens,116,103,112.62135922330097
HH Gibbs,Feroz Shah Kotla,22,22,100.0
HH Gibbs,Kingsmead,127,99,128.2828282828283
HH Gibbs,M Chinnaswamy Stadium,7,13,53.84615384615385
HH Gibbs,MA Chidambaram Stadium,55,46,119.56521739130434
HH Gibbs,New Wanderers Stadium,107,119,89.91596638655463
HH Gibbs,Newlands,56,33,169.6969696969697
HH Gibbs,Punjab Cricket Association Stadium,44,34,129.41176470588235
HH Gibbs,Rajiv Gandhi International Stadium,67,60,111.66666666666667
HH Gibbs,Sardar Patel Stadium,25,14,178.57142857142858
HH Gibbs,Sawai Mansingh Stadium,19,20,95.0
HH Gibbs,St George's Park,8,10,80.0
HH Gibbs,SuperSport Park,60,54,111.11111111111111
HH Gibbs,Vidarbha Cricket Association Stadium,12,10,120.0
HH Gibbs,Wankhede Stadium,13,24,54.166666666666664
HH Pandya,Arun Jaitley Stadium,80,42,190.47619047619045
HH Pandya,Bharat Ratna Shri Atal Bihari Vajpayee Ekana Cricket Stadium,66,50,132.0
HH Pandya,Brabourne Stadium,54,36,150.0
HH Pandya,Dr DY Patil Sports Academy,205,150,136.66666666666666
HH Pandya,Dr. Y.S. Rajasekhara Reddy ACA-VDCA Cricket Stadium,7,16,43.75
HH Pandya,Dubai International Cricket Stadium,43,25,172.0
HH Pandya,Eden Gardens,186,108,172.22222222222223
HH Pandya,Feroz Shah Kotla,31,17,182.35294117647058
HH Pandya,Green Park,7,8,87.5
HH Pandya,Holkar Cricket Stadium,38,17,223.52941176470588
HH Pandya,M Chinnaswamy Stadium,25,10,250.0
HH Pandya,M.Chinnaswamy Stadium,82,55,149.0909090909091
HH Pandya,MA Chidambaram Stadium,101,81,124.69135802469135
HH Pandya,Maharashtra Cricket Association Stadium,90,63,142.85714285714286
HH Pandya,Narendra Modi Stadium,224,172,130.2325581395349
HH Pandya,Punjab Cricket Association IS Bindra Stadium,43,32,134.375
HH Pandya,Rajiv Gandhi International Stadium,57,62,91.93548387096774
HH Pandya,Sawai Mansingh Stadium,66,32,206.25
HH Pandya,Sharjah Cricket Stadium,50,42,119.04761904761905
HH Pandya,Sheikh Zayed Stadium,190,100,190.0
HH Pandya,Wankhede Stadium,569,385,147.7922077922078
HH Pandya,Zayed Cricket Stadium,50,38,131.57894736842107
HM Amla,Dr. Y.S. Rajasekhara Reddy ACA-VDCA Cricket Stadium,30,32,93.75
HM Amla,Eden Gardens,25,27,92.5925925925926
HM Amla,Feroz Shah Kotla,19,12,158.33333333333331
HM Amla,Holkar Cricket Stadium,190,124,153.2258064516129
HM Amla,M Chinnaswamy Stadium,10,9,111.11111111111111
HM Amla,Punjab Cricket Association IS Bindra Stadium,238,161,147.82608695652172
HM Amla,Rajiv Gandhi International Stadium,0,1,0.0
HM Amla,Saurashtra Cricket Association Stadium,65,40,162.5
HR Shokeen,Dr DY Patil Sports Academy,25,25,100.0
HR Shokeen,M Chinnaswamy Stadium,5,3,166.66666666666669
HR Shokeen,MA Chidambaram Stadium,0,1,0.0
HR Shokeen,Wankhede Stadium,36,36,100.0
HV Patel,Arun Jaitley Stadium,60,33,181.8181818181818
HV Patel,Brabourne Stadium,15,15,100.0
HV Patel,Dr DY Patil Sports Academy,10,7,142.85714285714286
HV Patel,Dubai International Cricket Stadium,5,9,55.55555555555556
HV Patel,Eden Gardens,9,6,150.0
HV Patel,JSCA International Stadium Complex,2,2,100.0
HV Patel,M Chinnaswamy Stadium,25,22,113.63636363636364
HV Patel,MA Chidambaram Stadium,4,4,100.0
HV Patel,Maharashtra Cricket Association Stadium,8,11,72.72727272727273
HV Patel,Narendra Modi Stadium,32,15,213.33333333333334
HV Patel,Punjab Cricket Association IS Bindra Stadium,0,2,0.0
HV Patel,Rajiv Gandhi International Stadium,5,5,100.0
HV Patel,Sharjah Cricket Stadium,28,27,103.7037037037037
HV Patel,Wankhede Stadium,15,14,107.14285714285714
HV Patel,Zayed Cricket Stadium,12,10,120.0
Harbhajan Singh,Brabourne Stadium,20,15,133.33333333333331
Harbhajan Singh,Buffalo Park,16,13,123.07692307692308
Harbhajan Singh,Dr DY Patil Sports Academy,59,21,280.9523809523809
Harbhajan Singh,Dr. Y.S. Rajasekhara Reddy ACA-VDCA Cricket Stadium,35,32,109.375
Harbhajan Singh,Dubai International Cricket Stadium,9,13,69.23076923076923
Harbhajan Singh,Eden Gardens,63,46,136.95652173913044
Harbhajan Singh,Feroz Shah Kotla,24,27,88.88888888888889
Harbhajan Singh,Green Park,3,5,60.0
Harbhajan Singh,Himachal Pradesh Cricket Association Stadium,5,8,62.5
Harbhajan Singh,Kingsmead,33,21,157.14285714285714
Harbhajan Singh,M Chinnaswamy Stadium,2,6,33.33333333333333
Harbhajan Singh,MA Chidambaram Stadium,100,71,140.8450704225352
Harbhajan Singh,Maharashtra Cricket Association Stadium,19,21,90.47619047619048
Harbhajan Singh,Newlands,4,2,200.0
Harbhajan Singh,Punjab Cricket Association Stadium,21,17,123.52941176470588
Harbhajan Singh,Rajiv Gandhi International Stadium,2,6,33.33333333333333
Harbhajan Singh,Sawai Mansingh Stadium,11,8,137.5
Harbhajan Singh,Sharjah Cricket Stadium,10,5,200.0
Harbhajan Singh,Sheikh Zayed Stadium,0,2,0.0
Harbhajan Singh,St George's Park,19,9,211.11111111111111
Harbhajan Singh,Subrata Roy Sahara Stadium,4,4,100.0
Harbhajan Singh,SuperSport Park,12,8,150.0
Harbhajan Singh,Wankhede Stadium,362,238,152.10084033613444
Harmeet Singh,Dr DY Patil Sports Academy,0,1,0.0
Harmeet Singh,Eden Gardens,14,6,233.33333333333334
Harmeet Singh,Punjab Cricket Association Stadium,3,4,75.0
Harmeet Singh,Sawai Mansingh Stadium,1,1,100.0
Harpreet Brar,Arun Jaitley Stadium,22,17,129.41176470588235
Harpreet Brar,Bharat Ratna Shri Atal Bihari Vajpayee Ekana Cricket Stadium,6,4,150.0
Harpreet Brar,Brabourne Stadium,7,5,140.0
Harpreet Brar,Dr DY Patil Sports Academy,1,2,50.0
Harpreet Brar,Eden Gardens,17,9,188.88888888888889
Harpreet Brar,Himachal Pradesh Cricket Association Stadium,0,1,0.0
Harpreet Brar,Narendra Modi Stadium,29,19,152.63157894736844
Harpreet Brar,Punjab Cricket Association IS Bindra Stadium,21,18,116.66666666666667
Harpreet Brar,Rajiv Gandhi International Stadium,1,2,50.0
Harpreet Brar,Sharjah Cricket Stadium,21,20,105.0
Harpreet Brar,Wankhede Stadium,19,20,95.0
Harpreet Brar,Zayed Cricket Stadium,14,19,73.68421052631578
Harpreet Singh,Bharat Ratna Shri Atal Bihari Vajpayee Ekana Cricket Stadium,22,22,100.0
Harpreet Singh,M Chinnaswamy Stadium,1,1,100.0
Harpreet Singh,Punjab Cricket Association IS Bindra Stadium,13,9,144.44444444444443
Harpreet Singh,Sawai Mansingh Stadium,13,19,68.42105263157895
Harpreet Singh,Subrata Roy Sahara Stadium,6,6,100.0
Harpreet Singh,Wankhede Stadium,41,27,151.85185185185185
Harshit Rana,Maharashtra Cricket Association Stadium,2,1,200.0
Harshit Rana,Rajiv Gandhi International Stadium,0,1,0.0
Harshit Rana,Wankhede Stadium,0,1,0.0
I Malhotra,Rajiv Gandhi International Stadium,7,4,175.0
I Sharma,Dr. Y.S. Rajasekhara Reddy ACA-VDCA Cricket Stadium,10,3,333.33333333333337
I Sharma,Eden Gardens,9,18,50.0
I Sharma,M Chinnaswamy Stadium,0,2,0.0
I Sharma,MA Chidambaram Stadium,5,4,125.0
I Sharma,Maharashtra Cricket Association Stadium,1,5,20.0
I Sharma,Newlands,9,9,100.0
I Sharma,Punjab Cricket Association IS Bindra Stadium,5,2,250.0
I Sharma,Rajiv Gandhi International Stadium,5,9,55.55555555555556
I Sharma,Sawai Mansingh Stadium,1,1,100.0
I Sharma,St George's Park,6,3,200.0
I Sharma,Wankhede Stadium,4,5,80.0
I Udana,Dubai International Cricket Stadium,1,3,33.33333333333333
I Udana,Sharjah Cricket Stadium,10,6,166.66666666666669
I Udana,Sheikh Zayed Stadium,4,2,200.0
IC Pandey,M Chinnaswamy Stadium,0,2,0.0
IK Pathan,Barabati Stadium,60,29,206.89655172413794
IK Pathan,Brabourne Stadium,18,14,128.57142857142858
IK Pathan,De Beers Diamond Oval,10,12,83.33333333333334
IK Pathan,Dr DY Patil Sports Academy,14,16,87.5
IK Pathan,Dr. Y.S. Rajasekhara Reddy ACA-VDCA Cricket Stadium,2,3,66.66666666666666
IK Pathan,Dubai International Cricket Stadium,1,1,100.0
IK Pathan,Eden Gardens,60,39,153.84615384615387
IK Pathan,Feroz Shah Kotla,193,180,107.22222222222221
IK Pathan,Himachal Pradesh Cricket Association Stadium,54,49,110.20408163265304
IK Pathan,Kingsmead,84,65,129.23076923076923
IK Pathan,M Chinnaswamy Stadium,48,35,137.14285714285714
IK Pathan,MA Chidambaram Stadium,101,74,136.48648648648648
IK Pathan,Nehru Stadium,13,7,185.71428571428572
IK Pathan,New Wanderers Stadium,17,11,154.54545454545453
IK Pathan,Newlands,45,40,112.5
IK Pathan,OUTsurance Oval,21,11,190.9090909090909
IK Pathan,Punjab Cricket Association IS Bindra Stadium,2,2,100.0
IK Pathan,Punjab Cricket Association Stadium,118,82,143.90243902439025
IK Pathan,Rajiv Gandhi International Stadium,49,55,89.0909090909091
IK Pathan,Sardar Patel Stadium,21,21,100.0
IK Pathan,Sawai Mansingh Stadium,45,47,95.74468085106383
IK Pathan,Shaheed Veer Narayan Singh International Stadium,4,1,400.0
IK Pathan,Sharjah Cricket Stadium,5,9,55.55555555555556
IK Pathan,St George's Park,19,16,118.75
IK Pathan,Subrata Roy Sahara Stadium,30,31,96.7741935483871
IK Pathan,SuperSport Park,0,3,0.0
IK Pathan,Wankhede Stadium,45,47,95.74468085106383
IR Jaggi,Barabati Stadium,3,7,42.857142857142854
IR Jaggi,Eden Gardens,3,9,33.33333333333333
IR Jaggi,M Chinnaswamy Stadium,33,39,84.61538461538461
IR Jaggi,Rajiv Gandhi International Stadium,25,28,89.28571428571429
IR Jaggi,Subrata Roy Sahara Stadium,10,7,142.85714285714286
IR Jaggi,Wankhede Stadium,2,7,28.57142857142857
IS Sodhi,Arun Jaitley Stadium,6,11,54.54545454545454
IS Sodhi,Eden Gardens,1,6,16.666666666666664
Imran Tahir,Dr. Y.S. Rajasekhara Reddy ACA-VDCA Cricket Stadium,5,7,71.42857142857143
Imran Tahir,Feroz Shah Kotla,3,4,75.0
Imran Tahir,MA Chidambaram Stadium,2,2,100.0
Imran Tahir,Maharashtra Cricket Association Stadium,0,2,0.0
Imran Tahir,Punjab Cricket Association Stadium,4,4,100.0
Imran Tahir,Sardar Patel Stadium,4,6,66.66666666666666
Imran Tahir,Sharjah Cricket Stadium,13,10,130.0
Imran Tahir,Wankhede Stadium,2,2,100.0
Iqbal Abdulla,Eden Gardens,14,12,116.66666666666667
Iqbal Abdulla,M Chinnaswamy Stadium,57,40,142.5
Iqbal Abdulla,M.Chinnaswamy Stadium,5,7,71.42857142857143
Iqbal Abdulla,MA Chidambaram Stadium,3,7,42.857142857142854
Iqbal Abdulla,Rajiv Gandhi International Stadium,2,3,66.66666666666666
Iqbal Abdulla,Sawai Mansingh Stadium,1,2,50.0
Iqbal Abdulla,Wankhede Stadium,6,11,54.54545454545454
Ishan Kishan,Arun Jaitley Stadium,36,39,92.3076923076923
Ishan Kishan,Bharat Ratna Shri Atal Bihari Vajpayee Ekana Cricket Stadium,59,39,151.28205128205127
Ishan Kishan,Brabourne Stadium,139,94,147.87234042553192
Ishan Kishan,Dr DY Patil Sports Academy,131,104,125.96153846153845
Ishan Kishan,Dubai International Cricket Stadium,180,118,152.54237288135593
Ishan Kishan,Eden Gardens,66,32,206.25
Ishan Kishan,Feroz Shah Kotla,6,12,50.0
Ishan Kishan,Green Park,95,65,146.15384615384613
Ishan Kishan,Holkar Cricket Stadium,25,19,131.57894736842107
Ishan Kishan,M Chinnaswamy Stadium,26,24,108.33333333333333
Ishan Kishan,M.Chinnaswamy Stadium,0,1,0.0
Ishan Kishan,MA Chidambaram Stadium,123,140,87.85714285714286
Ishan Kishan,Maharashtra Cricket Association Stadium,74,80,92.5
Ishan Kishan,Narendra Modi Stadium,13,21,61.904761904761905
Ishan Kishan,Punjab Cricket Association IS Bindra Stadium,115,72,159.72222222222223
Ishan Kishan,Rajiv Gandhi International Stadium,87,87,100.0
Ishan Kishan,Saurashtra Cricket Association Stadium,68,42,161.9047619047619
Ishan Kishan,Sawai Mansingh Stadium,58,42,138.0952380952381
Ishan Kishan,Sharjah Cricket Stadium,182,112,162.5
Ishan Kishan,Sheikh Zayed Stadium,118,103,114.5631067961165
Ishan Kishan,Wankhede Stadium,471,334,141.01796407185628
Ishan Kishan,Zayed Cricket Stadium,98,44,222.72727272727272
J Arunkumar,Eden Gardens,22,17,129.41176470588235
J Arunkumar,Punjab Cricket Association Stadium,1,3,33.33333333333333
J Arunkumar,Sawai Mansingh Stadium,0,3,0.0
J Botha,Eden Gardens,44,28,157.14285714285714
J Botha,Feroz Shah Kotla,12,19,63.1578947368421
J Botha,Kingsmead,10,9,111.11111111111111
J Botha,MA Chidambaram Stadium,31,26,119.23076923076923
J Botha,OUTsurance Oval,37,30,123.33333333333334
J Botha,Punjab Cricket Association Stadium,14,8,175.0
J Botha,Rajiv Gandhi International Stadium,71,58,122.41379310344827
J Botha,Sawai Mansingh Stadium,188,177,106.21468926553672
J Botha,Wankhede Stadium,2,3,66.66666666666666
J Suchith,MA Chidambaram Stadium,6,15,40.0
J Suchith,Sardar Patel Stadium,0,1,0.0
J Suchith,Wankhede Stadium,50,39,128.2051282051282
J Syed Mohammad,Feroz Shah Kotla,13,10,130.0
J Syed Mohammad,M Chinnaswamy Stadium,4,1,400.0
J Syed Mohammad,MA Chidambaram Stadium,2,2,100.0
J Syed Mohammad,Wankhede Stadium,9,11,81.81818181818183
J Theron,Punjab Cricket Association Stadium,2,4,50.0
J Theron,Rajiv Gandhi International Stadium,7,6,116.66666666666667
J Theron,Wankhede Stadium,1,1,100.0
J Yadav,Feroz Shah Kotla,1,3,33.33333333333333
J Yadav,MA Chidambaram Stadium,23,22,104.54545454545455
J Yadav,Shaheed Veer Narayan Singh International Stadium,5,7,71.42857142857143
J Yadav,Sharjah Cricket Stadium,11,4,275.0
JA Morkel,Buffalo Park,4,5,80.0
JA Morkel,Dr DY Patil Sports Academy,35,23,152.17391304347828
JA Morkel,Dr. Y.S. Rajasekhara Reddy ACA-VDCA Cricket Stadium,2,3,66.66666666666666
JA Morkel,Dubai International Cricket Stadium,15,14,107.14285714285714
JA Morkel,Eden Gardens,45,42,107.14285714285714
JA Morkel,Feroz Shah Kotla,32,21,152.38095238095238
JA Morkel,Himachal Pradesh Cricket Association Stadium,28,15,186.66666666666666
JA Morkel,Kingsmead,35,28,125.0
JA Morkel,M Chinnaswamy Stadium,41,37,110.8108108108108
JA Morkel,MA Chidambaram Stadium,474,316,150.0
JA Morkel,Maharashtra Cricket Association Stadium,16,9,177.77777777777777
JA Morkel,Nehru Stadium,9,4,225.0
JA Morkel,New Wanderers Stadium,26,21,123.80952380952381
JA Morkel,Rajiv Gandhi International Stadium,12,12,100.0
JA Morkel,Sardar Patel Stadium,28,12,233.33333333333334
JA Morkel,Sawai Mansingh Stadium,65,43,151.1627906976744
JA Morkel,Shaheed Veer Narayan Singh International Stadium,8,8,100.0
JA Morkel,Sharjah Cricket Stadium,6,5,120.0
JA Morkel,Sheikh Zayed Stadium,7,13,53.84615384615385
JA Morkel,St George's Park,5,3,166.66666666666669
JA Morkel,Subrata Roy Sahara Stadium,3,3,100.0
JA Morkel,SuperSport Park,27,13,207.6923076923077
JA Morkel,Wankhede Stadium,39,20,195.0
JA Richardson,Wankhede Stadium,15,24,62.5
JC Archer,Dubai International Cricket Stadium,31,27,114.81481481481481
JC Archer,Eden Gardens,33,17,194.11764705882354
JC Archer,Holkar Cricket Stadium,0,1,0.0
JC Archer,MA Chidambaram Stadium,27,13,207.6923076923077
JC Archer,Punjab Cricket Association IS Bindra Stadium,1,3,33.33333333333333
JC Archer,Sawai Mansingh Stadium,24,27,88.88888888888889
JC Archer,Sharjah Cricket Stadium,42,12,350.0
JC Archer,Sheikh Zayed Stadium,40,21,190.47619047619045
JC Archer,Wankhede Stadium,1,2,50.0
JC Buttler,Arun Jaitley Stadium,232,121,191.73553719008265
JC Buttler,Barsapara Cricket Stadium,98,62,158.06451612903226
JC Buttler,Brabourne Stadium,107,71,150.70422535211267
JC Buttler,Dr DY Patil Sports Academy,228,155,147.09677419354838
JC Buttler,Dr. Y.S. Rajasekhara Reddy ACA-VDCA Cricket Stadium,29,21,138.0952380952381
JC Buttler,Dubai International Cricket Stadium,127,97,130.9278350515464
JC Buttler,Eden Gardens,169,102,165.68627450980392
JC Buttler,Feroz Shah Kotla,2,6,33.33333333333333
JC Buttler,Green Park,33,31,106.4516129032258
JC Buttler,Himachal Pradesh Cricket Association Stadium,0,4,0.0
JC Buttler,Holkar Cricket Stadium,128,76,168.42105263157893
JC Buttler,M Chinnaswamy Stadium,31,17,182.35294117647058
JC Buttler,M.Chinnaswamy Stadium,23,14,164.28571428571428
JC Buttler,MA Chidambaram Stadium,58,43,134.88372093023256
JC Buttler,Maharashtra Cricket Association Stadium,130,88,147.72727272727272
JC Buttler,Narendra Modi Stadium,145,100,145.0
JC Buttler,Punjab Cricket Association IS Bindra Stadium,47,30,156.66666666666666
JC Buttler,Rajiv Gandhi International Stadium,76,50,152.0
JC Buttler,Sawai Mansingh Stadium,604,430,140.46511627906978
JC Buttler,Sharjah Cricket Stadium,17,15,113.33333333333333
JC Buttler,Sheikh Zayed Stadium,184,115,160.0
JC Buttler,Wankhede Stadium,746,508,146.8503937007874
JD Ryder,Dr DY Patil Sports Academy,146,86,169.7674418604651
JD Ryder,Feroz Shah Kotla,86,57,150.87719298245614
JD Ryder,Kingsmead,34,26,130.76923076923077
JD Ryder,M Chinnaswamy Stadium,85,56,151.78571428571428
JD Ryder,MA Chidambaram Stadium,24,21,114.28571428571428
JD Ryder,Newlands,0,3,0.0
JD Ryder,Punjab Cricket Association Stadium,22,29,75.86206896551724
JD Ryder,Rajiv Gandhi International Stadium,35,20,175.0
JD Ryder,Sawai Mansingh Stadium,19,14,135.71428571428572
JD Ryder,Subrata Roy Sahara Stadium,119,109,109.1743119266055
JD Ryder,SuperSport Park,22,19,115.78947368421053
JD Ryder,Wankhede Stadium,12,15,80.0
JD Unadkat,Brabourne Stadium,14,6,233.33333333333334
JD Unadkat,Dr DY Patil Sports Academy,19,9,211.11111111111111
JD Unadkat,Dubai International Cricket Stadium,9,13,69.23076923076923
JD Unadkat,Eden Gardens,26,19,136.8421052631579
JD Unadkat,Holkar Cricket Stadium,6,7,85.71428571428571
JD Unadkat,JSCA International Stadium Complex,1,1,100.0
JD Unadkat,M Chinnaswamy Stadium,11,12,91.66666666666666
JD Unadkat,Maharashtra Cricket Association Stadium,41,31,132.25806451612902
JD Unadkat,Punjab Cricket Association Stadium,0,1,0.0
JD Unadkat,Rajiv Gandhi International Stadium,1,2,50.0
JD Unadkat,Sawai Mansingh Stadium,1,3,33.33333333333333
JD Unadkat,Sharjah Cricket Stadium,6,5,120.0
JD Unadkat,Sheikh Zayed Stadium,1,5,20.0
JD Unadkat,Wankhede Stadium,36,25,144.0
JDP Oram,De Beers Diamond Oval,1,2,50.0
JDP Oram,Holkar Cricket Stadium,0,3,0.0
JDP Oram,Kingsmead,65,64,101.5625
JDP Oram,MA Chidambaram Stadium,5,2,250.0
JDP Oram,New Wanderers Stadium,12,14,85.71428571428571
JDP Oram,Newlands,8,6,133.33333333333331
JDP Oram,Punjab Cricket Association Stadium,13,10,130.0
JDP Oram,SuperSport Park,2,6,33.33333333333333
JDS Neesham,Arun Jaitley Stadium,0,1,0.0
JDS Neesham,Brabourne Stadium,14,12,116.66666666666667
JDS Neesham,Dr DY Patil Sports Academy,17,15,113.33333333333333
JDS Neesham,Dubai International Cricket Stadium,18,19,94.73684210526315
JDS Neesham,Punjab Cricket Association Stadium,12,20,60.0
JDS Neesham,Sheikh Zayed Stadium,31,25,124.0
JDS Neesham,Zayed Cricket Stadium,0,1,0.0
JE Root,Sawai Mansingh Stadium,10,15,66.66666666666666
JE Taylor,Dr DY Patil Sports Academy,1,2,50.0
JE Taylor,MA Chidambaram Stadium,2,1,200.0
JEC Franklin,Dr. Y.S. Rajasekhara Reddy ACA-VDCA Cricket Stadium,7,4,175.0
JEC Franklin,Eden Gardens,45,23,195.65217391304347
JEC Franklin,M Chinnaswamy Stadium,13,13,100.0
JEC Franklin,MA Chidambaram Stadium,41,47,87.2340425531915
JEC Franklin,Punjab Cricket Association Stadium,22,22,100.0
JEC Franklin,Subrata Roy Sahara Stadium,25,22,113.63636363636364
JEC Franklin,Wankhede Stadium,174,169,102.9585798816568
JH Kallis,Barabati Stadium,23,24,95.83333333333334
JH Kallis,Brabourne Stadium,66,55,120.0
JH Kallis,Dr DY Patil Sports Academy,30,41,73.17073170731707
JH Kallis,Dubai International Cricket Stadium,0,1,0.0
JH Kallis,Eden Gardens,577,513,112.4756335282651
JH Kallis,Feroz Shah Kotla,159,129,123.25581395348837
JH Kallis,JSCA International Stadium Complex,46,58,79.3103448275862
JH Kallis,Kingsmead,112,94,119.14893617021276
JH Kallis,M Chinnaswamy Stadium,388,314,123.56687898089172
JH Kallis,MA Chidambaram Stadium,225,195,115.38461538461537
JH Kallis,Nehru Stadium,45,41,109.75609756097562
JH Kallis,New Wanderers Stadium,151,139,108.63309352517985
JH Kallis,Newlands,15,14,107.14285714285714
JH Kallis,Punjab Cricket Association Stadium,40,39,102.56410256410255
JH Kallis,Rajiv Gandhi International Stadium,85,85,100.0
JH Kallis,Sawai Mansingh Stadium,105,106,99.05660377358491
JH Kallis,Shaheed Veer Narayan Singh International Stadium,12,15,80.0
JH Kallis,Sharjah Cricket Stadium,43,42,102.38095238095238
JH Kallis,Sheikh Zayed Stadium,81,57,142.10526315789474
JH Kallis,St George's Park,36,30,120.0
JH Kallis,Subrata Roy Sahara Stadium,45,56,80.35714285714286
JH Kallis,SuperSport Park,47,54,87.03703703703704
JH Kallis,Vidarbha Cricket Association Stadium,27,37,72.97297297297297
JH Kallis,Wankhede Stadium,56,58,96.55172413793103
JJ Bumrah,Arun Jaitley Stadium,0,1,0.0
JJ Bumrah,Dr DY Patil Sports Academy,0,1,0.0
JJ Bumrah,Dr. Y.S. Rajasekhara Reddy ACA-VDCA Cricket Stadium,8,11,72.72727272727273
JJ Bumrah,Dubai International Cricket Stadium,7,9,77.77777777777779
JJ Bumrah,M.Chinnaswamy Stadium,0,1,0.0
JJ Bumrah,MA Chidambaram Stadium,4,6,66.66666666666666
JJ Bumrah,Maharashtra Cricket Association Stadium,0,1,0.0
JJ Bumrah,Rajiv Gandhi International Stadium,4,4,100.0
JJ Bumrah,Sharjah Cricket Stadium,1,1,100.0
JJ Bumrah,Sheikh Zayed Stadium,5,3,166.66666666666669
JJ Bumrah,Wankhede Stadium,22,24,91.66666666666666
JJ Bumrah,Zayed Cricket Stadium,5,2,250.0
JJ Roy,Arun Jaitley Stadium,66,61,108.19672131147541
JJ Roy,Dubai International Cricket Stadium,70,54,129.62962962962962
JJ Roy,Eden Gardens,155,89,174.1573033707865
JJ Roy,M Chinnaswamy Stadium,56,29,193.10344827586206
JJ Roy,M.Chinnaswamy Stadium,5,16,31.25
JJ Roy,MA Chidambaram Stadium,12,15,80.0
JJ Roy,Rajiv Gandhi International Stadium,51,39,130.76923076923077
JJ Roy,Saurashtra Cricket Association Stadium,14,12,116.66666666666667
JJ Roy,Sharjah Cricket Stadium,2,7,28.57142857142857
JJ Roy,Wankhede Stadium,105,60,175.0
JJ Roy,Zayed Cricket Stadium,78,59,132.20338983050848
JJ van der Wath,Himachal Pradesh Cricket Association Stadium,4,5,80.0
JJ van der Wath,MA Chidambaram Stadium,14,10,140.0
JJ van der Wath,Rajiv Gandhi International Stadium,0,1,0.0
JL Denly,Eden Gardens,0,1,0.0
JL Pattinson,Sharjah Cricket Stadium,4,5,80.0
JL Pattinson,Sheikh Zayed Stadium,11,8,137.5
JM Bairstow,Arun Jaitley Stadium,85,54,157.40740740740742
JM Bairstow,Brabourne Stadium,83,44,188.63636363636365
JM Bairstow,Dr DY Patil Sports Academy,41,31,132.25806451612902
JM Bairstow,Dubai International Cricket Stadium,226,171,132.16374269005848
JM Bairstow,Eden Gardens,39,34,114.70588235294117
JM Bairstow,MA Chidambaram Stadium,173,133,130.0751879699248
JM Bairstow,Maharashtra Cricket Association Stadium,44,40,110.00000000000001
JM Bairstow,Punjab Cricket Association IS Bindra Stadium,1,6,16.666666666666664
JM Bairstow,Rajiv Gandhi International Stadium,357,211,169.19431279620852
JM Bairstow,Sharjah Cricket Stadium,25,15,166.66666666666669
JM Bairstow,Sheikh Zayed Stadium,58,58,100.0
JM Bairstow,Wankhede Stadium,85,58,146.55172413793102
JM Kemp,Feroz Shah Kotla,4,8,50.0
JM Kemp,MA Chidambaram Stadium,22,16,137.5
JM Sharma,Arun Jaitley Stadium,5,5,100.0
JM Sharma,Barsapara Cricket Stadium,27,16,168.75
JM Sharma,Bharat Ratna Shri Atal Bihari Vajpayee Ekana Cricket Stadium,2,4,50.0
JM Sharma,Brabourne Stadium,90,56,160.71428571428572
JM Sharma,Dr DY Patil Sports Academy,55,42,130.95238095238096
JM Sharma,Eden Gardens,21,18,116.66666666666667
JM Sharma,Himachal Pradesh Cricket Association Stadium,44,31,141.93548387096774
JM Sharma,MA Chidambaram Stadium,21,10,210.0
JM Sharma,Maharashtra Cricket Association Stadium,32,20,160.0
JM Sharma,Punjab Cricket Association IS Bindra Stadium,160,96,166.66666666666669
JM Sharma,Rajiv Gandhi International Stadium,4,9,44.44444444444444
JM Sharma,Wankhede Stadium,82,32,256.25
JO Holder,Barsapara Cricket Stadium,1,1,100.0
JO Holder,Brabourne Stadium,1,2,50.0
JO Holder,Dr DY Patil Sports Academy,24,12,200.0
JO Holder,Dubai International Cricket Stadium,17,25,68.0
JO Holder,Eden Gardens,19,15,126.66666666666666
JO Holder,Feroz Shah Kotla,6,8,75.0
JO Holder,Green Park,13,8,162.5
JO Holder,MA Chidambaram Stadium,4,5,80.0
JO Holder,Maharashtra Cricket Association Stadium,25,14,178.57142857142858
JO Holder,Sharjah Cricket Stadium,78,44,177.27272727272728
JO Holder,Sheikh Zayed Stadium,35,35,100.0
JO Holder,Wankhede Stadium,19,25,76.0
JO Holder,Zayed Cricket Stadium,17,15,113.33333333333333
JP Behrendorff,Narendra Modi Stadium,6,9,66.66666666666666
JP Duminy,Barabati Stadium,20,18,111.11111111111111
JP Duminy,Brabourne Stadium,77,53,145.2830188679245
JP Duminy,Buffalo Park,52,41,126.82926829268293
JP Duminy,Dr DY Patil Sports Academy,32,37,86.48648648648648
JP Duminy,Dr. Y.S. Rajasekhara Reddy ACA-VDCA Cricket Stadium,77,64,120.3125
JP Duminy,Dubai International Cricket Stadium,72,41,175.609756097561
JP Duminy,Eden Gardens,50,51,98.0392156862745
JP Duminy,Feroz Shah Kotla,403,322,125.15527950310559
JP Duminy,Himachal Pradesh Cricket Association Stadium,12,10,120.0
JP Duminy,Kingsmead,110,108,101.85185185185186
JP Duminy,M Chinnaswamy Stadium,97,54,179.62962962962962
JP Duminy,M.Chinnaswamy Stadium,23,29,79.3103448275862
JP Duminy,MA Chidambaram Stadium,22,16,137.5
JP Duminy,Maharashtra Cricket Association Stadium,21,19,110.5263157894737
JP Duminy,New Wanderers Stadium,1,6,16.666666666666664
JP Duminy,Newlands,9,7,128.57142857142858
JP Duminy,Punjab Cricket Association Stadium,43,36,119.44444444444444
JP Duminy,Rajiv Gandhi International Stadium,250,201,124.37810945273631
JP Duminy,Sardar Patel Stadium,8,8,100.0
JP Duminy,Saurashtra Cricket Association Stadium,13,7,185.71428571428572
JP Duminy,Sawai Mansingh Stadium,89,58,153.44827586206898
JP Duminy,Shaheed Veer Narayan Singh International Stadium,35,38,92.10526315789474
JP Duminy,Sharjah Cricket Stadium,86,71,121.12676056338027
JP Duminy,Sheikh Zayed Stadium,15,14,107.14285714285714
JP Duminy,St George's Park,139,109,127.5229357798165
JP Duminy,Subrata Roy Sahara Stadium,26,24,108.33333333333333
JP Duminy,SuperSport Park,61,54,112.96296296296295
JP Duminy,Wankhede Stadium,119,92,129.34782608695653
JP Faulkner,Brabourne Stadium,44,29,151.72413793103448
JP Faulkner,Dr. Y.S. Rajasekhara Reddy ACA-VDCA Cricket Stadium,6,5,120.0
JP Faulkner,Dubai International Cricket Stadium,4,2,200.0
JP Faulkner,Eden Gardens,5,6,83.33333333333334
JP Faulkner,Feroz Shah Kotla,51,38,134.21052631578948
JP Faulkner,Green Park,22,18,122.22222222222223
JP Faulkner,JSCA International Stadium Complex,1,4,25.0
JP Faulkner,M Chinnaswamy Stadium,44,24,183.33333333333331
JP Faulkner,MA Chidambaram Stadium,16,12,133.33333333333331
JP Faulkner,Maharashtra Cricket Association Stadium,65,49,132.6530612244898
JP Faulkner,Punjab Cricket Association Stadium,35,13,269.2307692307692
JP Faulkner,Rajiv Gandhi International Stadium,6,3,200.0
JP Faulkner,Sardar Patel Stadium,69,46,150.0
JP Faulkner,Saurashtra Cricket Association Stadium,39,33,118.18181818181819
JP Faulkner,Sawai Mansingh Stadium,16,14,114.28571428571428
JP Faulkner,Sharjah Cricket Stadium,8,7,114.28571428571428
JP Faulkner,Sheikh Zayed Stadium,8,2,400.0
JP Faulkner,Subrata Roy Sahara Stadium,22,18,122.22222222222223
JP Faulkner,Wankhede Stadium,42,32,131.25
JPR Scantlebury-Searles,Eden Gardens,2,5,40.0
JPR Scantlebury-Searles,Holkar Cricket Stadium,6,1,600.0
JR Hazlewood,Bharat Ratna Shri Atal Bihari Vajpayee Ekana Cricket Stadium,1,2,50.0
JR Hazlewood,Brabourne Stadium,10,15,66.66666666666666
JR Hazlewood,Dr DY Patil Sports Academy,7,7,100.0
JR Hazlewood,Maharashtra Cricket Association Stadium,0,2,0.0
JR Hazlewood,Narendra Modi Stadium,1,2,50.0
JR Hopes,Dr DY Patil Sports Academy,13,4,325.0
JR Hopes,Eden Gardens,13,10,130.0
JR Hopes,Feroz Shah Kotla,100,92,108.69565217391303
JR Hopes,Himachal Pradesh Cricket Association Stadium,7,7,100.0
JR Hopes,M Chinnaswamy Stadium,5,4,125.0
JR Hopes,MA Chidambaram Stadium,22,13,169.23076923076923
JR Hopes,Punjab Cricket Association Stadium,167,99,168.68686868686868
JR Hopes,Rajiv Gandhi International Stadium,17,10,170.0
JR Hopes,Sawai Mansingh Stadium,16,16,100.0
JR Hopes,Wankhede Stadium,57,50,113.99999999999999
JR Philippe,Dubai International Cricket Stadium,1,5,20.0
JR Philippe,Sharjah Cricket Stadium,32,31,103.2258064516129
JR Philippe,Sheikh Zayed Stadium,45,41,109.75609756097562
Jaskaran Singh,Barabati Stadium,3,3,100.0
Jaskaran Singh,Brabourne Stadium,0,2,0.0
Jaskaran Singh,Dr DY Patil Sports Academy,5,6,83.33333333333334
Joginder Sharma,Kingsmead,4,3,133.33333333333331
Joginder Sharma,MA Chidambaram Stadium,16,10,160.0
Joginder Sharma,Newlands,16,15,106.66666666666667
Joginder Sharma,Sawai Mansingh Stadium,0,1,0.0
Joginder Sharma,Wankhede Stadium,0,1,0.0
K Goel,Brabourne Stadium,1,3,33.33333333333333
K Goel,Kingsmead,52,71,73.23943661971832
K Goel,MA Chidambaram Stadium,1,7,14.285714285714285
K Goel,Newlands,38,21,180.95238095238096
K Goel,Punjab Cricket Association Stadium,66,67,98.50746268656717
K Goel,Sawai Mansingh Stadium,26,21,123.80952380952381
K Goel,SuperSport Park,34,41,82.92682926829268
K Gowtham,Arun Jaitley Stadium,24,12,200.0
K Gowtham,Bharat Ratna Shri Atal Bihari Vajpayee Ekana Cricket Stadium,30,16,187.5
K Gowtham,Eden Gardens,23,16,143.75
K Gowtham,Holkar Cricket Stadium,5,3,166.66666666666669
K Gowtham,MA Chidambaram Stadium,28,21,133.33333333333331
K Gowtham,Maharashtra Cricket Association Stadium,1,2,50.0
K Gowtham,Rajiv Gandhi International Stadium,0,2,0.0
K Gowtham,Sawai Mansingh Stadium,93,43,216.27906976744185
K Gowtham,Sheikh Zayed Stadium,22,13,169.23076923076923
K Gowtham,Wankhede Stadium,0,2,0.0
K Kartikeya,Dr DY Patil Sports Academy,3,5,60.0
K Kartikeya,Narendra Modi Stadium,6,7,85.71428571428571
K Rabada,Arun Jaitley Stadium,12,12,100.0
K Rabada,Bharat Ratna Shri Atal Bihari Vajpayee Ekana Cricket Stadium,0,1,0.0
K Rabada,Brabourne Stadium,15,20,75.0
K Rabada,Dr DY Patil Sports Academy,6,2,300.0
K Rabada,Dubai International Cricket Stadium,34,30,113.33333333333333
K Rabada,Feroz Shah Kotla,0,5,0.0
K Rabada,Maharashtra Cricket Association Stadium,2,5,40.0
K Rabada,Punjab Cricket Association IS Bindra Stadium,11,22,50.0
K Rabada,Rajiv Gandhi International Stadium,2,2,100.0
K Rabada,Sharjah Cricket Stadium,2,4,50.0
K Rabada,Sheikh Zayed Stadium,24,17,141.1764705882353
K Rabada,Wankhede Stadium,78,58,134.48275862068965
K Upadhyay,Subrata Roy Sahara Stadium,12,9,133.33333333333331
K Yadav,Sharjah Cricket Stadium,0,4,0.0
KA Jamieson,Dubai International Cricket Stadium,2,2,100.0
KA Jamieson,MA Chidambaram Stadium,27,17,158.8235294117647
KA Jamieson,Narendra Modi Stadium,16,11,145.45454545454547
KA Jamieson,Wankhede Stadium,16,13,123.07692307692308
KA Jamieson,Zayed Cricket Stadium,4,12,33.33333333333333
KA Pollard,Arun Jaitley Stadium,110,49,224.48979591836732
KA Pollard,Barabati Stadium,10,11,90.9090909090909
KA Pollard,Brabourne Stadium,180,113,159.2920353982301
KA Pollard,Dr DY Patil Sports Academy,150,110,136.36363636363635
KA Pollard,Dr. Y.S. Rajasekhara Reddy ACA-VDCA Cricket Stadium,65,57,114.03508771929825
KA Pollard,Dubai International Cricket Stadium,124,96,129.16666666666669
KA Pollard,Eden Gardens,192,135,142.22222222222223
KA Pollard,Feroz Shah Kotla,161,103,156.31067961165047
KA Pollard,Green Park,9,11,81.81818181818183
KA Pollard,Himachal Pradesh Cricket Association Stadium,22,20,110.00000000000001
KA Pollard,M Chinnaswamy Stadium,212,134,158.2089552238806
KA Pollard,M.Chinnaswamy Stadium,18,19,94.73684210526315
KA Pollard,MA Chidambaram Stadium,144,122,118.0327868852459
KA Pollard,Maharashtra Cricket Association Stadium,59,34,173.52941176470588
KA Pollard,Punjab Cricket Association IS Bindra Stadium,17,18,94.44444444444444
KA Pollard,Punjab Cricket Association Stadium,53,45,117.77777777777779
KA Pollard,Rajiv Gandhi International Stadium,147,112,131.25
KA Pollard,Sardar Patel Stadium,84,46,182.6086956521739
KA Pollard,Sawai Mansingh Stadium,61,61,100.0
KA Pollard,Sharjah Cricket Stadium,105,76,138.1578947368421
KA Pollard,Sheikh Zayed Stadium,105,68,154.41176470588235
KA Pollard,Wankhede Stadium,1216,773,157.30918499353172
KA Pollard,Zayed Cricket Stadium,49,33,148.4848484848485
KAJ Roach,Dr DY Patil Sports Academy,10,9,111.11111111111111
KB Arun Karthik,Himachal Pradesh Cricket Association Stadium,6,6,100.0
KB Arun Karthik,M Chinnaswamy Stadium,20,21,95.23809523809523
KB Arun Karthik,MA Chidambaram Stadium,5,5,100.0
KB Arun Karthik,Sardar Patel Stadium,3,5,60.0
KB Arun Karthik,Wankhede Stadium,12,8,150.0
KC Cariappa,Feroz Shah Kotla,1,2,50.0
KC Cariappa,M Chinnaswamy Stadium,12,8,150.0
KC Cariappa,Rajiv Gandhi International Stadium,10,8,125.0
KC Cariappa,Saurashtra Cricket Association Stadium,1,3,33.33333333333333
KC Sangakkara,Barabati Stadium,94,69,136.23188405797103
KC Sangakkara,De Beers Diamond Oval,25,18,138.88888888888889
KC Sangakkara,Dr DY Patil Sports Academy,25,21,119.04761904761905
KC Sangakkara,Dr. Y.S. Rajasekhara Reddy ACA-VDCA Cricket Stadium,14,19,73.68421052631578
KC Sangakkara,Eden Gardens,120,85,141.1764705882353
KC Sangakkara,Feroz Shah Kotla,111,100,111.00000000000001
KC Sangakkara,Himachal Pradesh Cricket Association Stadium,85,60,141.66666666666669
KC Sangakkara,Kingsmead,132,133,99.24812030075188
KC Sangakkara,M Chinnaswamy Stadium,33,27,122.22222222222223
KC Sangakkara,MA Chidambaram Stadium,16,17,94.11764705882352
KC Sangakkara,Nehru Stadium,65,45,144.44444444444443
KC Sangakkara,New Wanderers Stadium,56,42,133.33333333333331
KC Sangakkara,Newlands,68,62,109.6774193548387
KC Sangakkara,OUTsurance Oval,43,46,93.47826086956522
KC Sangakkara,Punjab Cricket Association Stadium,408,258,158.13953488372093
KC Sangakkara,Rajiv Gandhi International Stadium,234,232,100.86206896551724
KC Sangakkara,Sawai Mansingh Stadium,77,51,150.98039215686273
KC Sangakkara,St George's Park,0,2,0.0
KC Sangakkara,Subrata Roy Sahara Stadium,12,14,85.71428571428571
KC Sangakkara,SuperSport Park,8,19,42.10526315789473
KC Sangakkara,Wankhede Stadium,30,32,93.75
KD Karthik,Arun Jaitley Stadium,29,27,107.40740740740742
KD Karthik,Barabati Stadium,46,27,170.37037037037038
KD Karthik,Bharat Ratna Shri Atal Bihari Vajpayee Ekana Cricket Stadium,16,11,145.45454545454547
KD Karthik,Brabourne Stadium,24,31,77.41935483870968
KD Karthik,Buffalo Park,5,3,166.66666666666669
KD Karthik,Dr DY Patil Sports Academy,121,72,168.05555555555557
KD Karthik,Dr. Y.S. Rajasekhara Reddy ACA-VDCA Cricket Stadium,7,6,116.66666666666667
KD Karthik,Dubai International Cricket Stadium,131,98,133.67346938775512
KD Karthik,Eden Gardens,630,446,141.25560538116594
KD Karthik,Feroz Shah Kotla,568,413,137.53026634382564
KD Karthik,Green Park,55,41,134.14634146341464
KD Karthik,Himachal Pradesh Cricket Association Stadium,38,36,105.55555555555556
KD Karthik,Holkar Cricket Stadium,119,56,212.5
KD Karthik,JSCA International Stadium Complex,28,26,107.6923076923077
KD Karthik,Kingsmead,62,39,158.97435897435898
KD Karthik,M Chinnaswamy Stadium,266,215,123.72093023255815
KD Karthik,M.Chinnaswamy Stadium,42,25,168.0
KD Karthik,MA Chidambaram Stadium,150,132,113.63636363636364
KD Karthik,Maharashtra Cricket Association Stadium,109,72,151.38888888888889
KD Karthik,Narendra Modi Stadium,32,23,139.1304347826087
KD Karthik,New Wanderers Stadium,100,82,121.95121951219512
KD Karthik,OUTsurance Oval,55,40,137.5
KD Karthik,Punjab Cricket Association IS Bindra Stadium,104,63,165.07936507936506
KD Karthik,Punjab Cricket Association Stadium,165,127,129.92125984251967
KD Karthik,Rajiv Gandhi International Stadium,67,70,95.71428571428572
KD Karthik,Sardar Patel Stadium,26,34,76.47058823529412
KD Karthik,Saurashtra Cricket Association Stadium,222,173,128.3236994219653
KD Karthik,Sawai Mansingh Stadium,85,72,118.05555555555556
KD Karthik,Sharjah Cricket Stadium,45,56,80.35714285714286
KD Karthik,Sheikh Zayed Stadium,132,116,113.79310344827587
KD Karthik,St George's Park,12,9,133.33333333333331
KD Karthik,Subrata Roy Sahara Stadium,35,46,76.08695652173914
KD Karthik,SuperSport Park,54,44,122.72727272727273
KD Karthik,Wankhede Stadium,802,576,139.23611111111111
KD Karthik,Zayed Cricket Stadium,26,11,236.36363636363637
KH Pandya,Arun Jaitley Stadium,112,78,143.5897435897436
KH Pandya,Bharat Ratna Shri Atal Bihari Vajpayee Ekana Cricket Stadium,153,128,119.53125
KH Pandya,Brabourne Stadium,26,24,108.33333333333333
KH Pandya,Dr DY Patil Sports Academy,67,45,148.88888888888889
KH Pandya,Dr. Y.S. Rajasekhara Reddy ACA-VDCA Cricket Stadium,122,60,203.33333333333331
KH Pandya,Dubai International Cricket Stadium,23,27,85.18518518518519
KH Pandya,Eden Gardens,41,30,136.66666666666666
KH Pandya,Feroz Shah Kotla,36,17,211.76470588235296
KH Pandya,Green Park,4,3,133.33333333333331
KH Pandya,Holkar Cricket Stadium,31,12,258.33333333333337
KH Pandya,M Chinnaswamy Stadium,82,62,132.25806451612902
KH Pandya,M.Chinnaswamy Stadium,24,21,114.28571428571428
KH Pandya,MA Chidambaram Stadium,47,50,94.0
KH Pandya,Maharashtra Cricket Association Stadium,40,44,90.9090909090909
KH Pandya,Narendra Modi Stadium,0,1,0.0
KH Pandya,Punjab Cricket Association IS Bindra Stadium,15,7,214.28571428571428
KH Pandya,Rajiv Gandhi International Stadium,124,96,129.16666666666669
KH Pandya,Sawai Mansingh Stadium,13,10,130.0
KH Pandya,Sharjah Cricket Stadium,33,22,150.0
KH Pandya,Sheikh Zayed Stadium,41,44,93.18181818181817
KH Pandya,Wankhede Stadium,387,282,137.2340425531915
KH Pandya,Zayed Cricket Stadium,21,16,131.25
KJ Abbott,Dr. Y.S. Rajasekhara Reddy ACA-VDCA Cricket Stadium,1,1,100.0
KJ Abbott,M Chinnaswamy Stadium,0,1,0.0
KJ Abbott,Punjab Cricket Association IS Bindra Stadium,12,6,200.0
KK Ahmed,Dr DY Patil Sports Academy,0,1,0.0
KK Ahmed,Dubai International Cricket Stadium,0,2,0.0
KK Ahmed,MA Chidambaram Stadium,1,2,50.0
KK Ahmed,Maharashtra Cricket Association Stadium,0,1,0.0
KK Ahmed,Rajiv Gandhi International Stadium,0,1,0.0
KK Cooper,Eden Gardens,4,2,200.0
KK Cooper,Feroz Shah Kotla,2,2,100.0
KK Cooper,Punjab Cricket Association Stadium,2,2,100.0
KK Cooper,Rajiv Gandhi International Stadium,26,12,216.66666666666666
KK Cooper,Sardar Patel Stadium,37,24,154.16666666666669
KK Cooper,Sawai Mansingh Stadium,24,15,160.0
KK Cooper,Wankhede Stadium,21,10,210.0
KK Nair,Arun Jaitley Stadium,34,32,106.25
KK Nair,Brabourne Stadium,84,63,133.33333333333331
KK Nair,Dr. Y.S. Rajasekhara Reddy ACA-VDCA Cricket Stadium,50,56,89.28571428571429
KK Nair,Dubai International Cricket Stadium,15,8,187.5
KK Nair,Eden Gardens,18,25,72.0
KK Nair,Feroz Shah Kotla,390,289,134.94809688581316
KK Nair,Green Park,30,15,200.0
KK Nair,Holkar Cricket Stadium,58,44,131.8181818181818
KK Nair,JSCA International Stadium Complex,8,11,72.72727272727273
KK Nair,M Chinnaswamy Stadium,110,83,132.53012048192772
KK Nair,M.Chinnaswamy Stadium,33,29,113.79310344827587
KK Nair,MA Chidambaram Stadium,10,12,83.33333333333334
KK Nair,Maharashtra Cricket Association Stadium,74,50,148.0
KK Nair,Punjab Cricket Association IS Bindra Stadium,144,106,135.8490566037736
KK Nair,Punjab Cricket Association Stadium,11,6,183.33333333333331
KK Nair,Rajiv Gandhi International Stadium,66,57,115.78947368421053
KK Nair,Sardar Patel Stadium,140,97,144.3298969072165
KK Nair,Sawai Mansingh Stadium,3,5,60.0
KK Nair,Shaheed Veer Narayan Singh International Stadium,94,69,136.23188405797103
KK Nair,Sheikh Zayed Stadium,8,15,53.333333333333336
KK Nair,Wankhede Stadium,80,67,119.40298507462686
KL Nagarkoti,Dubai International Cricket Stadium,9,6,150.0
KL Nagarkoti,Sharjah Cricket Stadium,13,23,56.52173913043478
KL Nagarkoti,Sheikh Zayed Stadium,0,2,0.0
KL Nagarkoti,Wankhede Stadium,0,2,0.0
KL Rahul,Arun Jaitley Stadium,35,24,145.83333333333331
KL Rahul,Bharat Ratna Shri Atal Bihari Vajpayee Ekana Cricket Stadium,185,162,114.19753086419753
KL Rahul,Brabourne Stadium,153,105,145.7142857142857
KL Rahul,Dr DY Patil Sports Academy,190,149,127.51677852348993
KL Rahul,Dr. Y.S. Rajasekhara Reddy ACA-VDCA Cricket Stadium,26,28,92.85714285714286
KL Rahul,Dubai International Cricket Stadium,508,343,148.10495626822157
KL Rahul,Eden Gardens,140,90,155.55555555555557
KL Rahul,Holkar Cricket Stadium,195,118,165.25423728813558
KL Rahul,M Chinnaswamy Stadium,261,193,135.23316062176164
KL Rahul,M.Chinnaswamy Stadium,89,57,156.140350877193
KL Rahul,MA Chidambaram Stadium,144,131,109.92366412213741
KL Rahul,Maharashtra Cricket Association Stadium,28,48,58.333333333333336
KL Rahul,Narendra Modi Stadium,110,77,142.85714285714286
KL Rahul,Punjab Cricket Association IS Bindra Stadium,460,319,144.20062695924764
KL Rahul,Rajiv Gandhi International Stadium,228,171,133.33333333333331
KL Rahul,Sardar Patel Stadium,18,18,100.0
KL Rahul,Saurashtra Cricket Association Stadium,51,35,145.7142857142857
KL Rahul,Sawai Mansingh Stadium,138,105,131.42857142857142
KL Rahul,Shaheed Veer Narayan Singh International Stadium,38,23,165.2173913043478
KL Rahul,Sharjah Cricket Stadium,270,238,113.4453781512605
KL Rahul,Sheikh Zayed Stadium,186,163,114.11042944785277
KL Rahul,Wankhede Stadium,579,387,149.6124031007752
KL Rahul,Zayed Cricket Stadium,21,22,95.45454545454545
KM Asif,Sawai Mansingh Stadium,0,2,0.0
KM Jadhav,Arun Jaitley Stadium,58,56,103.57142857142858
KM Jadhav,Brabourne Stadium,11,7,157.14285714285714
KM Jadhav,Dr. Y.S. Rajasekhara Reddy ACA-VDCA Cricket Stadium,19,12,158.33333333333331
KM Jadhav,Dubai International Cricket Stadium,32,39,82.05128205128204
KM Jadhav,Eden Gardens,56,43,130.2325581395349
KM Jadhav,Feroz Shah Kotla,236,183,128.96174863387978
KM Jadhav,Holkar Cricket Stadium,1,4,25.0
KM Jadhav,M Chinnaswamy Stadium,176,125,140.79999999999998
KM Jadhav,M.Chinnaswamy Stadium,78,46,169.56521739130434
KM Jadhav,MA Chidambaram Stadium,69,75,92.0
KM Jadhav,Maharashtra Cricket Association Stadium,10,17,58.82352941176471
KM Jadhav,Nehru Stadium,0,2,0.0
KM Jadhav,Punjab Cricket Association IS Bindra Stadium,0,1,0.0
KM Jadhav,Punjab Cricket Association Stadium,0,4,0.0
KM Jadhav,Rajiv Gandhi International Stadium,60,36,166.66666666666669
KM Jadhav,Sardar Patel Stadium,3,3,100.0
KM Jadhav,Saurashtra Cricket Association Stadium,38,16,237.5
KM Jadhav,Sawai Mansingh Stadium,29,36,80.55555555555556
KM Jadhav,Shaheed Veer Narayan Singh International Stadium,89,54,164.8148148148148
KM Jadhav,Sharjah Cricket Stadium,48,37,129.72972972972974
KM Jadhav,Sheikh Zayed Stadium,11,19,57.89473684210527
KM Jadhav,Wankhede Stadium,146,128,114.0625
KMA Paul,Arun Jaitley Stadium,0,4,0.0
KMA Paul,Dr. Y.S. Rajasekhara Reddy ACA-VDCA Cricket Stadium,8,11,72.72727272727273
KMA Paul,Rajiv Gandhi International Stadium,7,4,175.0
KMA Paul,Wankhede Stadium,3,5,60.0
KMDN Kulasekara,MA Chidambaram Stadium,5,3,166.66666666666669
KP Appanna,Feroz Shah Kotla,1,2,50.0
KP Appanna,Kingsmead,0,1,0.0
KP Appanna,Vidarbha Cricket Association Stadium,1,1,100.0
KP Pietersen,Dr DY Patil Sports Academy,48,35,137.14285714285714
KP Pietersen,Dubai International Cricket Stadium,16,17,94.11764705882352
KP Pietersen,Feroz Shah Kotla,353,242,145.86776859504133
KP Pietersen,Kingsmead,13,14,92.85714285714286
KP Pietersen,M Chinnaswamy Stadium,54,45,120.0
KP Pietersen,MA Chidambaram Stadium,23,14,164.28571428571428
KP Pietersen,Maharashtra Cricket Association Stadium,0,1,0.0
KP Pietersen,Newlands,43,45,95.55555555555556
KP Pietersen,Punjab Cricket Association IS Bindra Stadium,15,15,100.0
KP Pietersen,Punjab Cricket Association Stadium,124,85,145.88235294117646
KP Pietersen,Sardar Patel Stadium,13,18,72.22222222222221
KP Pietersen,Saurashtra Cricket Association Stadium,37,31,119.35483870967742
KP Pietersen,Sawai Mansingh Stadium,98,63,155.55555555555557
KP Pietersen,Sharjah Cricket Stadium,26,18,144.44444444444443
KP Pietersen,St George's Park,37,25,148.0
KP Pietersen,Subrata Roy Sahara Stadium,27,21,128.57142857142858
KP Pietersen,Wankhede Stadium,74,53,139.62264150943395
KR Mayers,Bharat Ratna Shri Atal Bihari Vajpayee Ekana Cricket Stadium,139,96,144.79166666666669
KR Mayers,M Chinnaswamy Stadium,0,3,0.0
KR Mayers,MA Chidambaram Stadium,71,33,215.15151515151513
KR Mayers,Narendra Modi Stadium,48,32,150.0
KR Mayers,Punjab Cricket Association IS Bindra Stadium,54,22,245.45454545454547
KR Mayers,Rajiv Gandhi International Stadium,2,14,14.285714285714285
KR Mayers,Sawai Mansingh Stadium,51,41,124.39024390243902
KR Sen,Dr DY Patil Sports Academy,0,3,0.0
KS Bharat,Dr DY Patil Sports Academy,8,7,114.28571428571428
KS Bharat,Dubai International Cricket Stadium,154,111,138.73873873873873
KS Bharat,Sharjah Cricket Stadium,9,16,56.25
KS Bharat,Zayed Cricket Stadium,28,27,103.7037037037037
KS Sharma,Eden Gardens,3,5,60.0
KS Sharma,Maharashtra Cricket Association Stadium,4,4,100.0
KS Williamson,Arun Jaitley Stadium,129,84,153.57142857142858
KS Williamson,Brabourne Stadium,37,44,84.0909090909091
KS Williamson,Dr DY Patil Sports Academy,108,111,97.2972972972973
KS Williamson,Dr. Y.S. Rajasekhara Reddy ACA-VDCA Cricket Stadium,62,69,89.85507246376811
KS Williamson,Dubai International Cricket Stadium,214,170,125.88235294117646
KS Williamson,Eden Gardens,60,56,107.14285714285714
KS Williamson,Feroz Shah Kotla,24,24,100.0
KS Williamson,M Chinnaswamy Stadium,29,35,82.85714285714286
KS Williamson,M.Chinnaswamy Stadium,151,84,179.76190476190476
KS Williamson,MA Chidambaram Stadium,42,37,113.51351351351352
KS Williamson,Maharashtra Cricket Association Stadium,130,114,114.03508771929825
KS Williamson,Punjab Cricket Association IS Bindra Stadium,108,68,158.8235294117647
KS Williamson,Rajiv Gandhi International Stadium,508,365,139.17808219178082
KS Williamson,Sawai Mansingh Stadium,76,57,133.33333333333331
KS Williamson,Sharjah Cricket Stadium,23,36,63.888888888888886
KS Williamson,Sheikh Zayed Stadium,158,115,137.3913043478261
KS Williamson,Wankhede Stadium,113,87,129.8850574712644
KS Williamson,Zayed Cricket Stadium,31,29,106.89655172413792
KV Sharma,Bharat Ratna Shri Atal Bihari Vajpayee Ekana Cricket Stadium,2,2,100.0
KV Sharma,Dr. Y.S. Rajasekhara Reddy ACA-VDCA Cricket Stadium,19,10,190.0
KV Sharma,Eden Gardens,51,45,113.33333333333333
KV Sharma,Feroz Shah Kotla,2,2,100.0
KV Sharma,M Chinnaswamy Stadium,27,18,150.0
KV Sharma,MA Chidambaram Stadium,4,6,66.66666666666666
KV Sharma,Maharashtra Cricket Association Stadium,7,13,53.84615384615385
KV Sharma,Newlands,1,3,33.33333333333333
KV Sharma,Punjab Cricket Association Stadium,23,19,121.05263157894737
KV Sharma,Rajiv Gandhi International Stadium,86,83,103.6144578313253
KV Sharma,Sardar Patel Stadium,0,1,0.0
KV Sharma,Sawai Mansingh Stadium,6,8,75.0
KV Sharma,Shaheed Veer Narayan Singh International Stadium,16,13,123.07692307692308
KV Sharma,Sharjah Cricket Stadium,27,15,180.0
KV Sharma,Sheikh Zayed Stadium,4,5,80.0
KV Sharma,Wankhede Stadium,45,36,125.0
KW Richardson,Sardar Patel Stadium,1,2,50.0
KW Richardson,Subrata Roy Sahara Stadium,34,36,94.44444444444444
KW Richardson,Wankhede Stadium,1,1,100.0
Kamran Akmal,Dr DY Patil Sports Academy,6,7,85.71428571428571
Kamran Akmal,MA Chidambaram Stadium,53,28,189.28571428571428
Kamran Akmal,Punjab Cricket Association Stadium,24,8,300.0
Kamran Akmal,Rajiv Gandhi International Stadium,12,9,133.33333333333331
Kamran Akmal,Sawai Mansingh Stadium,33,25,132.0
Kamran Khan,Newlands,3,5,60.0
Karanveer Singh,Eden Gardens,1,1,100.0
Karanveer Singh,M Chinnaswamy Stadium,4,7,57.14285714285714
Karanveer Singh,MA Chidambaram Stadium,2,5,40.0
Karanveer Singh,Maharashtra Cricket Association Stadium,5,4,125.0
Kartik Tyagi,Brabourne Stadium,7,5,140.0
Kartik Tyagi,Dubai International Cricket Stadium,4,7,57.14285714285714
Kartik Tyagi,Sharjah Cricket Stadium,2,3,66.66666666666666
Kartik Tyagi,Wankhede Stadium,0,1,0.0
Kuldeep Yadav,Arun Jaitley Stadium,18,26,69.23076923076923
Kuldeep Yadav,Barsapara Cricket Stadium,3,7,42.857142857142854
Kuldeep Yadav,Bharat Ratna Shri Atal Bihari Vajpayee Ekana Cricket Stadium,6,10,60.0
Kuldeep Yadav,Dr DY Patil Sports Academy,7,19,36.84210526315789
Kuldeep Yadav,Eden Gardens,27,42,64.28571428571429
Kuldeep Yadav,M Chinnaswamy Stadium,7,6,116.66666666666667
Kuldeep Yadav,MA Chidambaram Stadium,0,2,0.0
Kuldeep Yadav,Maharashtra Cricket Association Stadium,14,14,100.0
Kuldeep Yadav,Narendra Modi Stadium,0,1,0.0
Kuldeep Yadav,Rajiv Gandhi International Stadium,4,3,133.33333333333331
Kuldeep Yadav,Sheikh Zayed Stadium,13,21,61.904761904761905
Kuldeep Yadav,Wankhede Stadium,27,19,142.10526315789474
L Ablish,M Chinnaswamy Stadium,0,2,0.0
L Balaji,Eden Gardens,10,8,125.0
L Balaji,Feroz Shah Kotla,3,1,300.0
L Balaji,Kingsmead,2,7,28.57142857142857
L Balaji,M Chinnaswamy Stadium,1,3,33.33333333333333
L Balaji,MA Chidambaram Stadium,18,22,81.81818181818183
L Balaji,New Wanderers Stadium,2,3,66.66666666666666
L Balaji,Sheikh Zayed Stadium,0,2,0.0
L Balaji,Wankhede Stadium,0,3,0.0
L Ronchi,Buffalo Park,0,2,0.0
L Ronchi,Dr DY Patil Sports Academy,13,11,118.18181818181819
L Ronchi,MA Chidambaram Stadium,2,3,66.66666666666666
L Ronchi,Punjab Cricket Association Stadium,11,8,137.5
L Ronchi,Wankhede Stadium,8,10,80.0
LA Carseldine,De Beers Diamond Oval,17,19,89.47368421052632
LA Carseldine,Kingsmead,16,8,200.0
LA Carseldine,St George's Park,39,31,125.80645161290323
LA Carseldine,SuperSport Park,9,8,112.5
LA Pomersbach,Feroz Shah Kotla,43,22,195.45454545454547
LA Pomersbach,Kingsmead,26,32,81.25
LA Pomersbach,M Chinnaswamy Stadium,16,14,114.28571428571428
LA Pomersbach,MA Chidambaram Stadium,13,16,81.25
LA Pomersbach,New Wanderers Stadium,1,2,50.0
LA Pomersbach,OUTsurance Oval,9,5,180.0
LA Pomersbach,Punjab Cricket Association Stadium,81,77,105.1948051948052
LA Pomersbach,SuperSport Park,5,7,71.42857142857143
LA Pomersbach,Wankhede Stadium,108,68,158.8235294117647
LE Plunkett,Arun Jaitley Stadium,1,3,33.33333333333333
LH Ferguson,Dr DY Patil Sports Academy,5,4,125.0
LH Ferguson,Dubai International Cricket Stadium,18,10,180.0
LH Ferguson,Saurashtra Cricket Association Stadium,1,1,100.0
LH Ferguson,Sharjah Cricket Stadium,24,13,184.6153846153846
LH Ferguson,Sheikh Zayed Stadium,19,16,118.75
LJ Wright,M Chinnaswamy Stadium,7,3,233.33333333333334
LJ Wright,Punjab Cricket Association Stadium,34,10,340.0
LJ Wright,Shaheed Veer Narayan Singh International Stadium,19,18,105.55555555555556
LJ Wright,Subrata Roy Sahara Stadium,46,28,164.28571428571428
LMP Simmons,Barabati Stadium,12,14,85.71428571428571
LMP Simmons,Brabourne Stadium,67,44,152.27272727272728
LMP Simmons,Eden Gardens,68,49,138.77551020408163
LMP Simmons,Feroz Shah Kotla,81,57,142.10526315789474
LMP Simmons,M Chinnaswamy Stadium,62,50,124.0
LMP Simmons,MA Chidambaram Stadium,38,31,122.58064516129032
LMP Simmons,Punjab Cricket Association Stadium,171,117,146.15384615384613
LMP Simmons,Rajiv Gandhi International Stadium,120,107,112.14953271028037
LMP Simmons,Sardar Patel Stadium,62,50,124.0
LMP Simmons,Wankhede Stadium,398,329,120.9726443768997
LPC Silva,Punjab Cricket Association Stadium,23,10,229.99999999999997
LPC Silva,Rajiv Gandhi International Stadium,17,16,106.25
LR Shukla,Buffalo Park,6,7,85.71428571428571
LR Shukla,Eden Gardens,153,113,135.39823008849558
LR Shukla,Feroz Shah Kotla,31,38,81.57894736842105
LR Shukla,Kingsmead,50,49,102.04081632653062
LR Shukla,M Chinnaswamy Stadium,5,8,62.5
LR Shukla,MA Chidambaram Stadium,76,59,128.81355932203388
LR Shukla,Newlands,8,6,133.33333333333331
LR Shukla,Punjab Cricket Association Stadium,7,10,70.0
LR Shukla,Rajiv Gandhi International Stadium,14,3,466.6666666666667
LR Shukla,Sawai Mansingh Stadium,12,19,63.1578947368421
LR Shukla,St George's Park,6,10,60.0
LR Shukla,Subrata Roy Sahara Stadium,24,11,218.18181818181816
LR Shukla,Wankhede Stadium,0,4,0.0
LRPL Taylor,Dr DY Patil Sports Academy,31,30,103.33333333333334
LRPL Taylor,Dubai International Cricket Stadium,6,9,66.66666666666666
LRPL Taylor,Eden Gardens,6,9,66.66666666666666
LRPL Taylor,Feroz Shah Kotla,187,146,128.08219178082192
LRPL Taylor,Kingsmead,81,72,112.5
LRPL Taylor,M Chinnaswamy Stadium,121,73,165.75342465753425
LRPL Taylor,MA Chidambaram Stadium,52,40,130.0
LRPL Taylor,New Wanderers Stadium,69,42,164.28571428571428
LRPL Taylor,Newlands,0,1,0.0
LRPL Taylor,Punjab Cricket Association Stadium,0,5,0.0
LRPL Taylor,Rajiv Gandhi International Stadium,40,32,125.0
LRPL Taylor,Sardar Patel Stadium,4,5,80.0
LRPL Taylor,Sawai Mansingh Stadium,150,126,119.04761904761905
LRPL Taylor,Sharjah Cricket Stadium,43,39,110.25641025641026
LRPL Taylor,Sheikh Zayed Stadium,6,6,100.0
LRPL Taylor,St George's Park,48,54,88.88888888888889
LRPL Taylor,Subrata Roy Sahara Stadium,52,60,86.66666666666667
LRPL Taylor,SuperSport Park,82,37,221.6216216216216
LRPL Taylor,Vidarbha Cricket Association Stadium,1,5,20.0
LRPL Taylor,Wankhede Stadium,38,27,140.74074074074073
LS Livingstone,Arun Jaitley Stadium,18,18,100.0
LS Livingstone,Brabourne Stadium,196,104,188.46153846153845
LS Livingstone,Dr DY Patil Sports Academy,112,58,193.10344827586206
LS Livingstone,Dubai International Cricket Stadium,35,32,109.375
LS Livingstone,Eden Gardens,15,8,187.5
LS Livingstone,Himachal Pradesh Cricket Association Stadium,103,59,174.5762711864407
LS Livingstone,MA Chidambaram Stadium,40,24,166.66666666666669
LS Livingstone,Maharashtra Cricket Association Stadium,20,19,105.26315789473684
LS Livingstone,Punjab Cricket Association IS Bindra Stadium,107,58,184.48275862068965
LS Livingstone,Sawai Mansingh Stadium,44,26,169.23076923076923
LS Livingstone,Sharjah Cricket Stadium,6,6,100.0
LS Livingstone,Wankhede Stadium,120,71,169.01408450704224
LS Livingstone,Zayed Cricket Stadium,1,3,33.33333333333333
Lalit Yadav,Arun Jaitley Stadium,12,23,52.17391304347826
Lalit Yadav,Barsapara Cricket Stadium,38,24,158.33333333333331
Lalit Yadav,Brabourne Stadium,49,42,116.66666666666667
Lalit Yadav,Dr DY Patil Sports Academy,24,20,120.0
Lalit Yadav,M Chinnaswamy Stadium,4,7,57.14285714285714
Lalit Yadav,MA Chidambaram Stadium,34,28,121.42857142857142
Lalit Yadav,Maharashtra Cricket Association Stadium,25,22,113.63636363636364
Lalit Yadav,Sharjah Cricket Stadium,0,3,0.0
Lalit Yadav,Wankhede Stadium,95,89,106.74157303370787
Lalit Yadav,Zayed Cricket Stadium,14,15,93.33333333333333
Liton Das,Arun Jaitley Stadium,4,4,100.0
M Ashwin,Brabourne Stadium,6,2,300.0
M Ashwin,Dr DY Patil Sports Academy,6,10,60.0
M Ashwin,Dubai International Cricket Stadium,4,4,100.0
M Ashwin,M.Chinnaswamy Stadium,1,2,50.0
M Ashwin,MA Chidambaram Stadium,9,10,90.0
M Ashwin,Maharashtra Cricket Association Stadium,1,5,20.0
M Ashwin,Punjab Cricket Association IS Bindra Stadium,1,2,50.0
M Ashwin,Rajiv Gandhi International Stadium,1,1,100.0
M Ashwin,Wankhede Stadium,6,14,42.857142857142854
M Jansen,MA Chidambaram Stadium,17,25,68.0
M Jansen,Maharashtra Cricket Association Stadium,1,2,50.0
M Jansen,Narendra Modi Stadium,3,6,50.0
M Jansen,Rajiv Gandhi International Stadium,16,13,123.07692307692308
M Jansen,Sawai Mansingh Stadium,3,2,150.0
M Jansen,Wankhede Stadium,8,5,160.0
M Kaif,Dr DY Patil Sports Academy,16,16,100.0
M Kaif,Eden Gardens,34,31,109.6774193548387
M Kaif,Feroz Shah Kotla,9,19,47.368421052631575
M Kaif,Himachal Pradesh Cricket Association Stadium,15,11,136.36363636363635
M Kaif,M Chinnaswamy Stadium,44,44,100.0
M Kaif,MA Chidambaram Stadium,10,7,142.85714285714286
M Kaif,Punjab Cricket Association Stadium,15,19,78.94736842105263
M Kaif,Rajiv Gandhi International Stadium,34,16,212.5
M Kaif,Sawai Mansingh Stadium,56,59,94.91525423728814
M Kaif,Wankhede Stadium,12,11,109.09090909090908
M Kartik,Eden Gardens,48,44,109.09090909090908
M Kartik,Feroz Shah Kotla,1,2,50.0
M Kartik,JSCA International Stadium Complex,0,1,0.0
M Kartik,MA Chidambaram Stadium,8,8,100.0
M Kartik,New Wanderers Stadium,11,10,110.00000000000001
M Kartik,Newlands,10,10,100.0
M Kartik,Sawai Mansingh Stadium,8,9,88.88888888888889
M Kartik,Wankhede Stadium,25,21,119.04761904761905
M Klinger,Feroz Shah Kotla,18,19,94.73684210526315
M Klinger,M Chinnaswamy Stadium,24,25,96.0
M Klinger,Nehru Stadium,31,31,100.0
M Manhas,Barabati Stadium,23,15,153.33333333333334
M Manhas,Dr DY Patil Sports Academy,67,75,89.33333333333333
M Manhas,Dubai International Cricket Stadium,10,10,100.0
M Manhas,Eden Gardens,1,3,33.33333333333333
M Manhas,Feroz Shah Kotla,82,75,109.33333333333333
M Manhas,M Chinnaswamy Stadium,20,22,90.9090909090909
M Manhas,MA Chidambaram Stadium,45,55,81.81818181818183
M Manhas,New Wanderers Stadium,0,6,0.0
M Manhas,OUTsurance Oval,26,25,104.0
M Manhas,Punjab Cricket Association Stadium,62,52,119.23076923076923
M Manhas,Sardar Patel Stadium,11,10,110.00000000000001
M Manhas,Sawai Mansingh Stadium,24,19,126.3157894736842
M Manhas,Shaheed Veer Narayan Singh International Stadium,2,4,50.0
M Manhas,Sharjah Cricket Stadium,3,4,75.0
M Manhas,Sheikh Zayed Stadium,13,5,260.0
M Manhas,St George's Park,23,13,176.9230769230769
M Manhas,Subrata Roy Sahara Stadium,75,57,131.57894736842107
M Manhas,SuperSport Park,26,18,144.44444444444443
M Manhas,Wankhede Stadium,1,2,50.0
M Markande,Arun Jaitley Stadium,3,10,30.0
M Markande,M.Chinnaswamy Stadium,6,5,120.0
M Markande,Narendra Modi Stadium,18,9,200.0
M Markande,Rajiv Gandhi International Stadium,9,7,128.57142857142858
M Markande,Sawai Mansingh Stadium,0,1,0.0
M Markande,Wankhede Stadium,12,10,120.0
M Morkel,Brabourne Stadium,4,3,133.33333333333331
M Morkel,De Beers Diamond Oval,8,8,100.0
M Morkel,Feroz Shah Kotla,36,26,138.46153846153845
M Morkel,Green Park,1,1,100.0
M Morkel,Himachal Pradesh Cricket Association Stadium,29,10,290.0
M Morkel,M Chinnaswamy Stadium,4,12,33.33333333333333
M Morkel,Sheikh Zayed Stadium,4,3,133.33333333333331
M Morkel,Subrata Roy Sahara Stadium,0,2,0.0
M Morkel,Vidarbha Cricket Association Stadium,7,7,100.0
M Morkel,Wankhede Stadium,33,17,194.11764705882354
M Muralitharan,Kingsmead,5,4,125.0
M Muralitharan,M Chinnaswamy Stadium,6,8,75.0
M Muralitharan,MA Chidambaram Stadium,1,2,50.0
M Muralitharan,New Wanderers Stadium,3,4,75.0
M Muralitharan,Rajiv Gandhi International Stadium,0,1,0.0
M Muralitharan,Sawai Mansingh Stadium,5,10,50.0
M Ntini,MA Chidambaram Stadium,0,6,0.0
M Ntini,Sawai Mansingh Stadium,11,12,91.66666666666666
M Prasidh Krishna,Dr DY Patil Sports Academy,4,7,57.14285714285714
M Prasidh Krishna,Eden Gardens,1,5,20.0
M Prasidh Krishna,MA Chidambaram Stadium,0,2,0.0
M Prasidh Krishna,Maharashtra Cricket Association Stadium,2,5,40.0
M Prasidh Krishna,Sharjah Cricket Stadium,2,4,50.0
M Prasidh Krishna,Wankhede Stadium,0,1,0.0
M Rawat,Dr DY Patil Sports Academy,1,5,20.0
M Rawat,Feroz Shah Kotla,2,4,50.0
M Rawat,M Chinnaswamy Stadium,0,2,0.0
M Rawat,Newlands,8,13,61.53846153846154
M Rawat,Punjab Cricket Association Stadium,23,19,121.05263157894737
M Rawat,Sawai Mansingh Stadium,6,5,120.0
M Rawat,Subrata Roy Sahara Stadium,5,11,45.45454545454545
M Rawat,SuperSport Park,8,6,133.33333333333331
M Rawat,Wankhede Stadium,2,4,50.0
M Shahrukh Khan,Arun Jaitley Stadium,2,4,50.0
M Shahrukh Khan,Barsapara Cricket Stadium,11,9,122.22222222222223
M Shahrukh Khan,Bharat Ratna Shri Atal Bihari Vajpayee Ekana Cricket Stadium,23,10,229.99999999999997
M Shahrukh Khan,Brabourne Stadium,33,39,84.61538461538461
M Shahrukh Khan,Dr DY Patil Sports Academy,50,48,104.16666666666667
M Shahrukh Khan,Dubai International Cricket Stadium,30,19,157.89473684210526
M Shahrukh Khan,Eden Gardens,21,8,262.5
M Shahrukh Khan,Himachal Pradesh Cricket Association Stadium,47,26,180.76923076923077
M Shahrukh Khan,MA Chidambaram Stadium,24,20,120.0
M Shahrukh Khan,Maharashtra Cricket Association Stadium,15,6,250.0
M Shahrukh Khan,Narendra Modi Stadium,17,22,77.27272727272727
M Shahrukh Khan,Punjab Cricket Association IS Bindra Stadium,46,30,153.33333333333334
M Shahrukh Khan,Rajiv Gandhi International Stadium,4,3,133.33333333333331
M Shahrukh Khan,Sharjah Cricket Stadium,16,11,145.45454545454547
M Shahrukh Khan,Wankhede Stadium,87,60,145.0
M Theekshana,Maharashtra Cricket Association Stadium,7,4,175.0
M Theekshana,Wankhede Stadium,0,3,0.0
M Vijay,Buffalo Park,31,33,93.93939393939394
M Vijay,De Beers Diamond Oval,10,12,83.33333333333334
M Vijay,Dr DY Patil Sports Academy,72,60,120.0
M Vijay,Dr. Y.S. Rajasekhara Reddy ACA-VDCA Cricket Stadium,115,98,117.34693877551021
M Vijay,Dubai International Cricket Stadium,62,57,108.77192982456141
M Vijay,Eden Gardens,128,122,104.91803278688525
M Vijay,Feroz Shah Kotla,133,113,117.69911504424779
M Vijay,Himachal Pradesh Cricket Association Stadium,23,25,92.0
M Vijay,Kingsmead,5,9,55.55555555555556
M Vijay,M Chinnaswamy Stadium,61,57,107.01754385964912
M Vijay,MA Chidambaram Stadium,928,688,134.88372093023256
M Vijay,Maharashtra Cricket Association Stadium,56,54,103.7037037037037
M Vijay,Nehru Stadium,28,18,155.55555555555557
M Vijay,New Wanderers Stadium,14,13,107.6923076923077
M Vijay,Punjab Cricket Association IS Bindra Stadium,272,213,127.69953051643192
M Vijay,Punjab Cricket Association Stadium,175,143,122.37762237762237
M Vijay,Rajiv Gandhi International Stadium,55,41,134.14634146341464
M Vijay,Sardar Patel Stadium,42,28,150.0
M Vijay,Saurashtra Cricket Association Stadium,55,41,134.14634146341464
M Vijay,Sawai Mansingh Stadium,108,95,113.68421052631578
M Vijay,Sharjah Cricket Stadium,79,75,105.33333333333333
M Vijay,Sheikh Zayed Stadium,12,19,63.1578947368421
M Vijay,Subrata Roy Sahara Stadium,8,11,72.72727272727273
M Vijay,Vidarbha Cricket Association Stadium,23,13,176.9230769230769
M Vijay,Wankhede Stadium,103,88,117.04545454545455
M Vohra,Eden Gardens,143,109,131.1926605504587
M Vohra,Feroz Shah Kotla,86,67,128.3582089552239
M Vohra,Himachal Pradesh Cricket Association Stadium,20,8,250.0
M Vohra,Holkar Cricket Stadium,48,30,160.0
M Vohra,M Chinnaswamy Stadium,94,82,114.6341463414634
M Vohra,M.Chinnaswamy Stadium,47,37,127.02702702702702
M Vohra,Punjab Cricket Association IS Bindra Stadium,132,101,130.6930693069307
M Vohra,Punjab Cricket Association Stadium,183,154,118.83116883116882
M Vohra,Rajiv Gandhi International Stadium,195,119,163.8655462184874
M Vohra,Saurashtra Cricket Association Stadium,2,4,50.0
M Vohra,Sawai Mansingh Stadium,3,6,50.0
M Vohra,Subrata Roy Sahara Stadium,43,28,153.57142857142858
M Vohra,Wankhede Stadium,77,72,106.94444444444444
M de Lange,Wankhede Stadium,1,2,50.0
MA Agarwal,Arun Jaitley Stadium,28,31,90.32258064516128
MA Agarwal,Bharat Ratna Shri Atal Bihari Vajpayee Ekana Cricket Stadium,8,7,114.28571428571428
MA Agarwal,Brabourne Stadium,63,50,126.0
MA Agarwal,Dr DY Patil Sports Academy,32,26,123.07692307692308
MA Agarwal,Dr. Y.S. Rajasekhara Reddy ACA-VDCA Cricket Stadium,9,8,112.5
MA Agarwal,Dubai International Cricket Stadium,211,148,142.56756756756758
MA Agarwal,Eden Gardens,88,73,120.54794520547945
MA Agarwal,Feroz Shah Kotla,149,124,120.16129032258065
MA Agarwal,Holkar Cricket Stadium,15,21,71.42857142857143
MA Agarwal,M Chinnaswamy Stadium,220,155,141.93548387096774
MA Agarwal,M.Chinnaswamy Stadium,50,32,156.25
MA Agarwal,MA Chidambaram Stadium,191,158,120.88607594936708
MA Agarwal,Maharashtra Cricket Association Stadium,171,120,142.5
MA Agarwal,Narendra Modi Stadium,130,92,141.30434782608697
MA Agarwal,Nehru Stadium,33,22,150.0
MA Agarwal,Punjab Cricket Association IS Bindra Stadium,243,159,152.83018867924528
MA Agarwal,Punjab Cricket Association Stadium,3,8,37.5
MA Agarwal,Rajiv Gandhi International Stadium,229,188,121.80851063829788
MA Agarwal,Sardar Patel Stadium,17,10,170.0
MA Agarwal,Sawai Mansingh Stadium,37,41,90.2439024390244
MA Agarwal,Sharjah Cricket Stadium,219,131,167.17557251908397
MA Agarwal,Sheikh Zayed Stadium,109,79,137.9746835443038
MA Agarwal,Wankhede Stadium,235,169,139.0532544378698
MA Khote,Dr DY Patil Sports Academy,7,10,70.0
MA Khote,MA Chidambaram Stadium,9,5,180.0
MA Khote,Punjab Cricket Association Stadium,8,7,114.28571428571428
MA Starc,Dubai International Cricket Stadium,8,17,47.05882352941176
MA Starc,Eden Gardens,12,8,150.0
MA Starc,JSCA International Stadium Complex,1,1,100.0
MA Starc,M Chinnaswamy Stadium,45,39,115.38461538461537
MA Starc,MA Chidambaram Stadium,1,7,14.285714285714285
MA Starc,Rajiv Gandhi International Stadium,6,6,100.0
MA Starc,Sheikh Zayed Stadium,18,16,112.5
MA Starc,Wankhede Stadium,5,4,125.0
MA Wood,M Chinnaswamy Stadium,1,2,50.0
MA Wood,MA Chidambaram Stadium,10,3,333.33333333333337
MA Wood,Wankhede Stadium,1,3,33.33333333333333
MC Henriques,Barabati Stadium,11,5,220.00000000000003
MC Henriques,Brabourne Stadium,20,21,95.23809523809523
MC Henriques,Dr. Y.S. Rajasekhara Reddy ACA-VDCA Cricket Stadium,18,15,120.0
MC Henriques,Dubai International Cricket Stadium,3,3,100.0
MC Henriques,Eden Gardens,65,53,122.64150943396226
MC Henriques,Feroz Shah Kotla,93,67,138.80597014925374
MC Henriques,Green Park,4,2,200.0
MC Henriques,JSCA International Stadium Complex,11,11,100.0
MC Henriques,Kingsmead,30,24,125.0
MC Henriques,M Chinnaswamy Stadium,42,41,102.4390243902439
MC Henriques,MA Chidambaram Stadium,14,17,82.35294117647058
MC Henriques,Maharashtra Cricket Association Stadium,55,28,196.42857142857142
MC Henriques,Narendra Modi Stadium,2,3,66.66666666666666
MC Henriques,New Wanderers Stadium,2,8,25.0
MC Henriques,Newlands,6,8,75.0
MC Henriques,Punjab Cricket Association IS Bindra Stadium,7,6,116.66666666666667
MC Henriques,Punjab Cricket Association Stadium,46,39,117.94871794871796
MC Henriques,Rajiv Gandhi International Stadium,365,282,129.43262411347519
MC Henriques,Sardar Patel Stadium,9,13,69.23076923076923
MC Henriques,Sawai Mansingh Stadium,22,18,122.22222222222223
MC Henriques,Shaheed Veer Narayan Singh International Stadium,92,59,155.9322033898305
MC Henriques,Sharjah Cricket Stadium,12,9,133.33333333333331
MC Henriques,Subrata Roy Sahara Stadium,27,13,207.6923076923077
MC Juneja,Eden Gardens,8,9,88.88888888888889
MC Juneja,Feroz Shah Kotla,51,63,80.95238095238095
MC Juneja,Wankhede Stadium,49,40,122.50000000000001
MD Mishra,Barabati Stadium,1,3,33.33333333333333
MD Mishra,Brabourne Stadium,5,6,83.33333333333334
MD Mishra,Dr DY Patil Sports Academy,61,59,103.38983050847457
MD Mishra,Eden Gardens,29,16,181.25
MD Mishra,Feroz Shah Kotla,25,19,131.57894736842107
MD Mishra,Himachal Pradesh Cricket Association Stadium,20,21,95.23809523809523
MD Mishra,M Chinnaswamy Stadium,9,11,81.81818181818183
MD Mishra,MA Chidambaram Stadium,9,9,100.0
MD Mishra,Subrata Roy Sahara Stadium,4,4,100.0
MD Mishra,Vidarbha Cricket Association Stadium,62,48,129.16666666666669
MD Mishra,Wankhede Stadium,12,10,120.0
MD Shanaka,M Chinnaswamy Stadium,0,3,0.0
MD Shanaka,MA Chidambaram Stadium,17,16,106.25
MD Shanaka,Narendra Modi Stadium,9,7,128.57142857142858
MDKJ Perera,Feroz Shah Kotla,14,12,116.66666666666667
MDKJ Perera,Subrata Roy Sahara Stadium,0,1,0.0
MEK Hussey,Brabourne Stadium,39,33,118.18181818181819
MEK Hussey,Dr DY Patil Sports Academy,9,17,52.94117647058824
MEK Hussey,Dubai International Cricket Stadium,17,22,77.27272727272727
MEK Hussey,Eden Gardens,116,127,91.33858267716536
MEK Hussey,Feroz Shah Kotla,151,108,139.8148148148148
MEK Hussey,Himachal Pradesh Cricket Association Stadium,7,10,70.0
MEK Hussey,JSCA International Stadium Complex,56,46,121.73913043478262
MEK Hussey,M Chinnaswamy Stadium,106,88,120.45454545454545
MEK Hussey,MA Chidambaram Stadium,848,674,125.81602373887239
MEK Hussey,Nehru Stadium,8,10,80.0
MEK Hussey,Punjab Cricket Association Stadium,209,125,167.2
MEK Hussey,Rajiv Gandhi International Stadium,67,41,163.41463414634146
MEK Hussey,Sardar Patel Stadium,56,39,143.5897435897436
MEK Hussey,Sawai Mansingh Stadium,105,102,102.94117647058823
MEK Hussey,Sharjah Cricket Stadium,10,18,55.55555555555556
MEK Hussey,Sheikh Zayed Stadium,3,13,23.076923076923077
MEK Hussey,Subrata Roy Sahara Stadium,5,8,62.5
MEK Hussey,Vidarbha Cricket Association Stadium,8,11,72.72727272727273
MEK Hussey,Wankhede Stadium,157,118,133.05084745762713
MF Maharoof,Eden Gardens,12,15,80.0
MF Maharoof,Feroz Shah Kotla,67,44,152.27272727272728
MF Maharoof,M Chinnaswamy Stadium,13,8,162.5
MF Maharoof,New Wanderers Stadium,18,13,138.46153846153845
MF Maharoof,OUTsurance Oval,3,8,37.5
MF Maharoof,Punjab Cricket Association Stadium,19,13,146.15384615384613
MF Maharoof,Sawai Mansingh Stadium,39,16,243.75
MF Maharoof,Wankhede Stadium,6,6,100.0
MG Bracewell,Eden Gardens,19,18,105.55555555555556
MG Bracewell,M Chinnaswamy Stadium,26,16,162.5
MG Bracewell,Rajiv Gandhi International Stadium,4,4,100.0
MG Bracewell,Sawai Mansingh Stadium,9,9,100.0
MG Johnson,Arun Jaitley Stadium,12,6,200.0
MG Johnson,Barabati Stadium,25,18,138.88888888888889
MG Johnson,Eden Gardens,15,17,88.23529411764706
MG Johnson,Feroz Shah Kotla,10,19,52.63157894736842
MG Johnson,M Chinnaswamy Stadium,17,16,106.25
MG Johnson,MA Chidambaram Stadium,1,2,50.0
MG Johnson,Maharashtra Cricket Association Stadium,1,6,16.666666666666664
MG Johnson,Punjab Cricket Association IS Bindra Stadium,1,2,50.0
MG Johnson,Punjab Cricket Association Stadium,12,10,120.0
MG Johnson,Rajiv Gandhi International Stadium,13,14,92.85714285714286
MG Johnson,Sawai Mansingh Stadium,11,9,122.22222222222223
MG Johnson,Sharjah Cricket Stadium,4,6,66.66666666666666
MG Johnson,Sheikh Zayed Stadium,0,1,0.0
MG Johnson,Wankhede Stadium,32,30,106.66666666666667
MJ Clarke,Barabati Stadium,41,31,132.25806451612902
MJ Clarke,Eden Gardens,1,2,50.0
MJ Clarke,Subrata Roy Sahara Stadium,56,61,91.80327868852459
MJ Guptill,Dr. Y.S. Rajasekhara Reddy ACA-VDCA Cricket Stadium,84,61,137.70491803278688
MJ Guptill,Green Park,7,9,77.77777777777779
MJ Guptill,M Chinnaswamy Stadium,9,10,90.0
MJ Guptill,M.Chinnaswamy Stadium,30,23,130.43478260869566
MJ Guptill,Maharashtra Cricket Association Stadium,0,1,0.0
MJ Guptill,Punjab Cricket Association IS Bindra Stadium,87,59,147.45762711864407
MJ Guptill,Rajiv Gandhi International Stadium,2,4,50.0
MJ Guptill,Wankhede Stadium,36,17,211.76470588235296
MJ Lumb,Feroz Shah Kotla,0,2,0.0
MJ Lumb,M Chinnaswamy Stadium,10,17,58.82352941176471
MJ Lumb,MA Chidambaram Stadium,37,26,142.30769230769232
MJ Lumb,Punjab Cricket Association Stadium,41,30,136.66666666666666
MJ Lumb,Sardar Patel Stadium,75,49,153.0612244897959
MJ Lumb,Sawai Mansingh Stadium,100,55,181.8181818181818
MJ Lumb,Vidarbha Cricket Association Stadium,15,10,150.0
MJ Lumb,Wankhede Stadium,0,2,0.0
MJ McClenaghan,Dr. Y.S. Rajasekhara Reddy ACA-VDCA Cricket Stadium,12,13,92.3076923076923
MJ McClenaghan,Eden Gardens,20,8,250.0
MJ McClenaghan,Feroz Shah Kotla,0,1,0.0
MJ McClenaghan,M Chinnaswamy Stadium,0,1,0.0
MJ McClenaghan,M.Chinnaswamy Stadium,1,4,25.0
MJ McClenaghan,Punjab Cricket Association IS Bindra Stadium,0,2,0.0
MJ McClenaghan,Rajiv Gandhi International Stadium,2,3,66.66666666666666
MJ McClenaghan,Sawai Mansingh Stadium,0,1,0.0
MJ McClenaghan,Wankhede Stadium,49,35,140.0
MJ Santner,Brabourne Stadium,1,2,50.0
MJ Santner,Dr DY Patil Sports Academy,11,9,122.22222222222223
MJ Santner,MA Chidambaram Stadium,23,20,114.99999999999999
MJ Santner,Narendra Modi Stadium,1,3,33.33333333333333
MJ Santner,Sawai Mansingh Stadium,10,3,333.33333333333337
MJ Santner,Wankhede Stadium,10,16,62.5
MK Lomror,Arun Jaitley Stadium,62,32,193.75
MK Lomror,Bharat Ratna Shri Atal Bihari Vajpayee Ekana Cricket Stadium,3,4,75.0
MK Lomror,Brabourne Stadium,22,11,200.0
MK Lomror,Dubai International Cricket Stadium,75,49,153.0612244897959
MK Lomror,Eden Gardens,14,9,155.55555555555557
MK Lomror,M Chinnaswamy Stadium,69,49,140.81632653061226
MK Lomror,Maharashtra Cricket Association Stadium,42,27,155.55555555555557
MK Lomror,Narendra Modi Stadium,8,10,80.0
MK Lomror,Punjab Cricket Association IS Bindra Stadium,7,9,77.77777777777779
MK Lomror,Sawai Mansingh Stadium,21,23,91.30434782608695
MK Lomror,Sharjah Cricket Stadium,1,2,50.0
MK Lomror,Sheikh Zayed Stadium,58,52,111.53846153846155
MK Lomror,Wankhede Stadium,1,3,33.33333333333333
MK Lomror,Zayed Cricket Stadium,19,24,79.16666666666666
MK Pandey,Arun Jaitley Stadium,150,125,120.0
MK Pandey,Barabati Stadium,50,57,87.71929824561403
MK Pandey,Barsapara Cricket Stadium,0,1,0.0
MK Pandey,Brabourne Stadium,104,83,125.30120481927712
MK Pandey,Dr DY Patil Sports Academy,130,119,109.24369747899159
MK Pandey,Dr. Y.S. Rajasekhara Reddy ACA-VDCA Cricket Stadium,63,60,105.0
MK Pandey,Dubai International Cricket Stadium,329,268,122.76119402985076
MK Pandey,Eden Gardens,591,491,120.36659877800406
MK Pandey,Feroz Shah Kotla,128,94,136.17021276595744
MK Pandey,Green Park,1,3,33.33333333333333
MK Pandey,JSCA International Stadium Complex,67,49,136.73469387755102
MK Pandey,Kingsmead,2,2,100.0
MK Pandey,M Chinnaswamy Stadium,331,263,125.8555133079848
MK Pandey,M.Chinnaswamy Stadium,71,50,142.0
MK Pandey,MA Chidambaram Stadium,265,218,121.55963302752293
MK Pandey,Maharashtra Cricket Association Stadium,24,18,133.33333333333331
MK Pandey,Narendra Modi Stadium,1,4,25.0
MK Pandey,New Wanderers Stadium,52,42,123.80952380952381
MK Pandey,Punjab Cricket Association IS Bindra Stadium,106,91,116.4835164835165
MK Pandey,Punjab Cricket Association Stadium,57,57,100.0
MK Pandey,Rajiv Gandhi International Stadium,352,327,107.64525993883791
MK Pandey,Sardar Patel Stadium,0,0,
MK Pandey,Sawai Mansingh Stadium,124,101,122.77227722772277
MK Pandey,Sharjah Cricket Stadium,74,64,115.625
MK Pandey,Sheikh Zayed Stadium,171,141,121.27659574468086
MK Pandey,Subrata Roy Sahara Stadium,152,127,119.68503937007875
MK Pandey,SuperSport Park,114,73,156.16438356164383
MK Pandey,Vidarbha Cricket Association Stadium,0,1,0.0
MK Pandey,Wankhede Stadium,134,106,126.41509433962264
MK Pandey,Zayed Cricket Stadium,69,40,172.5
MK Tiwary,Barabati Stadium,30,28,107.14285714285714
MK Tiwary,Dr DY Patil Sports Academy,24,25,96.0
MK Tiwary,Dubai International Cricket Stadium,31,19,163.1578947368421
MK Tiwary,Eden Gardens,515,460,111.95652173913044
MK Tiwary,Feroz Shah Kotla,227,178,127.52808988764043
MK Tiwary,Holkar Cricket Stadium,40,23,173.91304347826087
MK Tiwary,JSCA International Stadium Complex,24,29,82.75862068965517
MK Tiwary,Kingsmead,9,13,69.23076923076923
MK Tiwary,M Chinnaswamy Stadium,71,58,122.41379310344827
MK Tiwary,MA Chidambaram Stadium,76,62,122.58064516129032
MK Tiwary,Maharashtra Cricket Association Stadium,97,77,125.97402597402598
MK Tiwary,Nehru Stadium,1,7,14.285714285714285
MK Tiwary,Punjab Cricket Association Stadium,123,98,125.51020408163265
MK Tiwary,Rajiv Gandhi International Stadium,50,44,113.63636363636364
MK Tiwary,Sardar Patel Stadium,72,57,126.3157894736842
MK Tiwary,Saurashtra Cricket Association Stadium,31,27,114.81481481481481
MK Tiwary,Sawai Mansingh Stadium,80,70,114.28571428571428
MK Tiwary,Sharjah Cricket Stadium,1,3,33.33333333333333
MK Tiwary,Sheikh Zayed Stadium,0,2,0.0
MK Tiwary,Subrata Roy Sahara Stadium,23,19,121.05263157894737
MK Tiwary,Wankhede Stadium,170,145,117.24137931034481
ML Hayden,Brabourne Stadium,20,12,166.66666666666669
ML Hayden,Buffalo Park,43,26,165.3846153846154
ML Hayden,De Beers Diamond Oval,48,44,109.09090909090908
ML Hayden,Dr DY Patil Sports Academy,25,40,62.5
ML Hayden,Eden Gardens,1,8,12.5
ML Hayden,Feroz Shah Kotla,93,43,216.27906976744185
ML Hayden,Himachal Pradesh Cricket Association Stadium,5,8,62.5
ML Hayden,Kingsmead,166,98,169.3877551020408
ML Hayden,M Chinnaswamy Stadium,45,47,95.74468085106383
ML Hayden,MA Chidambaram Stadium,250,176,142.04545454545453
ML Hayden,New Wanderers Stadium,56,38,147.36842105263156
ML Hayden,Newlands,44,35,125.71428571428571
ML Hayden,Punjab Cricket Association Stadium,25,16,156.25
ML Hayden,Sardar Patel Stadium,19,14,135.71428571428572
ML Hayden,St George's Park,125,92,135.8695652173913
ML Hayden,SuperSport Park,90,60,150.0
ML Hayden,Vidarbha Cricket Association Stadium,19,18,105.55555555555556
MM Ali,Arun Jaitley Stadium,74,47,157.4468085106383
MM Ali,Brabourne Stadium,128,81,158.02469135802468
MM Ali,Dr DY Patil Sports Academy,60,47,127.65957446808511
MM Ali,Dubai International Cricket Stadium,70,64,109.375
MM Ali,Eden Gardens,66,28,235.71428571428572
MM Ali,M Chinnaswamy Stadium,19,7,271.42857142857144
MM Ali,M.Chinnaswamy Stadium,140,82,170.73170731707316
MM Ali,MA Chidambaram Stadium,68,60,113.33333333333333
MM Ali,Maharashtra Cricket Association Stadium,35,30,116.66666666666667
MM Ali,Narendra Modi Stadium,23,16,143.75
MM Ali,Rajiv Gandhi International Stadium,12,15,80.0
MM Ali,Sawai Mansingh Stadium,42,23,182.6086956521739
MM Ali,Sharjah Cricket Stadium,40,35,114.28571428571428
MM Ali,Sheikh Zayed Stadium,0,1,0.0
MM Ali,Wankhede Stadium,204,138,147.82608695652172
MM Ali,Zayed Cricket Stadium,53,45,117.77777777777779
MM Patel,De Beers Diamond Oval,5,7,71.42857142857143
MM Patel,Dr DY Patil Sports Academy,0,1,0.0
MM Patel,Green Park,0,1,0.0
MM Patel,Kingsmead,5,6,83.33333333333334
MM Patel,M Chinnaswamy Stadium,0,2,0.0
MM Patel,Newlands,0,2,0.0
MM Patel,OUTsurance Oval,23,10,229.99999999999997
MM Patel,Punjab Cricket Association Stadium,0,1,0.0
MM Patel,Sardar Patel Stadium,4,3,133.33333333333331
MM Patel,SuperSport Park,0,1,0.0
MM Patel,Wankhede Stadium,2,7,28.57142857142857
MM Sharma,Eden Gardens,32,19,168.42105263157893
MM Sharma,Feroz Shah Kotla,28,22,127.27272727272727
MM Sharma,Holkar Cricket Stadium,7,8,87.5
MM Sharma,M Chinnaswamy Stadium,22,22,100.0
MM Sharma,M.Chinnaswamy Stadium,1,2,50.0
MM Sharma,MA Chidambaram Stadium,2,1,200.0
MM Sharma,Maharashtra Cricket Association Stadium,8,15,53.333333333333336
MM Sharma,Narendra Modi Stadium,0,1,0.0
MM Sharma,Punjab Cricket Association IS Bindra Stadium,3,7,42.857142857142854
MM Sharma,Rajiv Gandhi International Stadium,10,5,200.0
MM Sharma,Saurashtra Cricket Association Stadium,5,5,100.0
MM Sharma,Wankhede Stadium,4,11,36.36363636363637
MN Samuels,Barabati Stadium,1,1,100.0
MN Samuels,Feroz Shah Kotla,28,27,103.7037037037037
MN Samuels,Green Park,1,4,25.0
MN Samuels,M Chinnaswamy Stadium,34,20,170.0
MN Samuels,MA Chidambaram Stadium,26,24,108.33333333333333
MN Samuels,Punjab Cricket Association Stadium,2,12,16.666666666666664
MN Samuels,Rajiv Gandhi International Stadium,5,9,55.55555555555556
MN Samuels,Subrata Roy Sahara Stadium,60,71,84.50704225352112
MN Samuels,Wankhede Stadium,4,4,100.0
MN van Wyk,Buffalo Park,32,35,91.42857142857143
MN van Wyk,Kingsmead,117,82,142.6829268292683
MN van Wyk,New Wanderers Stadium,0,2,0.0
MN van Wyk,St George's Park,18,12,150.0
MP Stoinis,Arun Jaitley Stadium,32,24,133.33333333333331
MP Stoinis,Bharat Ratna Shri Atal Bihari Vajpayee Ekana Cricket Stadium,139,101,137.6237623762376
MP Stoinis,Brabourne Stadium,37,26,142.30769230769232
MP Stoinis,Dr DY Patil Sports Academy,24,15,160.0
MP Stoinis,Dubai International Cricket Stadium,157,113,138.93805309734512
MP Stoinis,Eden Gardens,35,34,102.94117647058823
MP Stoinis,Holkar Cricket Stadium,55,37,148.64864864864865
MP Stoinis,M Chinnaswamy Stadium,65,30,216.66666666666666
MP Stoinis,M.Chinnaswamy Stadium,114,86,132.5581395348837
MP Stoinis,MA Chidambaram Stadium,61,45,135.55555555555557
MP Stoinis,Maharashtra Cricket Association Stadium,31,20,155.0
MP Stoinis,Narendra Modi Stadium,32,29,110.34482758620689
MP Stoinis,Punjab Cricket Association IS Bindra Stadium,241,157,153.50318471337582
MP Stoinis,Rajiv Gandhi International Stadium,40,25,160.0
MP Stoinis,Saurashtra Cricket Association Stadium,34,26,130.76923076923077
MP Stoinis,Sawai Mansingh Stadium,63,60,105.0
MP Stoinis,Sharjah Cricket Stadium,82,70,117.14285714285715
MP Stoinis,Sheikh Zayed Stadium,78,55,141.8181818181818
MP Stoinis,Wankhede Stadium,97,66,146.96969696969697
MR Marsh,Arun Jaitley Stadium,98,73,134.24657534246575
MR Marsh,Bharat Ratna Shri Atal Bihari Vajpayee Ekana Cricket Stadium,0,1,0.0
MR Marsh,Brabourne Stadium,10,7,142.85714285714286
MR Marsh,Dr DY Patil Sports Academy,225,173,130.0578034682081
MR Marsh,Dubai International Cricket Stadium,0,1,0.0
MR Marsh,Feroz Shah Kotla,13,19,68.42105263157895
MR Marsh,Himachal Pradesh Cricket Association Stadium,15,11,136.36363636363635
MR Marsh,M Chinnaswamy Stadium,24,27,88.88888888888889
MR Marsh,MA Chidambaram Stadium,7,8,87.5
MR Marsh,Maharashtra Cricket Association Stadium,14,13,107.6923076923077
MR Marsh,Punjab Cricket Association Stadium,2,6,33.33333333333333
MR Marsh,Rajiv Gandhi International Stadium,32,18,177.77777777777777
MR Marsh,Saurashtra Cricket Association Stadium,7,11,63.63636363636363
MR Marsh,Sawai Mansingh Stadium,35,21,166.66666666666669
MR Marsh,Subrata Roy Sahara Stadium,20,16,125.0
MR Marsh,Wankhede Stadium,102,78,130.76923076923077
MS Bisla,Barabati Stadium,10,20,50.0
MS Bisla,Brabourne Stadium,11,10,110.00000000000001
MS Bisla,Eden Gardens,231,228,101.3157894736842
MS Bisla,JSCA International Stadium Complex,1,6,16.666666666666664
MS Bisla,M Chinnaswamy Stadium,159,114,139.4736842105263
MS Bisla,MA Chidambaram Stadium,208,137,151.82481751824815
MS Bisla,Punjab Cricket Association Stadium,98,89,110.1123595505618
MS Bisla,Rajiv Gandhi International Stadium,15,18,83.33333333333334
MS Bisla,Sawai Mansingh Stadium,22,21,104.76190476190477
MS Bisla,Shaheed Veer Narayan Singh International Stadium,4,7,57.14285714285714
MS Bisla,Subrata Roy Sahara Stadium,12,13,92.3076923076923
MS Bisla,Wankhede Stadium,17,19,89.47368421052632
MS Dhoni,Arun Jaitley Stadium,54,61,88.52459016393442
MS Dhoni,Barabati Stadium,23,20,114.99999999999999
MS Dhoni,Brabourne Stadium,65,61,106.55737704918033
MS Dhoni,Buffalo Park,58,37,156.75675675675674
MS Dhoni,Dr DY Patil Sports Academy,133,91,146.15384615384613
MS Dhoni,Dr. Y.S. Rajasekhara Reddy ACA-VDCA Cricket Stadium,110,70,157.14285714285714
MS Dhoni,Dubai International Cricket Stadium,183,163,112.26993865030674
MS Dhoni,Eden Gardens,280,208,134.6153846153846
MS Dhoni,Feroz Shah Kotla,132,104,126.92307692307692
MS Dhoni,Himachal Pradesh Cricket Association Stadium,60,45,133.33333333333331
MS Dhoni,Holkar Cricket Stadium,5,11,45.45454545454545
MS Dhoni,JSCA International Stadium Complex,138,109,126.60550458715596
MS Dhoni,Kingsmead,47,51,92.15686274509804
MS Dhoni,M Chinnaswamy Stadium,310,175,177.14285714285714
MS Dhoni,M.Chinnaswamy Stadium,154,81,190.12345679012347
MS Dhoni,MA Chidambaram Stadium,1445,984,146.84959349593495
MS Dhoni,Maharashtra Cricket Association Stadium,431,312,138.14102564102564
MS Dhoni,Narendra Modi Stadium,14,8,175.0
MS Dhoni,Nehru Stadium,14,13,107.6923076923077
MS Dhoni,New Wanderers Stadium,34,37,91.8918918918919
MS Dhoni,Newlands,36,26,138.46153846153845
MS Dhoni,Punjab Cricket Association IS Bindra Stadium,90,58,155.17241379310346
MS Dhoni,Punjab Cricket Association Stadium,70,38,184.21052631578948
MS Dhoni,Rajiv Gandhi International Stadium,134,101,132.67326732673268
MS Dhoni,Sardar Patel Stadium,52,56,92.85714285714286
MS Dhoni,Saurashtra Cricket Association Stadium,27,18,150.0
MS Dhoni,Sawai Mansingh Stadium,145,111,130.63063063063063
MS Dhoni,Shaheed Veer Narayan Singh International Stadium,27,24,112.5
MS Dhoni,Sharjah Cricket Stadium,86,72,119.44444444444444
MS Dhoni,Sheikh Zayed Stadium,97,68,142.64705882352942
MS Dhoni,St George's Park,39,36,108.33333333333333
MS Dhoni,Subrata Roy Sahara Stadium,71,43,165.11627906976744
MS Dhoni,SuperSport Park,118,74,159.45945945945945
MS Dhoni,Vidarbha Cricket Association Stadium,7,13,53.84615384615385
MS Dhoni,Wankhede Stadium,392,335,117.01492537313433
MS Dhoni,Zayed Cricket Stadium,1,4,25.0
MS Gony,Dr. Y.S. Rajasekhara Reddy ACA-VDCA Cricket Stadium,4,8,50.0
MS Gony,Feroz Shah Kotla,13,5,260.0
MS Gony,Kingsmead,13,7,185.71428571428572
MS Gony,MA Chidambaram Stadium,21,14,150.0
MS Gony,Nehru Stadium,0,1,0.0
MS Gony,Punjab Cricket Association Stadium,45,21,214.28571428571428
MS Gony,Rajiv Gandhi International Stadium,0,1,0.0
MS Gony,Sawai Mansingh Stadium,1,4,25.0
MS Gony,Wankhede Stadium,0,3,0.0
MS Wade,Brabourne Stadium,6,7,85.71428571428571
MS Wade,Dr DY Patil Sports Academy,34,29,117.24137931034481
MS Wade,Eden Gardens,35,30,116.66666666666667
MS Wade,Feroz Shah Kotla,8,9,88.88888888888889
MS Wade,Maharashtra Cricket Association Stadium,11,9,122.22222222222223
MS Wade,Narendra Modi Stadium,8,10,80.0
MS Wade,Wankhede Stadium,66,57,115.78947368421053
MV Boucher,Eden Gardens,50,40,125.0
MV Boucher,Feroz Shah Kotla,31,17,182.35294117647058
MV Boucher,Kingsmead,32,22,145.45454545454547
MV Boucher,M Chinnaswamy Stadium,63,66,95.45454545454545
MV Boucher,MA Chidambaram Stadium,17,15,113.33333333333333
MV Boucher,Nehru Stadium,5,4,125.0
MV Boucher,New Wanderers Stadium,15,14,107.14285714285714
MV Boucher,Punjab Cricket Association Stadium,39,32,121.875
MV Boucher,St George's Park,84,61,137.70491803278688
MV Boucher,SuperSport Park,19,17,111.76470588235294
MV Boucher,Wankhede Stadium,39,19,205.26315789473685
MW Short,Bharat Ratna Shri Atal Bihari Vajpayee Ekana Cricket Stadium,34,22,154.54545454545453
MW Short,Punjab Cricket Association IS Bindra Stadium,71,57,124.56140350877195
MW Short,Rajiv Gandhi International Stadium,1,3,33.33333333333333
MW Short,Wankhede Stadium,11,10,110.00000000000001
Mandeep Singh,Arun Jaitley Stadium,55,52,105.76923076923077
Mandeep Singh,Barabati Stadium,3,11,27.27272727272727
Mandeep Singh,Brabourne Stadium,0,7,0.0
Mandeep Singh,Dubai International Cricket Stadium,50,36,138.88888888888889
Mandeep Singh,Eden Gardens,140,94,148.93617021276594
Mandeep Singh,Feroz Shah Kotla,45,31,145.16129032258064
Mandeep Singh,Himachal Pradesh Cricket Association Stadium,43,42,102.38095238095238
Mandeep Singh,Holkar Cricket Stadium,43,44,97.72727272727273
Mandeep Singh,JSCA International Stadium Complex,4,7,57.14285714285714
Mandeep Singh,M Chinnaswamy Stadium,215,164,131.09756097560975
Mandeep Singh,M.Chinnaswamy Stadium,171,114,150.0
Mandeep Singh,MA Chidambaram Stadium,72,66,109.09090909090908
Mandeep Singh,Maharashtra Cricket Association Stadium,79,63,125.39682539682539
Mandeep Singh,Punjab Cricket Association IS Bindra Stadium,87,72,120.83333333333333
Mandeep Singh,Punjab Cricket Association Stadium,274,229,119.65065502183405
Mandeep Singh,Rajiv Gandhi International Stadium,131,101,129.7029702970297
Mandeep Singh,Sawai Mansingh Stadium,44,39,112.82051282051282
Mandeep Singh,Sharjah Cricket Stadium,66,56,117.85714285714286
Mandeep Singh,Sheikh Zayed Stadium,14,17,82.35294117647058
Mandeep Singh,Subrata Roy Sahara Stadium,55,48,114.58333333333333
Mandeep Singh,Wankhede Stadium,73,59,123.72881355932203
Mandeep Singh,Zayed Cricket Stadium,15,13,115.38461538461537
Mashrafe Mortaza,New Wanderers Stadium,2,2,100.0
Misbah-ul-Haq,M Chinnaswamy Stadium,58,38,152.63157894736844
Misbah-ul-Haq,MA Chidambaram Stadium,4,6,66.66666666666666
Misbah-ul-Haq,Punjab Cricket Association Stadium,21,8,262.5
Misbah-ul-Haq,Rajiv Gandhi International Stadium,34,28,121.42857142857142
Misbah-ul-Haq,Sawai Mansingh Stadium,0,1,0.0
Mohammad Ashraful,SuperSport Park,2,10,20.0
Mohammad Asif,Dr DY Patil Sports Academy,0,1,0.0
Mohammad Asif,Wankhede Stadium,3,5,60.0
Mohammad Hafeez,Eden Gardens,25,33,75.75757575757575
Mohammad Hafeez,M Chinnaswamy Stadium,5,3,166.66666666666669
Mohammad Hafeez,MA Chidambaram Stadium,16,24,66.66666666666666
Mohammad Hafeez,Punjab Cricket Association Stadium,13,12,108.33333333333333
Mohammad Hafeez,Wankhede Stadium,5,11,45.45454545454545
Mohammad Nabi,Arun Jaitley Stadium,34,14,242.85714285714283
Mohammad Nabi,Dr. Y.S. Rajasekhara Reddy ACA-VDCA Cricket Stadium,20,12,166.66666666666669
Mohammad Nabi,M.Chinnaswamy Stadium,4,3,133.33333333333331
Mohammad Nabi,MA Chidambaram Stadium,14,11,127.27272727272727
Mohammad Nabi,Punjab Cricket Association IS Bindra Stadium,12,7,171.42857142857142
Mohammad Nabi,Rajiv Gandhi International Stadium,37,29,127.58620689655173
Mohammad Nabi,Sheikh Zayed Stadium,11,8,137.5
Mohammad Nabi,Wankhede Stadium,14,10,140.0
Mohammad Nabi,Zayed Cricket Stadium,3,4,75.0
Mohammed Shami,Dubai International Cricket Stadium,0,1,0.0
Mohammed Shami,Eden Gardens,7,6,116.66666666666667
Mohammed Shami,Feroz Shah Kotla,33,24,137.5
Mohammed Shami,Green Park,4,2,200.0
Mohammed Shami,M Chinnaswamy Stadium,1,1,100.0
Mohammed Shami,MA Chidambaram Stadium,8,8,100.0
Mohammed Shami,Narendra Modi Stadium,1,3,33.33333333333333
Mohammed Shami,Punjab Cricket Association IS Bindra Stadium,2,5,40.0
Mohammed Shami,Punjab Cricket Association Stadium,0,1,0.0
Mohammed Shami,Rajiv Gandhi International Stadium,1,1,100.0
Mohammed Shami,Sawai Mansingh Stadium,5,10,50.0
Mohammed Shami,Sheikh Zayed Stadium,3,5,60.0
Mohammed Shami,Wankhede Stadium,9,12,75.0
Mohammed Siraj,Bharat Ratna Shri Atal Bihari Vajpayee Ekana Cricket Stadium,0,1,0.0
Mohammed Siraj,Brabourne Stadium,11,17,64.70588235294117
Mohammed Siraj,Dr DY Patil Sports Academy,14,11,127.27272727272727
Mohammed Siraj,Dubai International Cricket Stadium,5,4,125.0
Mohammed Siraj,M Chinnaswamy Stadium,1,1,100.0
Mohammed Siraj,M.Chinnaswamy Stadium,1,4,25.0
Mohammed Siraj,MA Chidambaram Stadium,0,2,0.0
Mohammed Siraj,Maharashtra Cricket Association Stadium,8,12,66.66666666666666
Mohammed Siraj,Narendra Modi Stadium,0,1,0.0
Mohammed Siraj,Rajiv Gandhi International Stadium,3,7,42.857142857142854
Mohammed Siraj,Sawai Mansingh Stadium,14,12,116.66666666666667
Mohammed Siraj,Sharjah Cricket Stadium,2,3,66.66666666666666
Mohammed Siraj,Sheikh Zayed Stadium,10,7,142.85714285714286
Mohammed Siraj,Wankhede Stadium,20,17,117.64705882352942
Mohammed Siraj,Zayed Cricket Stadium,8,10,80.0
Mohit Rathee,Rajiv Gandhi International Stadium,1,2,50.0
Mohsin Khan,Brabourne Stadium,9,7,128.57142857142858
Mohsin Khan,MA Chidambaram Stadium,0,7,0.0
Mohsin Khan,Maharashtra Cricket Association Stadium,14,9,155.55555555555557
Mujeeb Ur Rahman,Dubai International Cricket Stadium,1,3,33.33333333333333
Mujeeb Ur Rahman,M.Chinnaswamy Stadium,0,2,0.0
Mujeeb Ur Rahman,MA Chidambaram Stadium,1,1,100.0
Mujeeb Ur Rahman,Punjab Cricket Association IS Bindra Stadium,0,1,0.0
Mujeeb Ur Rahman,Rajiv Gandhi International Stadium,10,8,125.0
Mukesh Choudhary,Brabourne Stadium,2,2,100.0
Mukesh Choudhary,Wankhede Stadium,4,4,100.0
Mukesh Kumar,Arun Jaitley Stadium,6,7,85.71428571428571
Mukesh Kumar,Barsapara Cricket Stadium,1,1,100.0
Mukesh Kumar,Bharat Ratna Shri Atal Bihari Vajpayee Ekana Cricket Stadium,0,1,0.0
Mustafizur Rahman,Arun Jaitley Stadium,1,1,100.0
Mustafizur Rahman,Maharashtra Cricket Association Stadium,3,5,60.0
Mustafizur Rahman,Sharjah Cricket Stadium,8,10,80.0
Mustafizur Rahman,Wankhede Stadium,1,7,14.285714285714285
N Jagadeesan,Brabourne Stadium,1,4,25.0
N Jagadeesan,Dubai International Cricket Stadium,33,28,117.85714285714286
N Jagadeesan,Eden Gardens,56,39,143.5897435897436
N Jagadeesan,M Chinnaswamy Stadium,27,29,93.10344827586206
N Jagadeesan,Narendra Modi Stadium,6,8,75.0
N Jagadeesan,Sharjah Cricket Stadium,0,1,0.0
N Jagadeesan,Wankhede Stadium,39,38,102.63157894736842
N Pooran,Bharat Ratna Shri Atal Bihari Vajpayee Ekana Cricket Stadium,65,50,130.0
N Pooran,Brabourne Stadium,67,42,159.52380952380955
N Pooran,Dr DY Patil Sports Academy,108,74,145.94594594594594
N Pooran,Dubai International Cricket Stadium,256,157,163.05732484076435
N Pooran,Eden Gardens,58,30,193.33333333333334
N Pooran,M Chinnaswamy Stadium,62,19,326.3157894736842
N Pooran,M.Chinnaswamy Stadium,46,28,164.28571428571428
N Pooran,MA Chidambaram Stadium,32,19,168.42105263157893
N Pooran,Maharashtra Cricket Association Stadium,66,45,146.66666666666666
N Pooran,Narendra Modi Stadium,22,28,78.57142857142857
N Pooran,Punjab Cricket Association IS Bindra Stadium,134,74,181.08108108108107
N Pooran,Rajiv Gandhi International Stadium,65,23,282.60869565217394
N Pooran,Sawai Mansingh Stadium,41,34,120.58823529411764
N Pooran,Sharjah Cricket Stadium,44,23,191.30434782608697
N Pooran,Sheikh Zayed Stadium,84,52,161.53846153846155
N Pooran,Wankhede Stadium,74,62,119.35483870967742
N Pooran,Zayed Cricket Stadium,2,3,66.66666666666666
N Rana,Arun Jaitley Stadium,12,14,85.71428571428571
N Rana,Brabourne Stadium,102,67,152.23880597014926
N Rana,Dr DY Patil Sports Academy,97,59,164.40677966101697
N Rana,Dr. Y.S. Rajasekhara Reddy ACA-VDCA Cricket Stadium,25,28,89.28571428571429
N Rana,Dubai International Cricket Stadium,165,131,125.95419847328245
N Rana,Eden Gardens,638,454,140.5286343612335
N Rana,Green Park,70,35,200.0
N Rana,Holkar Cricket Stadium,73,38,192.10526315789474
N Rana,M Chinnaswamy Stadium,68,48,141.66666666666669
N Rana,M.Chinnaswamy Stadium,52,33,157.57575757575756
N Rana,MA Chidambaram Stadium,228,175,130.2857142857143
N Rana,Maharashtra Cricket Association Stadium,70,62,112.90322580645163
N Rana,Narendra Modi Stadium,60,42,142.85714285714286
N Rana,Punjab Cricket Association IS Bindra Stadium,24,17,141.1764705882353
N Rana,Rajiv Gandhi International Stadium,69,57,121.05263157894737
N Rana,Sawai Mansingh Stadium,35,27,129.62962962962962
N Rana,Sharjah Cricket Stadium,151,118,127.96610169491525
N Rana,Sheikh Zayed Stadium,147,105,140.0
N Rana,Wankhede Stadium,417,334,124.8502994011976
N Rana,Zayed Cricket Stadium,42,29,144.82758620689654
N Saini,Feroz Shah Kotla,15,15,100.0
N Saini,Himachal Pradesh Cricket Association Stadium,1,4,25.0
N Saini,M Chinnaswamy Stadium,50,36,138.88888888888889
N Saini,MA Chidambaram Stadium,6,4,150.0
N Saini,Punjab Cricket Association Stadium,36,52,69.23076923076923
N Saini,Rajiv Gandhi International Stadium,2,4,50.0
N Saini,Wankhede Stadium,30,25,120.0
N Wadhera,Bharat Ratna Shri Atal Bihari Vajpayee Ekana Cricket Stadium,16,20,80.0
N Wadhera,M Chinnaswamy Stadium,21,13,161.53846153846155
N Wadhera,MA Chidambaram Stadium,87,63,138.0952380952381
N Wadhera,Narendra Modi Stadium,44,24,183.33333333333331
N Wadhera,Wankhede Stadium,73,45,162.22222222222223
ND Doshi,Holkar Cricket Stadium,0,13,0.0
NJ Maddinson,Dubai International Cricket Stadium,12,8,150.0
NJ Maddinson,MA Chidambaram Stadium,4,7,57.14285714285714
NJ Maddinson,Sharjah Cricket Stadium,4,6,66.66666666666666
NJ Rimmington,Dr DY Patil Sports Academy,1,1,100.0
NK Patel,Dr DY Patil Sports Academy,2,11,18.181818181818183
NK Patel,Kingsmead,14,22,63.63636363636363
NK Patel,Newlands,4,16,25.0
NK Patel,Punjab Cricket Association Stadium,57,39,146.15384615384613
NK Patel,Sawai Mansingh Stadium,44,31,141.93548387096774
NL McCullum,MA Chidambaram Stadium,15,16,93.75
NL McCullum,Sawai Mansingh Stadium,11,6,183.33333333333331
NLTC Perera,Dr. Y.S. Rajasekhara Reddy ACA-VDCA Cricket Stadium,40,27,148.14814814814815
NLTC Perera,Eden Gardens,49,36,136.11111111111111
NLTC Perera,Feroz Shah Kotla,30,20,150.0
NLTC Perera,M Chinnaswamy Stadium,54,31,174.19354838709677
NLTC Perera,Maharashtra Cricket Association Stadium,72,45,160.0
NLTC Perera,Nehru Stadium,22,23,95.65217391304348
NLTC Perera,Punjab Cricket Association IS Bindra Stadium,8,9,88.88888888888889
NLTC Perera,Punjab Cricket Association Stadium,32,19,168.42105263157893
NLTC Perera,Rajiv Gandhi International Stadium,97,65,149.23076923076923
NLTC Perera,Sawai Mansingh Stadium,5,8,62.5
NLTC Perera,Subrata Roy Sahara Stadium,0,4,0.0
NLTC Perera,Wankhede Stadium,6,10,60.0
NM Coulter-Nile,Brabourne Stadium,6,2,300.0
NM Coulter-Nile,Dr. Y.S. Rajasekhara Reddy ACA-VDCA Cricket Stadium,2,3,66.66666666666666
NM Coulter-Nile,Eden Gardens,15,19,78.94736842105263
NM Coulter-Nile,Feroz Shah Kotla,6,10,60.0
NM Coulter-Nile,Himachal Pradesh Cricket Association Stadium,9,6,150.0
NM Coulter-Nile,M Chinnaswamy Stadium,6,4,150.0
NM Coulter-Nile,MA Chidambaram Stadium,5,4,125.0
NM Coulter-Nile,Maharashtra Cricket Association Stadium,1,2,50.0
NM Coulter-Nile,Sharjah Cricket Stadium,2,5,40.0
NM Coulter-Nile,Wankhede Stadium,3,2,150.0
NM Coulter-Nile,Zayed Cricket Stadium,3,3,100.0
NS Naik,Punjab Cricket Association IS Bindra Stadium,1,3,33.33333333333333
NS Naik,Rajiv Gandhi International Stadium,22,28,78.57142857142857
NS Naik,Sheikh Zayed Stadium,1,3,33.33333333333333
NT Ellis,Brabourne Stadium,0,2,0.0
NT Ellis,Punjab Cricket Association IS Bindra Stadium,1,2,50.0
NT Ellis,Rajiv Gandhi International Stadium,0,5,0.0
NT Ellis,Sharjah Cricket Stadium,12,12,100.0
NT Ellis,Zayed Cricket Stadium,6,4,150.0
NV Ojha,Brabourne Stadium,20,18,111.11111111111111
NV Ojha,De Beers Diamond Oval,16,16,100.0
NV Ojha,Dr DY Patil Sports Academy,11,9,122.22222222222223
NV Ojha,Dr. Y.S. Rajasekhara Reddy ACA-VDCA Cricket Stadium,62,54,114.81481481481481
NV Ojha,Dubai International Cricket Stadium,10,4,250.0
NV Ojha,Eden Gardens,79,93,84.94623655913979
NV Ojha,Feroz Shah Kotla,228,188,121.27659574468086
NV Ojha,Himachal Pradesh Cricket Association Stadium,33,34,97.05882352941177
NV Ojha,JSCA International Stadium Complex,19,18,105.55555555555556
NV Ojha,Kingsmead,91,67,135.82089552238804
NV Ojha,M Chinnaswamy Stadium,87,79,110.12658227848102
NV Ojha,MA Chidambaram Stadium,144,95,151.57894736842107
NV Ojha,Nehru Stadium,0,3,0.0
NV Ojha,OUTsurance Oval,9,17,52.94117647058824
NV Ojha,Punjab Cricket Association Stadium,41,35,117.14285714285715
NV Ojha,Rajiv Gandhi International Stadium,343,255,134.50980392156865
NV Ojha,Sardar Patel Stadium,162,117,138.46153846153845
NV Ojha,Sawai Mansingh Stadium,62,56,110.71428571428572
NV Ojha,Shaheed Veer Narayan Singh International Stadium,16,14,114.28571428571428
NV Ojha,St George's Park,0,6,0.0
NV Ojha,Subrata Roy Sahara Stadium,28,28,100.0
NV Ojha,SuperSport Park,52,38,136.8421052631579
NV Ojha,Vidarbha Cricket Association Stadium,1,5,20.0
NV Ojha,Wankhede Stadium,32,40,80.0
Navdeep Saini,Dr DY Patil Sports Academy,2,2,100.0
Navdeep Saini,Dubai International Cricket Stadium,18,19,94.73684210526315
Navdeep Saini,MA Chidambaram Stadium,2,3,66.66666666666666
Navdeep Saini,Sheikh Zayed Stadium,9,8,112.5
Navdeep Saini,Wankhede Stadium,2,4,50.0
Naveen-ul-Haq,Bharat Ratna Shri Atal Bihari Vajpayee Ekana Cricket Stadium,13,12,108.33333333333333
Naveen-ul-Haq,Eden Gardens,2,3,66.66666666666666
Naveen-ul-Haq,MA Chidambaram Stadium,1,5,20.0
Noor Ahmad,MA Chidambaram Stadium,7,5,140.0
Noor Ahmad,Narendra Modi Stadium,0,1,0.0
Noor Ahmad,Wankhede Stadium,1,3,33.33333333333333
OA Shah,Brabourne Stadium,31,23,134.7826086956522
OA Shah,Dr DY Patil Sports Academy,58,46,126.08695652173914
OA Shah,Eden Gardens,62,64,96.875
OA Shah,Feroz Shah Kotla,1,1,100.0
OA Shah,Holkar Cricket Stadium,23,12,191.66666666666669
OA Shah,M Chinnaswamy Stadium,60,26,230.76923076923075
OA Shah,MA Chidambaram Stadium,55,46,119.56521739130434
OA Shah,Rajiv Gandhi International Stadium,28,31,90.32258064516128
OA Shah,Sardar Patel Stadium,19,17,111.76470588235294
OA Shah,Sawai Mansingh Stadium,89,73,121.91780821917808
OA Shah,Subrata Roy Sahara Stadium,4,7,57.14285714285714
OA Shah,Wankhede Stadium,76,42,180.95238095238096
OC McCoy,Narendra Modi Stadium,8,5,160.0
OF Smith,Brabourne Stadium,3,8,37.5
OF Smith,Dr DY Patil Sports Academy,38,23,165.2173913043478
OF Smith,Maharashtra Cricket Association Stadium,1,1,100.0
OF Smith,Wankhede Stadium,9,12,75.0
P Awana,Feroz Shah Kotla,4,5,80.0
P Awana,Punjab Cricket Association Stadium,1,6,16.666666666666664
P Awana,Sawai Mansingh Stadium,0,1,0.0
P Awana,Wankhede Stadium,0,2,0.0
P Chopra,Sawai Mansingh Stadium,8,6,133.33333333333331
P Dogra,Brabourne Stadium,41,29,141.3793103448276
P Dogra,Eden Gardens,14,23,60.86956521739131
P Dogra,Feroz Shah Kotla,20,25,80.0
P Dogra,M Chinnaswamy Stadium,6,14,42.857142857142854
P Dogra,Punjab Cricket Association Stadium,7,9,77.77777777777779
P Dogra,Rajiv Gandhi International Stadium,5,8,62.5
P Dogra,Sardar Patel Stadium,34,30,113.33333333333333
P Dubey,Arun Jaitley Stadium,16,20,80.0
P Dubey,Dubai International Cricket Stadium,7,13,53.84615384615385
P Kumar,Brabourne Stadium,1,2,50.0
P Kumar,Dr DY Patil Sports Academy,4,7,57.14285714285714
P Kumar,Dr. Y.S. Rajasekhara Reddy ACA-VDCA Cricket Stadium,1,1,100.0
P Kumar,Eden Gardens,21,26,80.76923076923077
P Kumar,Feroz Shah Kotla,14,10,140.0
P Kumar,Green Park,1,2,50.0
P Kumar,Himachal Pradesh Cricket Association Stadium,3,10,30.0
P Kumar,Kingsmead,34,20,170.0
P Kumar,M Chinnaswamy Stadium,93,86,108.13953488372093
P Kumar,MA Chidambaram Stadium,27,17,158.8235294117647
P Kumar,New Wanderers Stadium,2,3,66.66666666666666
P Kumar,Newlands,22,16,137.5
P Kumar,Punjab Cricket Association Stadium,22,31,70.96774193548387
P Kumar,Rajiv Gandhi International Stadium,20,23,86.95652173913044
P Kumar,Saurashtra Cricket Association Stadium,16,14,114.28571428571428
P Kumar,Sawai Mansingh Stadium,25,14,178.57142857142858
P Kumar,St George's Park,0,3,0.0
P Kumar,Subrata Roy Sahara Stadium,1,2,50.0
P Kumar,SuperSport Park,7,4,175.0
P Kumar,Wankhede Stadium,26,21,123.80952380952381
P Negi,Eden Gardens,43,39,110.25641025641026
P Negi,Feroz Shah Kotla,67,45,148.88888888888889
P Negi,JSCA International Stadium Complex,12,6,200.0
P Negi,M Chinnaswamy Stadium,81,65,124.61538461538461
P Negi,M.Chinnaswamy Stadium,18,20,90.0
P Negi,MA Chidambaram Stadium,59,33,178.78787878787878
P Negi,Maharashtra Cricket Association Stadium,3,7,42.857142857142854
P Negi,Rajiv Gandhi International Stadium,15,11,136.36363636363635
P Negi,Shaheed Veer Narayan Singh International Stadium,11,20,55.00000000000001
P Negi,Subrata Roy Sahara Stadium,14,11,127.27272727272727
P Negi,Wankhede Stadium,38,28,135.71428571428572
P Parameswaran,M Chinnaswamy Stadium,1,1,100.0
P Parameswaran,Rajiv Gandhi International Stadium,0,1,0.0
P Ray Barman,Rajiv Gandhi International Stadium,19,24,79.16666666666666
P Sahu,Feroz Shah Kotla,18,12,150.0
P Sahu,Punjab Cricket Association IS Bindra Stadium,1,1,100.0
P Simran Singh,Arun Jaitley Stadium,103,65,158.46153846153845
P Simran Singh,Barsapara Cricket Stadium,60,34,176.47058823529412
P Simran Singh,Bharat Ratna Shri Atal Bihari Vajpayee Ekana Cricket Stadium,4,4,100.0
P Simran Singh,Dr DY Patil Sports Academy,14,11,127.27272727272727
P Simran Singh,Dubai International Cricket Stadium,11,8,137.5
P Simran Singh,Eden Gardens,12,8,150.0
P Simran Singh,Himachal Pradesh Cricket Association Stadium,24,21,114.28571428571428
P Simran Singh,MA Chidambaram Stadium,42,24,175.0
P Simran Singh,Narendra Modi Stadium,19,23,82.6086956521739
P Simran Singh,Punjab Cricket Association IS Bindra Stadium,87,64,135.9375
P Simran Singh,Rajiv Gandhi International Stadium,16,18,88.88888888888889
P Simran Singh,Sheikh Zayed Stadium,4,7,57.14285714285714
P Simran Singh,Wankhede Stadium,26,17,152.94117647058823
PA Patel,Arun Jaitley Stadium,45,28,160.71428571428572
PA Patel,Barabati Stadium,23,20,114.99999999999999
PA Patel,Brabourne Stadium,8,12,66.66666666666666
PA Patel,Dr DY Patil Sports Academy,59,52,113.46153846153845
PA Patel,Dr. Y.S. Rajasekhara Reddy ACA-VDCA Cricket Stadium,21,26,80.76923076923077
PA Patel,Dubai International Cricket Stadium,59,52,113.46153846153845
PA Patel,Eden Gardens,89,104,85.57692307692307
PA Patel,Feroz Shah Kotla,162,130,124.61538461538461
PA Patel,Holkar Cricket Stadium,98,55,178.1818181818182
PA Patel,JSCA International Stadium Complex,10,14,71.42857142857143
PA Patel,Kingsmead,48,40,120.0
PA Patel,M Chinnaswamy Stadium,138,132,104.54545454545455
PA Patel,M.Chinnaswamy Stadium,162,121,133.88429752066116
PA Patel,MA Chidambaram Stadium,219,210,104.28571428571429
PA Patel,Maharashtra Cricket Association Stadium,105,79,132.91139240506328
PA Patel,Nehru Stadium,57,52,109.61538461538463
PA Patel,New Wanderers Stadium,36,27,133.33333333333331
PA Patel,Newlands,0,2,0.0
PA Patel,Punjab Cricket Association IS Bindra Stadium,100,66,151.5151515151515
PA Patel,Punjab Cricket Association Stadium,153,109,140.36697247706422
PA Patel,Rajiv Gandhi International Stadium,312,272,114.70588235294117
PA Patel,Sardar Patel Stadium,16,11,145.45454545454547
PA Patel,Sawai Mansingh Stadium,132,96,137.5
PA Patel,Sharjah Cricket Stadium,58,47,123.40425531914893
PA Patel,Sheikh Zayed Stadium,1,1,100.0
PA Patel,St George's Park,30,27,111.11111111111111
PA Patel,Subrata Roy Sahara Stadium,24,18,133.33333333333331
PA Patel,SuperSport Park,28,30,93.33333333333333
PA Patel,Wankhede Stadium,518,406,127.58620689655173
PA Reddy,Feroz Shah Kotla,1,8,12.5
PA Reddy,M Chinnaswamy Stadium,12,11,109.09090909090908
PA Reddy,Rajiv Gandhi International Stadium,126,115,109.56521739130434
PA Reddy,Sawai Mansingh Stadium,2,5,40.0
PBB Rajapaksa,Barsapara Cricket Stadium,1,1,100.0
PBB Rajapaksa,Brabourne Stadium,10,8,125.0
PBB Rajapaksa,Dr DY Patil Sports Academy,87,54,161.11111111111111
PBB Rajapaksa,Eden Gardens,0,3,0.0
PBB Rajapaksa,Maharashtra Cricket Association Stadium,9,7,128.57142857142858
PBB Rajapaksa,Punjab Cricket Association IS Bindra Stadium,70,58,120.6896551724138
PBB Rajapaksa,Wankhede Stadium,100,59,169.4915254237288
PC Valthaty,Dr DY Patil Sports Academy,6,6,100.0
PC Valthaty,Eden Gardens,7,8,87.5
PC Valthaty,Feroz Shah Kotla,14,10,140.0
PC Valthaty,Himachal Pradesh Cricket Association Stadium,89,83,107.2289156626506
PC Valthaty,Holkar Cricket Stadium,17,10,170.0
PC Valthaty,M Chinnaswamy Stadium,21,16,131.25
PC Valthaty,Punjab Cricket Association Stadium,217,149,145.63758389261744
PC Valthaty,Rajiv Gandhi International Stadium,81,62,130.64516129032256
PC Valthaty,Sawai Mansingh Stadium,13,15,86.66666666666667
PC Valthaty,Subrata Roy Sahara Stadium,1,5,20.0
PC Valthaty,SuperSport Park,1,5,20.0
PC Valthaty,Wankhede Stadium,33,38,86.8421052631579
PD Collingwood,Brabourne Stadium,2,5,40.0
PD Collingwood,Eden Gardens,2,3,66.66666666666666
PD Collingwood,Feroz Shah Kotla,199,148,134.45945945945945
PD Salt,Arun Jaitley Stadium,175,106,165.0943396226415
PD Salt,Himachal Pradesh Cricket Association Stadium,26,14,185.71428571428572
PD Salt,MA Chidambaram Stadium,17,11,154.54545454545453
PD Salt,Narendra Modi Stadium,0,1,0.0
PD Salt,Rajiv Gandhi International Stadium,0,1,0.0
PJ Cummins,Brabourne Stadium,7,7,100.0
PJ Cummins,Dr DY Patil Sports Academy,0,2,0.0
PJ Cummins,Dubai International Cricket Stadium,27,21,128.57142857142858
PJ Cummins,Feroz Shah Kotla,43,29,148.27586206896552
PJ Cummins,Green Park,24,13,184.6153846153846
PJ Cummins,M.Chinnaswamy Stadium,6,6,100.0
PJ Cummins,MA Chidambaram Stadium,6,5,120.0
PJ Cummins,Maharashtra Cricket Association Stadium,56,14,400.0
PJ Cummins,Narendra Modi Stadium,11,13,84.61538461538461
PJ Cummins,Sharjah Cricket Stadium,7,15,46.666666666666664
PJ Cummins,Sheikh Zayed Stadium,112,78,143.5897435897436
PJ Cummins,Wankhede Stadium,80,45,177.77777777777777
PJ Sangwan,Brabourne Stadium,6,5,120.0
PJ Sangwan,Dr DY Patil Sports Academy,4,9,44.44444444444444
PJ Sangwan,Eden Gardens,0,1,0.0
PJ Sangwan,Feroz Shah Kotla,5,10,50.0
PJ Sangwan,Green Park,0,1,0.0
PJ Sangwan,M Chinnaswamy Stadium,4,2,200.0
PJ Sangwan,Maharashtra Cricket Association Stadium,1,2,50.0
PJ Sangwan,New Wanderers Stadium,0,3,0.0
PJ Sangwan,OUTsurance Oval,5,5,100.0
PJ Sangwan,Rajiv Gandhi International Stadium,0,4,0.0
PJ Sangwan,SuperSport Park,1,2,50.0
PK Garg,Arun Jaitley Stadium,12,9,133.33333333333331
PK Garg,Dubai International Cricket Stadium,118,101,116.83168316831683
PK Garg,Narendra Modi Stadium,10,13,76.92307692307693
PK Garg,Sharjah Cricket Stadium,15,17,88.23529411764706
PK Garg,Sheikh Zayed Stadium,24,26,92.3076923076923
PK Garg,Wankhede Stadium,46,33,139.3939393939394
PK Garg,Zayed Cricket Stadium,44,32,137.5
PM Sarvesh Kumar,Feroz Shah Kotla,1,2,50.0
PN Mankad,Bharat Ratna Shri Atal Bihari Vajpayee Ekana Cricket Stadium,0,1,0.0
PN Mankad,Eden Gardens,26,19,136.8421052631579
PN Mankad,MA Chidambaram Stadium,3,6,50.0
PN Mankad,Rajiv Gandhi International Stadium,64,45,142.22222222222223
PN Mankad,Wankhede Stadium,4,1,400.0
PP Chawla,Arun Jaitley Stadium,2,4,50.0
PP Chawla,Barabati Stadium,9,13,69.23076923076923
PP Chawla,Brabourne Stadium,22,13,169.23076923076923
PP Chawla,De Beers Diamond Oval,8,6,133.33333333333331
PP Chawla,Dr DY Patil Sports Academy,15,28,53.57142857142857
PP Chawla,Eden Gardens,122,97,125.77319587628865
PP Chawla,Feroz Shah Kotla,23,22,104.54545454545455
PP Chawla,Green Park,11,16,68.75
PP Chawla,Himachal Pradesh Cricket Association Stadium,16,12,133.33333333333331
PP Chawla,JSCA International Stadium Complex,1,2,50.0
PP Chawla,Kingsmead,16,23,69.56521739130434
PP Chawla,M Chinnaswamy Stadium,26,19,136.8421052631579
PP Chawla,MA Chidambaram Stadium,27,34,79.41176470588235
PP Chawla,Maharashtra Cricket Association Stadium,12,6,200.0
PP Chawla,Narendra Modi Stadium,18,14,128.57142857142858
PP Chawla,New Wanderers Stadium,1,1,100.0
PP Chawla,Newlands,6,6,100.0
PP Chawla,Punjab Cricket Association Stadium,120,95,126.3157894736842
PP Chawla,Rajiv Gandhi International Stadium,27,23,117.3913043478261
PP Chawla,Sawai Mansingh Stadium,51,42,121.42857142857142
PP Chawla,Sheikh Zayed Stadium,0,2,0.0
PP Chawla,Subrata Roy Sahara Stadium,16,8,200.0
PP Chawla,Wankhede Stadium,40,48,83.33333333333334
PP Chawla,Zayed Cricket Stadium,0,2,0.0
PP Ojha,Brabourne Stadium,3,3,100.0
PP Ojha,Buffalo Park,0,2,0.0
PP Ojha,Dr DY Patil Sports Academy,1,6,16.666666666666664
PP Ojha,Dubai International Cricket Stadium,1,5,20.0
PP Ojha,Eden Gardens,1,1,100.0
PP Ojha,Feroz Shah Kotla,0,3,0.0
PP Ojha,Kingsmead,0,4,0.0
PP Ojha,Rajiv Gandhi International Stadium,1,1,100.0
PP Ojha,Sawai Mansingh Stadium,2,3,66.66666666666666
PP Ojha,Subrata Roy Sahara Stadium,1,1,100.0
PP Ojha,SuperSport Park,1,1,100.0
PP Ojha,Wankhede Stadium,5,14,35.714285714285715
PP Shaw,Arun Jaitley Stadium,305,231,132.03463203463204
PP Shaw,Barsapara Cricket Stadium,0,3,0.0
PP Shaw,Bharat Ratna Shri Atal Bihari Vajpayee Ekana Cricket Stadium,12,9,133.33333333333331
PP Shaw,Brabourne Stadium,130,73,178.08219178082192
PP Shaw,Dr DY Patil Sports Academy,61,34,179.41176470588235
PP Shaw,Dr. Y.S. Rajasekhara Reddy ACA-VDCA Cricket Stadium,61,44,138.63636363636365
PP Shaw,Dubai International Cricket Stadium,260,176,147.72727272727272
PP Shaw,Eden Gardens,14,7,200.0
PP Shaw,Himachal Pradesh Cricket Association Stadium,54,38,142.10526315789474
PP Shaw,M Chinnaswamy Stadium,0,2,0.0
PP Shaw,M.Chinnaswamy Stadium,28,22,127.27272727272727
PP Shaw,MA Chidambaram Stadium,11,10,110.00000000000001
PP Shaw,Maharashtra Cricket Association Stadium,19,12,158.33333333333331
PP Shaw,Narendra Modi Stadium,142,80,177.5
PP Shaw,Punjab Cricket Association IS Bindra Stadium,0,1,0.0
PP Shaw,Rajiv Gandhi International Stadium,69,41,168.29268292682926
PP Shaw,Sawai Mansingh Stadium,42,39,107.6923076923077
PP Shaw,Sharjah Cricket Stadium,109,72,151.38888888888889
PP Shaw,Sheikh Zayed Stadium,15,14,107.14285714285714
PP Shaw,Wankhede Stadium,195,135,144.44444444444443
PP Shaw,Zayed Cricket Stadium,10,12,83.33333333333334
PR Shah,Buffalo Park,11,20,55.00000000000001
PR Shah,Feroz Shah Kotla,0,1,0.0
PR Shah,Holkar Cricket Stadium,5,5,100.0
PR Shah,Kingsmead,1,1,100.0
PR Shah,Rajiv Gandhi International Stadium,10,5,200.0
PR Shah,SuperSport Park,41,30,136.66666666666666
PR Shah,Wankhede Stadium,24,28,85.71428571428571
PSP Handscomb,Maharashtra Cricket Association Stadium,6,12,50.0
PV Tambe,Dubai International Cricket Stadium,2,2,100.0
PV Tambe,M Chinnaswamy Stadium,7,18,38.88888888888889
PV Tambe,MA Chidambaram Stadium,1,1,100.0
PV Tambe,Rajiv Gandhi International Stadium,3,6,50.0
PV Tambe,Sardar Patel Stadium,5,11,45.45454545454545
PVD Chameera,Brabourne Stadium,0,2,0.0
PVD Chameera,Dr DY Patil Sports Academy,1,3,33.33333333333333
PVD Chameera,Eden Gardens,11,4,275.0
PVD Chameera,Maharashtra Cricket Association Stadium,17,11,154.54545454545453
PVD Chameera,Wankhede Stadium,14,8,175.0
PWH de Silva,Bharat Ratna Shri Atal Bihari Vajpayee Ekana Cricket Stadium,8,7,114.28571428571428
PWH de Silva,Brabourne Stadium,9,22,40.909090909090914
PWH de Silva,Dr DY Patil Sports Academy,11,6,183.33333333333331
PWH de Silva,M Chinnaswamy Stadium,13,13,100.0
PWH de Silva,Maharashtra Cricket Association Stadium,18,14,128.57142857142858
PWH de Silva,Narendra Modi Stadium,0,1,0.0
PWH de Silva,Sharjah Cricket Stadium,1,1,100.0
PWH de Silva,Wankhede Stadium,12,8,150.0
PWH de Silva,Zayed Cricket Stadium,0,1,0.0
Pankaj Singh,Kingsmead,0,1,0.0
Pankaj Singh,M Chinnaswamy Stadium,1,2,50.0
Pankaj Singh,Punjab Cricket Association Stadium,1,5,20.0
Pankaj Singh,Rajiv Gandhi International Stadium,4,3,133.33333333333331
Pankaj Singh,St George's Park,1,1,100.0
Parvez Rasool,MA Chidambaram Stadium,2,2,100.0
Parvez Rasool,Rajiv Gandhi International Stadium,10,9,111.11111111111111
Parvez Rasool,Subrata Roy Sahara Stadium,5,9,55.55555555555556
Q de Kock,Arun Jaitley Stadium,143,105,136.1904761904762
Q de Kock,Bharat Ratna Shri Atal Bihari Vajpayee Ekana Cricket Stadium,16,15,106.66666666666667
Q de Kock,Brabourne Stadium,92,66,139.3939393939394
Q de Kock,Dr DY Patil Sports Academy,224,130,172.30769230769232
Q de Kock,Dr. Y.S. Rajasekhara Reddy ACA-VDCA Cricket Stadium,42,36,116.66666666666667
Q de Kock,Dubai International Cricket Stadium,175,130,134.6153846153846
Q de Kock,Eden Gardens,55,49,112.24489795918366
Q de Kock,Feroz Shah Kotla,157,133,118.04511278195488
Q de Kock,M Chinnaswamy Stadium,114,57,200.0
Q de Kock,M.Chinnaswamy Stadium,201,166,121.08433734939759
Q de Kock,MA Chidambaram Stadium,74,77,96.1038961038961
Q de Kock,Maharashtra Cricket Association Stadium,109,84,129.76190476190476
Q de Kock,Narendra Modi Stadium,70,41,170.73170731707316
Q de Kock,Punjab Cricket Association IS Bindra Stadium,112,69,162.31884057971016
Q de Kock,Rajiv Gandhi International Stadium,121,89,135.95505617977528
Q de Kock,Saurashtra Cricket Association Stadium,46,45,102.22222222222221
Q de Kock,Sawai Mansingh Stadium,65,47,138.29787234042556
Q de Kock,Shaheed Veer Narayan Singh International Stadium,115,98,117.34693877551021
Q de Kock,Sharjah Cricket Stadium,173,131,132.06106870229007
Q de Kock,Sheikh Zayed Stadium,212,146,145.2054794520548
Q de Kock,Wankhede Stadium,304,221,137.55656108597285
Q de Kock,Zayed Cricket Stadium,82,71,115.49295774647888
R Ashwin,Arun Jaitley Stadium,22,21,104.76190476190477
R Ashwin,Barabati Stadium,11,4,275.0
R Ashwin,Barsapara Cricket Stadium,0,4,0.0
R Ashwin,Brabourne Stadium,52,32,162.5
R Ashwin,Dr DY Patil Sports Academy,86,61,140.98360655737704
R Ashwin,Dr. Y.S. Rajasekhara Reddy ACA-VDCA Cricket Stadium,30,26,115.38461538461537
R Ashwin,Dubai International Cricket Stadium,30,30,100.0
R Ashwin,Eden Gardens,24,40,60.0
R Ashwin,Feroz Shah Kotla,8,5,160.0
R Ashwin,Himachal Pradesh Cricket Association Stadium,0,1,0.0
R Ashwin,Holkar Cricket Stadium,45,23,195.65217391304347
R Ashwin,JSCA International Stadium Complex,15,17,88.23529411764706
R Ashwin,Kingsmead,8,15,53.333333333333336
R Ashwin,M Chinnaswamy Stadium,40,28,142.85714285714286
R Ashwin,M.Chinnaswamy Stadium,39,23,169.56521739130434
R Ashwin,MA Chidambaram Stadium,80,66,121.21212121212122
R Ashwin,Maharashtra Cricket Association Stadium,17,11,154.54545454545453
R Ashwin,Narendra Modi Stadium,16,12,133.33333333333331
R Ashwin,Punjab Cricket Association IS Bindra Stadium,35,24,145.83333333333331
R Ashwin,Rajiv Gandhi International Stadium,5,9,55.55555555555556
R Ashwin,Sawai Mansingh Stadium,6,11,54.54545454545454
R Ashwin,Sharjah Cricket Stadium,29,30,96.66666666666667
R Ashwin,Sheikh Zayed Stadium,15,14,107.14285714285714
R Ashwin,Vidarbha Cricket Association Stadium,5,6,83.33333333333334
R Ashwin,Wankhede Stadium,84,70,120.0
R Ashwin,Zayed Cricket Stadium,6,6,100.0
R Bhatia,Dr DY Patil Sports Academy,10,11,90.9090909090909
R Bhatia,Dubai International Cricket Stadium,23,20,114.99999999999999
R Bhatia,Eden Gardens,36,40,90.0
R Bhatia,Feroz Shah Kotla,47,32,146.875
R Bhatia,JSCA International Stadium Complex,20,17,117.64705882352942
R Bhatia,Kingsmead,0,1,0.0
R Bhatia,M Chinnaswamy Stadium,26,12,216.66666666666666
R Bhatia,MA Chidambaram Stadium,0,2,0.0
R Bhatia,Maharashtra Cricket Association Stadium,41,31,132.25806451612902
R Bhatia,Nehru Stadium,1,1,100.0
R Bhatia,New Wanderers Stadium,2,7,28.57142857142857
R Bhatia,OUTsurance Oval,0,1,0.0
R Bhatia,Punjab Cricket Association Stadium,33,21,157.14285714285714
R Bhatia,Sardar Patel Stadium,16,13,123.07692307692308
R Bhatia,Saurashtra Cricket Association Stadium,0,2,0.0
R Bhatia,Sawai Mansingh Stadium,20,15,133.33333333333331
R Bhatia,Shaheed Veer Narayan Singh International Stadium,26,26,100.0
R Bhatia,Sheikh Zayed Stadium,4,3,133.33333333333331
R Bhatia,Subrata Roy Sahara Stadium,13,5,260.0
R Bhatia,SuperSport Park,6,9,66.66666666666666
R Bhatia,Wankhede Stadium,18,15,120.0
R Bishnoi,Kingsmead,18,14,128.57142857142858
R Bishnoi,Newlands,1,2,50.0
R Bishnoi,St George's Park,0,1,0.0
R Dhawan,Barabati Stadium,4,6,66.66666666666666
R Dhawan,Brabourne Stadium,7,3,233.33333333333334
R Dhawan,Dr DY Patil Sports Academy,4,13,30.76923076923077
R Dhawan,Dr. Y.S. Rajasekhara Reddy ACA-VDCA Cricket Stadium,11,4,275.0
R Dhawan,Dubai International Cricket Stadium,23,22,104.54545454545455
R Dhawan,Eden Gardens,40,31,129.03225806451613
R Dhawan,Feroz Shah Kotla,8,5,160.0
R Dhawan,Himachal Pradesh Cricket Association Stadium,14,15,93.33333333333333
R Dhawan,Maharashtra Cricket Association Stadium,21,22,95.45454545454545
R Dhawan,Punjab Cricket Association IS Bindra Stadium,1,1,100.0
R Dhawan,Punjab Cricket Association Stadium,44,36,122.22222222222223
R Dhawan,Rajiv Gandhi International Stadium,3,2,150.0
R Dhawan,Sawai Mansingh Stadium,0,1,0.0
R Dhawan,Sheikh Zayed Stadium,19,18,105.55555555555556
R Dhawan,Wankhede Stadium,11,8,137.5
R Dravid,Dr DY Patil Sports Academy,58,52,111.53846153846155
R Dravid,Eden Gardens,103,94,109.57446808510637
R Dravid,Feroz Shah Kotla,169,137,123.35766423357664
R Dravid,Holkar Cricket Stadium,1,4,25.0
R Dravid,Kingsmead,18,20,90.0
R Dravid,M Chinnaswamy Stadium,283,248,114.11290322580645
R Dravid,MA Chidambaram Stadium,145,127,114.1732283464567
R Dravid,New Wanderers Stadium,91,86,105.8139534883721
R Dravid,Newlands,114,75,152.0
R Dravid,Punjab Cricket Association Stadium,87,79,110.12658227848102
R Dravid,Rajiv Gandhi International Stadium,123,116,106.03448275862068
R Dravid,Sawai Mansingh Stadium,735,614,119.70684039087949
R Dravid,St George's Park,30,30,100.0
R Dravid,Subrata Roy Sahara Stadium,68,63,107.93650793650794
R Dravid,SuperSport Park,18,23,78.26086956521739
R Dravid,Vidarbha Cricket Association Stadium,49,35,140.0
R Dravid,Wankhede Stadium,82,75,109.33333333333333
R McLaren,Brabourne Stadium,12,6,200.0
R McLaren,Dr DY Patil Sports Academy,64,58,110.34482758620689
R McLaren,Eden Gardens,0,2,0.0
R McLaren,Himachal Pradesh Cricket Association Stadium,9,14,64.28571428571429
R McLaren,M Chinnaswamy Stadium,70,77,90.9090909090909
R McLaren,MA Chidambaram Stadium,1,3,33.33333333333333
R McLaren,Punjab Cricket Association Stadium,2,8,25.0
R McLaren,Wankhede Stadium,1,3,33.33333333333333
R Ninan,Rajiv Gandhi International Stadium,3,5,60.0
R Parag,Arun Jaitley Stadium,73,63,115.87301587301589
R Parag,Barsapara Cricket Stadium,27,23,117.3913043478261
R Parag,Brabourne Stadium,34,29,117.24137931034481
R Parag,Dr DY Patil Sports Academy,35,28,125.0
R Parag,Dubai International Cricket Stadium,77,75,102.66666666666666
R Parag,Eden Gardens,51,34,150.0
R Parag,Himachal Pradesh Cricket Association Stadium,20,11,181.8181818181818
R Parag,Maharashtra Cricket Association Stadium,68,40,170.0
R Parag,Narendra Modi Stadium,20,22,90.9090909090909
R Parag,Rajiv Gandhi International Stadium,7,6,116.66666666666667
R Parag,Sawai Mansingh Stadium,82,64,128.125
R Parag,Sharjah Cricket Stadium,6,6,100.0
R Parag,Sheikh Zayed Stadium,16,18,88.88888888888889
R Parag,Wankhede Stadium,82,56,146.42857142857142
R Parag,Zayed Cricket Stadium,2,7,28.57142857142857
R Powell,Arun Jaitley Stadium,4,4,100.0
R Powell,Barsapara Cricket Stadium,2,2,100.0
R Powell,Bharat Ratna Shri Atal Bihari Vajpayee Ekana Cricket Stadium,1,3,33.33333333333333
R Powell,Brabourne Stadium,75,43,174.41860465116278
R Powell,Dr DY Patil Sports Academy,8,25,32.0
R Powell,Maharashtra Cricket Association Stadium,20,12,166.66666666666669
R Powell,Wankhede Stadium,147,87,168.9655172413793
R Rampaul,JSCA International Stadium Complex,0,3,0.0
R Rampaul,M Chinnaswamy Stadium,0,1,0.0
R Rampaul,MA Chidambaram Stadium,0,4,0.0
R Rampaul,Sawai Mansingh Stadium,3,4,75.0
R Rampaul,Sheikh Zayed Stadium,13,13,100.0
R Rampaul,Wankhede Stadium,23,17,135.29411764705884
R Sanjay Yadav,Wankhede Stadium,0,2,0.0
R Sathish,Brabourne Stadium,73,56,130.35714285714286
R Sathish,Dr DY Patil Sports Academy,3,5,60.0
R Sathish,Eden Gardens,11,11,100.0
R Sathish,Feroz Shah Kotla,14,16,87.5
R Sathish,Himachal Pradesh Cricket Association Stadium,22,13,169.23076923076923
R Sathish,M Chinnaswamy Stadium,12,6,200.0
R Sathish,MA Chidambaram Stadium,22,27,81.48148148148148
R Sathish,Maharashtra Cricket Association Stadium,10,8,125.0
R Sathish,Punjab Cricket Association Stadium,84,62,135.48387096774192
R Sathish,Sawai Mansingh Stadium,19,19,100.0
R Sathish,Wankhede Stadium,0,7,0.0
R Sharma,Brabourne Stadium,5,7,71.42857142857143
R Sharma,Dr DY Patil Sports Academy,10,16,62.5
R Sharma,Feroz Shah Kotla,14,8,175.0
R Sharma,MA Chidambaram Stadium,1,1,100.0
R Sharma,Maharashtra Cricket Association Stadium,0,1,0.0
R Sharma,Punjab Cricket Association Stadium,2,4,50.0
R Sharma,Rajiv Gandhi International Stadium,0,1,0.0
R Sharma,Sardar Patel Stadium,10,5,200.0
R Sharma,Sawai Mansingh Stadium,0,4,0.0
R Sharma,Subrata Roy Sahara Stadium,1,7,14.285714285714285
R Sharma,Wankhede Stadium,23,21,109.52380952380953
R Shepherd,Bharat Ratna Shri Atal Bihari Vajpayee Ekana Cricket Stadium,0,1,0.0
R Shepherd,Dr DY Patil Sports Academy,8,8,100.0
R Shepherd,Maharashtra Cricket Association Stadium,24,18,133.33333333333331
R Shepherd,Wankhede Stadium,26,14,185.71428571428572
R Shukla,Feroz Shah Kotla,3,5,60.0
R Shukla,M Chinnaswamy Stadium,2,6,33.33333333333333
R Shukla,Sardar Patel Stadium,14,12,116.66666666666667
R Tewatia,Arun Jaitley Stadium,40,37,108.10810810810811
R Tewatia,Bharat Ratna Shri Atal Bihari Vajpayee Ekana Cricket Stadium,2,2,100.0
R Tewatia,Brabourne Stadium,59,32,184.375
R Tewatia,Dr DY Patil Sports Academy,34,29,117.24137931034481
R Tewatia,Dubai International Cricket Stadium,129,106,121.69811320754718
R Tewatia,Eden Gardens,1,2,50.0
R Tewatia,M Chinnaswamy Stadium,4,5,80.0
R Tewatia,M.Chinnaswamy Stadium,14,11,127.27272727272727
R Tewatia,MA Chidambaram Stadium,3,5,60.0
R Tewatia,Maharashtra Cricket Association Stadium,49,45,108.88888888888889
R Tewatia,Narendra Modi Stadium,59,30,196.66666666666666
R Tewatia,Punjab Cricket Association IS Bindra Stadium,29,17,170.58823529411765
R Tewatia,Punjab Cricket Association Stadium,16,13,123.07692307692308
R Tewatia,Sharjah Cricket Stadium,157,124,126.61290322580645
R Tewatia,Sheikh Zayed Stadium,29,17,170.58823529411765
R Tewatia,Wankhede Stadium,191,132,144.6969696969697
R Tewatia,Zayed Cricket Stadium,9,15,60.0
R Vinay Kumar,Dr DY Patil Sports Academy,9,9,100.0
R Vinay Kumar,Eden Gardens,17,14,121.42857142857142
R Vinay Kumar,Feroz Shah Kotla,3,3,100.0
R Vinay Kumar,Green Park,1,1,100.0
R Vinay Kumar,Holkar Cricket Stadium,1,1,100.0
R Vinay Kumar,JSCA International Stadium Complex,14,13,107.6923076923077
R Vinay Kumar,Kingsmead,7,3,233.33333333333334
R Vinay Kumar,M Chinnaswamy Stadium,94,88,106.81818181818181
R Vinay Kumar,MA Chidambaram Stadium,6,2,300.0
R Vinay Kumar,Nehru Stadium,29,28,103.57142857142858
R Vinay Kumar,New Wanderers Stadium,8,8,100.0
R Vinay Kumar,Newlands,8,2,400.0
R Vinay Kumar,Punjab Cricket Association Stadium,1,3,33.33333333333333
R Vinay Kumar,Rajiv Gandhi International Stadium,7,7,100.0
R Vinay Kumar,Sawai Mansingh Stadium,27,10,270.0
R Vinay Kumar,Sharjah Cricket Stadium,4,5,80.0
R Vinay Kumar,St George's Park,12,18,66.66666666666666
R Vinay Kumar,SuperSport Park,12,13,92.3076923076923
R Vinay Kumar,Vidarbha Cricket Association Stadium,4,7,57.14285714285714
R Vinay Kumar,Wankhede Stadium,38,33,115.15151515151516
RA Bawa,Dr DY Patil Sports Academy,0,1,0.0
RA Bawa,Wankhede Stadium,11,13,84.61538461538461
RA Jadeja,Arun Jaitley Stadium,76,53,143.39622641509433
RA Jadeja,Barabati Stadium,17,8,212.5
RA Jadeja,Brabourne Stadium,17,12,141.66666666666669
RA Jadeja,De Beers Diamond Oval,46,39,117.94871794871796
RA Jadeja,Dr DY Patil Sports Academy,73,58,125.86206896551724
RA Jadeja,Dr. Y.S. Rajasekhara Reddy ACA-VDCA Cricket Stadium,48,29,165.51724137931035
RA Jadeja,Dubai International Cricket Stadium,203,155,130.96774193548387
RA Jadeja,Eden Gardens,201,137,146.71532846715328
RA Jadeja,Feroz Shah Kotla,83,69,120.28985507246377
RA Jadeja,Green Park,65,46,141.30434782608697
RA Jadeja,Himachal Pradesh Cricket Association Stadium,13,14,92.85714285714286
RA Jadeja,Holkar Cricket Stadium,17,18,94.44444444444444
RA Jadeja,JSCA International Stadium Complex,38,24,158.33333333333331
RA Jadeja,Kingsmead,89,62,143.5483870967742
RA Jadeja,M Chinnaswamy Stadium,75,74,101.35135135135135
RA Jadeja,M.Chinnaswamy Stadium,14,17,82.35294117647058
RA Jadeja,MA Chidambaram Stadium,381,308,123.70129870129871
RA Jadeja,Maharashtra Cricket Association Stadium,47,32,146.875
RA Jadeja,Narendra Modi Stadium,16,8,200.0
RA Jadeja,Nehru Stadium,101,90,112.22222222222223
RA Jadeja,Newlands,48,54,88.88888888888889
RA Jadeja,OUTsurance Oval,24,18,133.33333333333331
RA Jadeja,Punjab Cricket Association IS Bindra Stadium,34,31,109.6774193548387
RA Jadeja,Rajiv Gandhi International Stadium,62,59,105.08474576271188
RA Jadeja,Saurashtra Cricket Association Stadium,109,96,113.54166666666667
RA Jadeja,Sawai Mansingh Stadium,180,135,133.33333333333331
RA Jadeja,Shaheed Veer Narayan Singh International Stadium,3,4,75.0
RA Jadeja,Sharjah Cricket Stadium,47,30,156.66666666666666
RA Jadeja,Sheikh Zayed Stadium,73,46,158.69565217391303
RA Jadeja,St George's Park,12,17,70.58823529411765
RA Jadeja,Subrata Roy Sahara Stadium,44,26,169.23076923076923
RA Jadeja,SuperSport Park,54,49,110.20408163265304
RA Jadeja,Wankhede Stadium,278,192,144.79166666666669
RA Jadeja,Zayed Cricket Stadium,54,23,234.7826086956522
RA Tripathi,Arun Jaitley Stadium,19,14,135.71428571428572
RA Tripathi,Bharat Ratna Shri Atal Bihari Vajpayee Ekana Cricket Stadium,34,41,82.92682926829268
RA Tripathi,Brabourne Stadium,100,58,172.41379310344826
RA Tripathi,Dr DY Patil Sports Academy,134,77,174.02597402597402
RA Tripathi,Dubai International Cricket Stadium,85,71,119.71830985915493
RA Tripathi,Eden Gardens,149,84,177.38095238095238
RA Tripathi,Feroz Shah Kotla,7,6,116.66666666666667
RA Tripathi,Holkar Cricket Stadium,11,13,84.61538461538461
RA Tripathi,M Chinnaswamy Stadium,31,23,134.7826086956522
RA Tripathi,M.Chinnaswamy Stadium,14,4,350.0
RA Tripathi,MA Chidambaram Stadium,143,98,145.91836734693877
RA Tripathi,Maharashtra Cricket Association Stadium,192,145,132.41379310344828
RA Tripathi,Narendra Modi Stadium,61,51,119.6078431372549
RA Tripathi,Punjab Cricket Association IS Bindra Stadium,50,45,111.11111111111111
RA Tripathi,Rajiv Gandhi International Stadium,172,136,126.47058823529412
RA Tripathi,Saurashtra Cricket Association Stadium,33,17,194.11764705882354
RA Tripathi,Sawai Mansingh Stadium,221,169,130.76923076923077
RA Tripathi,Sharjah Cricket Stadium,107,77,138.96103896103895
RA Tripathi,Sheikh Zayed Stadium,106,87,121.83908045977012
RA Tripathi,Wankhede Stadium,260,179,145.2513966480447
RA Tripathi,Zayed Cricket Stadium,119,74,160.8108108108108
RD Chahar,Brabourne Stadium,48,36,133.33333333333331
RD Chahar,Dr DY Patil Sports Academy,25,26,96.15384615384616
RD Chahar,Dubai International Cricket Stadium,0,2,0.0
RD Chahar,Eden Gardens,1,1,100.0
RD Chahar,MA Chidambaram Stadium,14,13,107.6923076923077
RD Chahar,Maharashtra Cricket Association Stadium,4,4,100.0
RD Chahar,Punjab Cricket Association IS Bindra Stadium,0,1,0.0
RD Chahar,Rajiv Gandhi International Stadium,10,17,58.82352941176471
RD Chahar,Saurashtra Cricket Association Stadium,3,2,150.0
RD Chahar,Sheikh Zayed Stadium,2,4,50.0
RD Chahar,Wankhede Stadium,1,3,33.33333333333333
RD Gaikwad,Arun Jaitley Stadium,158,98,161.22448979591837
RD Gaikwad,Brabourne Stadium,4,14,28.57142857142857
RD Gaikwad,Dr DY Patil Sports Academy,74,62,119.35483870967742
RD Gaikwad,Dubai International Cricket Stadium,357,276,129.34782608695653
RD Gaikwad,Eden Gardens,35,20,175.0
RD Gaikwad,M Chinnaswamy Stadium,3,6,50.0
RD Gaikwad,MA Chidambaram Stadium,268,191,140.31413612565444
RD Gaikwad,Maharashtra Cricket Association Stadium,200,128,156.25
RD Gaikwad,Narendra Modi Stadium,118,66,178.78787878787878
RD Gaikwad,Sawai Mansingh Stadium,47,29,162.06896551724137
RD Gaikwad,Sharjah Cricket Stadium,83,69,120.28985507246377
RD Gaikwad,Sheikh Zayed Stadium,62,49,126.53061224489797
RD Gaikwad,Wankhede Stadium,247,222,111.26126126126125
RD Gaikwad,Zayed Cricket Stadium,141,88,160.22727272727272
RE Levi,Dr. Y.S. Rajasekhara Reddy ACA-VDCA Cricket Stadium,3,9,33.33333333333333
RE Levi,MA Chidambaram Stadium,50,35,142.85714285714286
RE Levi,Wankhede Stadium,30,29,103.44827586206897
RE van der Merwe,Eden Gardens,1,2,50.0
RE van der Merwe,Feroz Shah Kotla,18,18,100.0
RE van der Merwe,Kingsmead,47,34,138.23529411764704
RE van der Merwe,MA Chidambaram Stadium,14,16,87.5
RE van der Merwe,Nehru Stadium,2,4,50.0
RE van der Merwe,New Wanderers Stadium,34,26,130.76923076923077
RE van der Merwe,Sawai Mansingh Stadium,2,3,66.66666666666666
RE van der Merwe,St George's Park,3,4,75.0
RE van der Merwe,SuperSport Park,38,34,111.76470588235294
RG More,Eden Gardens,2,2,100.0
RG Sharma,Arun Jaitley Stadium,157,118,133.05084745762713
RG Sharma,Barabati Stadium,97,77,125.97402597402598
RG Sharma,Bharat Ratna Shri Atal Bihari Vajpayee Ekana Cricket Stadium,37,25,148.0
RG Sharma,Brabourne Stadium,121,96,126.04166666666667
RG Sharma,Buffalo Park,21,20,105.0
RG Sharma,De Beers Diamond Oval,18,29,62.06896551724138
RG Sharma,Dr DY Patil Sports Academy,86,87,98.85057471264368
RG Sharma,Dr. Y.S. Rajasekhara Reddy ACA-VDCA Cricket Stadium,124,98,126.53061224489797
RG Sharma,Dubai International Cricket Stadium,164,130,126.15384615384615
RG Sharma,Eden Gardens,466,324,143.82716049382717
RG Sharma,Feroz Shah Kotla,271,199,136.18090452261308
RG Sharma,Green Park,30,17,176.47058823529412
RG Sharma,Himachal Pradesh Cricket Association Stadium,93,63,147.61904761904762
RG Sharma,Holkar Cricket Stadium,24,15,160.0
RG Sharma,Kingsmead,27,31,87.09677419354838
RG Sharma,M Chinnaswamy Stadium,187,158,118.35443037974684
RG Sharma,M.Chinnaswamy Stadium,48,34,141.1764705882353
RG Sharma,MA Chidambaram Stadium,364,293,124.23208191126281
RG Sharma,Maharashtra Cricket Association Stadium,201,144,139.58333333333331
RG Sharma,Narendra Modi Stadium,10,15,66.66666666666666
RG Sharma,New Wanderers Stadium,98,60,163.33333333333334
RG Sharma,Newlands,88,62,141.93548387096774
RG Sharma,Punjab Cricket Association IS Bindra Stadium,32,23,139.1304347826087
RG Sharma,Punjab Cricket Association Stadium,149,101,147.5247524752475
RG Sharma,Rajiv Gandhi International Stadium,494,350,141.14285714285714
RG Sharma,Sardar Patel Stadium,89,59,150.84745762711864
RG Sharma,Sawai Mansingh Stadium,25,45,55.55555555555556
RG Sharma,Sharjah Cricket Stadium,43,40,107.5
RG Sharma,Sheikh Zayed Stadium,264,200,132.0
RG Sharma,St George's Park,38,32,118.75
RG Sharma,Subrata Roy Sahara Stadium,40,46,86.95652173913044
RG Sharma,SuperSport Park,72,79,91.13924050632912
RG Sharma,Vidarbha Cricket Association Stadium,132,104,126.92307692307692
RG Sharma,Wankhede Stadium,1996,1485,134.4107744107744
RG Sharma,Zayed Cricket Stadium,59,53,111.32075471698113
RJ Harris,Brabourne Stadium,13,10,130.0
RJ Harris,Buffalo Park,1,4,25.0
RJ Harris,Dr DY Patil Sports Academy,18,18,100.0
RJ Harris,Feroz Shah Kotla,1,1,100.0
RJ Harris,Himachal Pradesh Cricket Association Stadium,17,9,188.88888888888889
RJ Harris,M Chinnaswamy Stadium,17,24,70.83333333333334
RJ Harris,New Wanderers Stadium,11,7,157.14285714285714
RJ Harris,Punjab Cricket Association Stadium,13,15,86.66666666666667
RJ Harris,Sawai Mansingh Stadium,2,3,66.66666666666666
RJ Harris,SuperSport Park,9,7,128.57142857142858
RJ Harris,Vidarbha Cricket Association Stadium,14,11,127.27272727272727
RJ Harris,Wankhede Stadium,1,2,50.0
RJ Peterson,Feroz Shah Kotla,2,2,100.0
RJ Peterson,Punjab Cricket Association Stadium,16,7,228.57142857142856
RJ Peterson,Subrata Roy Sahara Stadium,13,14,92.85714285714286
RJ Peterson,Wankhede Stadium,1,7,14.285714285714285
RJ Quiney,Kingsmead,52,42,123.80952380952381
RJ Quiney,Newlands,7,8,87.5
RJ Quiney,OUTsurance Oval,6,10,60.0
RJ Quiney,SuperSport Park,32,40,80.0
RK Bhui,Rajiv Gandhi International Stadium,7,17,41.17647058823529
RK Singh,Arun Jaitley Stadium,6,8,75.0
RK Singh,Dr DY Patil Sports Academy,98,62,158.06451612903226
RK Singh,Dubai International Cricket Stadium,11,11,100.0
RK Singh,Eden Gardens,310,205,151.21951219512195
RK Singh,M Chinnaswamy Stadium,18,10,180.0
RK Singh,MA Chidambaram Stadium,56,46,121.73913043478262
RK Singh,Maharashtra Cricket Association Stadium,11,16,68.75
RK Singh,Narendra Modi Stadium,48,21,228.57142857142856
RK Singh,Punjab Cricket Association IS Bindra Stadium,4,4,100.0
RK Singh,Rajiv Gandhi International Stadium,76,60,126.66666666666666
RK Singh,Wankhede Stadium,87,63,138.0952380952381
RM Patidar,Brabourne Stadium,78,53,147.16981132075472
RM Patidar,Eden Gardens,112,53,211.32075471698113
RM Patidar,MA Chidambaram Stadium,9,10,90.0
RM Patidar,Maharashtra Cricket Association Stadium,37,31,119.35483870967742
RM Patidar,Narendra Modi Stadium,120,94,127.65957446808511
RM Patidar,Wankhede Stadium,48,38,126.3157894736842
RN ten Doeschate,Eden Gardens,67,50,134.0
RN ten Doeschate,Feroz Shah Kotla,22,14,157.14285714285714
RN ten Doeschate,JSCA International Stadium Complex,53,37,143.24324324324326
RN ten Doeschate,M Chinnaswamy Stadium,19,14,135.71428571428572
RN ten Doeschate,MA Chidambaram Stadium,38,28,135.71428571428572
RN ten Doeschate,Maharashtra Cricket Association Stadium,0,1,0.0
RN ten Doeschate,Rajiv Gandhi International Stadium,26,20,130.0
RN ten Doeschate,Sardar Patel Stadium,0,1,0.0
RN ten Doeschate,Subrata Roy Sahara Stadium,31,21,147.61904761904762
RN ten Doeschate,Wankhede Stadium,70,49,142.85714285714286
RP Meredith,Dr DY Patil Sports Academy,0,1,0.0
RP Meredith,Narendra Modi Stadium,0,2,0.0
RP Singh,Barabati Stadium,4,2,200.0
RP Singh,Buffalo Park,2,6,33.33333333333333
RP Singh,Dr DY Patil Sports Academy,1,9,11.11111111111111
RP Singh,Eden Gardens,1,2,50.0
RP Singh,Feroz Shah Kotla,2,3,66.66666666666666
RP Singh,Kingsmead,4,5,80.0
RP Singh,M Chinnaswamy Stadium,1,1,100.0
RP Singh,Nehru Stadium,1,2,50.0
RP Singh,New Wanderers Stadium,0,2,0.0
RP Singh,Rajiv Gandhi International Stadium,23,17,135.29411764705884
RP Singh,Sardar Patel Stadium,1,4,25.0
RP Singh,Sawai Mansingh Stadium,3,4,75.0
RP Singh,SuperSport Park,2,4,50.0
RP Singh,Vidarbha Cricket Association Stadium,3,5,60.0
RP Singh,Wankhede Stadium,4,10,40.0
RR Bhatkal,MA Chidambaram Stadium,0,2,0.0
RR Pant,Arun Jaitley Stadium,467,287,162.7177700348432
RR Pant,Brabourne Stadium,54,30,180.0
RR Pant,Dr DY Patil Sports Academy,80,54,148.14814814814815
RR Pant,Dr. Y.S. Rajasekhara Reddy ACA-VDCA Cricket Stadium,114,71,160.56338028169014
RR Pant,Dubai International Cricket Stadium,315,251,125.4980079681275
RR Pant,Eden Gardens,95,61,155.7377049180328
RR Pant,Feroz Shah Kotla,291,175,166.28571428571428
RR Pant,Green Park,4,2,200.0
RR Pant,M.Chinnaswamy Stadium,160,98,163.26530612244898
RR Pant,MA Chidambaram Stadium,12,11,109.09090909090908
RR Pant,Maharashtra Cricket Association Stadium,153,96,159.375
RR Pant,Narendra Modi Stadium,88,67,131.34328358208955
RR Pant,Punjab Cricket Association IS Bindra Stadium,74,48,154.16666666666669
RR Pant,Rajiv Gandhi International Stadium,80,65,123.07692307692308
RR Pant,Saurashtra Cricket Association Stadium,69,40,172.5
RR Pant,Sawai Mansingh Stadium,98,49,200.0
RR Pant,Shaheed Veer Narayan Singh International Stadium,33,28,117.85714285714286
RR Pant,Sharjah Cricket Stadium,114,90,126.66666666666666
RR Pant,Sheikh Zayed Stadium,65,68,95.58823529411765
RR Pant,Wankhede Stadium,369,223,165.4708520179372
RR Pant,Zayed Cricket Stadium,24,24,100.0
RR Powar,Eden Gardens,3,6,50.0
RR Powar,Kingsmead,23,22,104.54545454545455
RR Powar,M Chinnaswamy Stadium,8,6,133.33333333333331
RR Powar,Nehru Stadium,0,1,0.0
RR Powar,Punjab Cricket Association Stadium,3,7,42.857142857142854
RR Powar,Wankhede Stadium,28,21,133.33333333333331
RR Raje,Buffalo Park,1,2,50.0
RR Raje,Dr DY Patil Sports Academy,6,5,120.0
RR Raje,Rajiv Gandhi International Stadium,1,2,50.0
RR Raje,Sawai Mansingh Stadium,1,2,50.0
RR Raje,SuperSport Park,11,7,157.14285714285714
RR Rossouw,Arun Jaitley Stadium,40,28,142.85714285714286
RR Rossouw,Barsapara Cricket Stadium,14,12,116.66666666666667
RR Rossouw,Bharat Ratna Shri Atal Bihari Vajpayee Ekana Cricket Stadium,30,20,150.0
RR Rossouw,Himachal Pradesh Cricket Association Stadium,82,37,221.6216216216216
RR Rossouw,M Chinnaswamy Stadium,29,37,78.37837837837837
RR Rossouw,MA Chidambaram Stadium,35,37,94.5945945945946
RR Rossouw,Narendra Modi Stadium,8,6,133.33333333333331
RR Rossouw,Wankhede Stadium,24,14,171.42857142857142
RR Sarwan,M Chinnaswamy Stadium,31,29,106.89655172413792
RR Sarwan,MA Chidambaram Stadium,20,22,90.9090909090909
RR Sarwan,Punjab Cricket Association Stadium,7,9,77.77777777777779
RR Sarwan,Rajiv Gandhi International Stadium,15,15,100.0
RS Bopara,Barabati Stadium,38,32,118.75
RS Bopara,Brabourne Stadium,18,16,112.5
RS Bopara,Dr. Y.S. Rajasekhara Reddy ACA-VDCA Cricket Stadium,66,53,124.52830188679245
RS Bopara,Kingsmead,105,88,119.31818181818181
RS Bopara,M Chinnaswamy Stadium,77,50,154.0
RS Bopara,MA Chidambaram Stadium,22,15,146.66666666666666
RS Bopara,Newlands,33,31,106.4516129032258
RS Bopara,Punjab Cricket Association Stadium,123,111,110.8108108108108
RS Bopara,Sawai Mansingh Stadium,8,11,72.72727272727273
RS Bopara,Shaheed Veer Narayan Singh International Stadium,17,11,154.54545454545453
RS Bopara,Wankhede Stadium,23,27,85.18518518518519
RS Gavaskar,Eden Gardens,2,8,25.0
RS Sodhi,Punjab Cricket Association Stadium,4,2,200.0
RT Ponting,Eden Gardens,19,32,59.375
RT Ponting,M Chinnaswamy Stadium,48,53,90.56603773584906
RT Ponting,MA Chidambaram Stadium,6,11,54.54545454545454
RT Ponting,Sawai Mansingh Stadium,4,9,44.44444444444444
RT Ponting,Wankhede Stadium,14,23,60.86956521739131
RV Gomez,Dr DY Patil Sports Academy,26,18,144.44444444444443
RV Gomez,Eden Gardens,10,10,100.0
RV Gomez,Holkar Cricket Stadium,2,3,66.66666666666666
RV Gomez,M Chinnaswamy Stadium,7,15,46.666666666666664
RV Gomez,Nehru Stadium,1,3,33.33333333333333
RV Gomez,Sawai Mansingh Stadium,0,1,0.0
RV Gomez,Subrata Roy Sahara Stadium,4,1,400.0
RV Patel,Arun Jaitley Stadium,11,8,137.5
RV Patel,Dr DY Patil Sports Academy,6,3,200.0
RV Patel,Dubai International Cricket Stadium,25,27,92.5925925925926
RV Patel,MA Chidambaram Stadium,10,16,62.5
RV Patel,Narendra Modi Stadium,23,13,176.9230769230769
RV Patel,Rajiv Gandhi International Stadium,5,6,83.33333333333334
RV Uthappa,Arun Jaitley Stadium,1,2,50.0
RV Uthappa,Barabati Stadium,152,97,156.70103092783506
RV Uthappa,Brabourne Stadium,100,60,166.66666666666669
RV Uthappa,Dr DY Patil Sports Academy,359,253,141.89723320158103
RV Uthappa,Dr. Y.S. Rajasekhara Reddy ACA-VDCA Cricket Stadium,34,21,161.9047619047619
RV Uthappa,Dubai International Cricket Stadium,288,211,136.49289099526067
RV Uthappa,Eden Gardens,1159,887,130.6651634723788
RV Uthappa,Feroz Shah Kotla,215,152,141.44736842105263
RV Uthappa,Green Park,25,19,131.57894736842107
RV Uthappa,Holkar Cricket Stadium,24,17,141.1764705882353
RV Uthappa,JSCA International Stadium Complex,72,59,122.03389830508475
RV Uthappa,Kingsmead,25,22,113.63636363636364
RV Uthappa,M Chinnaswamy Stadium,332,215,154.41860465116278
RV Uthappa,M.Chinnaswamy Stadium,69,46,150.0
RV Uthappa,MA Chidambaram Stadium,177,131,135.1145038167939
RV Uthappa,Maharashtra Cricket Association Stadium,126,85,148.23529411764707
RV Uthappa,New Wanderers Stadium,84,62,135.48387096774192
RV Uthappa,Newlands,15,29,51.724137931034484
RV Uthappa,Punjab Cricket Association IS Bindra Stadium,75,43,174.41860465116278
RV Uthappa,Punjab Cricket Association Stadium,119,92,129.34782608695653
RV Uthappa,Rajiv Gandhi International Stadium,208,170,122.3529411764706
RV Uthappa,Sardar Patel Stadium,65,52,125.0
RV Uthappa,Sawai Mansingh Stadium,198,149,132.88590604026845
RV Uthappa,Shaheed Veer Narayan Singh International Stadium,37,33,112.12121212121211
RV Uthappa,Sharjah Cricket Stadium,36,31,116.12903225806453
RV Uthappa,Sheikh Zayed Stadium,84,94,89.36170212765957
RV Uthappa,St George's Park,27,28,96.42857142857143
RV Uthappa,Subrata Roy Sahara Stadium,418,353,118.41359773371106
RV Uthappa,SuperSport Park,24,29,82.75862068965517
RV Uthappa,Vidarbha Cricket Association Stadium,34,20,170.0
RV Uthappa,Wankhede Stadium,359,313,114.69648562300318
Rahmanullah Gurbaz,Eden Gardens,181,124,145.96774193548387
Rahmanullah Gurbaz,MA Chidambaram Stadium,1,4,25.0
Rahmanullah Gurbaz,Narendra Modi Stadium,15,12,125.0
Rahmanullah Gurbaz,Punjab Cricket Association IS Bindra Stadium,22,16,137.5
Rahmanullah Gurbaz,Rajiv Gandhi International Stadium,0,1,0.0
Rahmanullah Gurbaz,Wankhede Stadium,8,12,66.66666666666666
Ramandeep Singh,Dr DY Patil Sports Academy,12,16,75.0
Ramandeep Singh,Maharashtra Cricket Association Stadium,6,12,50.0
Ramandeep Singh,Wankhede Stadium,27,11,245.45454545454547
Rashid Khan,Arun Jaitley Stadium,0,2,0.0
Rashid Khan,Brabourne Stadium,1,1,100.0
Rashid Khan,Dr DY Patil Sports Academy,0,4,0.0
Rashid Khan,Dr. Y.S. Rajasekhara Reddy ACA-VDCA Cricket Stadium,0,1,0.0
Rashid Khan,Dubai International Cricket Stadium,50,38,131.57894736842107
Rashid Khan,Eden Gardens,34,10,340.0
Rashid Khan,M.Chinnaswamy Stadium,1,2,50.0
Rashid Khan,MA Chidambaram Stadium,47,25,188.0
Rashid Khan,Maharashtra Cricket Association Stadium,40,22,181.8181818181818
Rashid Khan,Narendra Modi Stadium,21,12,175.0
Rashid Khan,Rajiv Gandhi International Stadium,43,26,165.3846153846154
Rashid Khan,Sawai Mansingh Stadium,18,11,163.63636363636365
Rashid Khan,Sharjah Cricket Stadium,23,24,95.83333333333334
Rashid Khan,Sheikh Zayed Stadium,11,7,157.14285714285714
Rashid Khan,Wankhede Stadium,137,62,220.96774193548384
Rashid Khan,Zayed Cricket Stadium,16,13,123.07692307692308
Rasikh Salam,Brabourne Stadium,7,6,116.66666666666667
Rasikh Salam,Wankhede Stadium,5,4,125.0
Ravi Bishnoi,Bharat Ratna Shri Atal Bihari Vajpayee Ekana Cricket Stadium,8,12,66.66666666666666
Ravi Bishnoi,Dr DY Patil Sports Academy,0,1,0.0
Ravi Bishnoi,Dubai International Cricket Stadium,6,7,85.71428571428571
Ravi Bishnoi,Eden Gardens,2,2,100.0
Ravi Bishnoi,M Chinnaswamy Stadium,3,2,150.0
Ravi Bishnoi,MA Chidambaram Stadium,3,6,50.0
Ravi Bishnoi,Narendra Modi Stadium,5,9,55.55555555555556
Ravi Bishnoi,Sheikh Zayed Stadium,1,5,20.0
S Anirudha,Dr DY Patil Sports Academy,30,18,166.66666666666669
S Anirudha,Eden Gardens,3,5,60.0
S Anirudha,Himachal Pradesh Cricket Association Stadium,1,1,100.0
S Anirudha,MA Chidambaram Stadium,75,73,102.73972602739727
S Anirudha,Punjab Cricket Association Stadium,0,1,0.0
S Anirudha,Sawai Mansingh Stadium,18,5,360.0
S Anirudha,Wankhede Stadium,9,9,100.0
S Aravind,Eden Gardens,5,4,125.0
S Aravind,Himachal Pradesh Cricket Association Stadium,11,5,220.00000000000003
S Aravind,JSCA International Stadium Complex,0,1,0.0
S Aravind,M Chinnaswamy Stadium,33,37,89.1891891891892
S Aravind,Maharashtra Cricket Association Stadium,8,5,160.0
S Aravind,Rajiv Gandhi International Stadium,2,5,40.0
S Badree,Eden Gardens,0,3,0.0
S Badree,M Chinnaswamy Stadium,11,13,84.61538461538461
S Badree,Maharashtra Cricket Association Stadium,2,7,28.57142857142857
S Badrinath,Brabourne Stadium,55,45,122.22222222222223
S Badrinath,De Beers Diamond Oval,59,41,143.90243902439025
S Badrinath,Dr DY Patil Sports Academy,120,98,122.44897959183673
S Badrinath,Dr. Y.S. Rajasekhara Reddy ACA-VDCA Cricket Stadium,25,20,125.0
S Badrinath,Eden Gardens,103,90,114.44444444444444
S Badrinath,Feroz Shah Kotla,37,36,102.77777777777777
S Badrinath,Himachal Pradesh Cricket Association Stadium,53,36,147.22222222222223
S Badrinath,Kingsmead,21,35,60.0
S Badrinath,M Chinnaswamy Stadium,78,66,118.18181818181819
S Badrinath,MA Chidambaram Stadium,436,369,118.15718157181571
S Badrinath,Nehru Stadium,19,17,111.76470588235294
S Badrinath,New Wanderers Stadium,46,35,131.42857142857142
S Badrinath,Newlands,0,2,0.0
S Badrinath,Punjab Cricket Association Stadium,97,70,138.57142857142856
S Badrinath,Sardar Patel Stadium,25,27,92.5925925925926
S Badrinath,Sawai Mansingh Stadium,15,14,107.14285714285714
S Badrinath,St George's Park,22,23,95.65217391304348
S Badrinath,Subrata Roy Sahara Stadium,34,31,109.6774193548387
S Badrinath,SuperSport Park,29,28,103.57142857142858
S Badrinath,Vidarbha Cricket Association Stadium,6,6,100.0
S Badrinath,Wankhede Stadium,159,117,135.8974358974359
S Chanderpaul,Eden Gardens,7,11,63.63636363636363
S Chanderpaul,M Chinnaswamy Stadium,2,9,22.22222222222222
S Chanderpaul,Wankhede Stadium,16,11,145.45454545454547
S Dhawan,Arun Jaitley Stadium,319,227,140.5286343612335
S Dhawan,Barabati Stadium,63,67,94.02985074626866
S Dhawan,Barsapara Cricket Stadium,86,56,153.57142857142858
S Dhawan,Brabourne Stadium,295,221,133.4841628959276
S Dhawan,Dr DY Patil Sports Academy,181,165,109.69696969696969
S Dhawan,Dr. Y.S. Rajasekhara Reddy ACA-VDCA Cricket Stadium,294,232,126.72413793103448
S Dhawan,Dubai International Cricket Stadium,415,307,135.17915309446252
S Dhawan,Eden Gardens,337,265,127.16981132075472
S Dhawan,Feroz Shah Kotla,391,317,123.34384858044164
S Dhawan,Green Park,18,11,163.63636363636365
S Dhawan,Himachal Pradesh Cricket Association Stadium,112,69,162.31884057971016
S Dhawan,JSCA International Stadium Complex,64,49,130.6122448979592
S Dhawan,Kingsmead,6,14,42.857142857142854
S Dhawan,M Chinnaswamy Stadium,223,189,117.989417989418
S Dhawan,M.Chinnaswamy Stadium,18,16,112.5
S Dhawan,MA Chidambaram Stadium,271,224,120.98214285714286
S Dhawan,Maharashtra Cricket Association Stadium,184,143,128.67132867132867
S Dhawan,Narendra Modi Stadium,121,101,119.80198019801979
S Dhawan,Nehru Stadium,4,9,44.44444444444444
S Dhawan,Newlands,22,21,104.76190476190477
S Dhawan,Punjab Cricket Association IS Bindra Stadium,211,153,137.90849673202615
S Dhawan,Punjab Cricket Association Stadium,89,73,121.91780821917808
S Dhawan,Rajiv Gandhi International Stadium,1477,1186,124.53625632377741
S Dhawan,Sardar Patel Stadium,33,20,165.0
S Dhawan,Saurashtra Cricket Association Stadium,53,41,129.26829268292684
S Dhawan,Sawai Mansingh Stadium,115,79,145.56962025316454
S Dhawan,Shaheed Veer Narayan Singh International Stadium,23,18,127.77777777777777
S Dhawan,Sharjah Cricket Stadium,208,156,133.33333333333331
S Dhawan,Sheikh Zayed Stadium,279,213,130.98591549295776
S Dhawan,St George's Park,12,10,120.0
S Dhawan,Subrata Roy Sahara Stadium,16,11,145.45454545454547
S Dhawan,Wankhede Stadium,625,474,131.85654008438817
S Dhawan,Zayed Cricket Stadium,8,8,100.0
S Dube,Arun Jaitley Stadium,81,56,144.64285714285714
S Dube,Brabourne Stadium,106,59,179.66101694915255
S Dube,Dr DY Patil Sports Academy,143,84,170.23809523809524
S Dube,Dubai International Cricket Stadium,52,46,113.04347826086956
S Dube,Eden Gardens,50,21,238.0952380952381
S Dube,M Chinnaswamy Stadium,52,27,192.59259259259258
S Dube,M.Chinnaswamy Stadium,9,5,180.0
S Dube,MA Chidambaram Stadium,165,114,144.73684210526315
S Dube,Maharashtra Cricket Association Stadium,19,17,111.76470588235294
S Dube,Narendra Modi Stadium,51,39,130.76923076923077
S Dube,Rajiv Gandhi International Stadium,5,7,71.42857142857143
S Dube,Sawai Mansingh Stadium,52,33,157.57575757575756
S Dube,Sharjah Cricket Stadium,44,47,93.61702127659575
S Dube,Sheikh Zayed Stadium,27,30,90.0
S Dube,Wankhede Stadium,159,142,111.9718309859155
S Dube,Zayed Cricket Stadium,64,42,152.38095238095238
S Gopal,Arun Jaitley Stadium,12,18,66.66666666666666
S Gopal,Brabourne Stadium,9,7,128.57142857142858
S Gopal,Dubai International Cricket Stadium,34,34,100.0
S Gopal,Eden Gardens,18,9,200.0
S Gopal,Holkar Cricket Stadium,24,16,150.0
S Gopal,MA Chidambaram Stadium,0,3,0.0
S Gopal,Maharashtra Cricket Association Stadium,8,10,80.0
S Gopal,Punjab Cricket Association IS Bindra Stadium,0,1,0.0
S Gopal,Rajiv Gandhi International Stadium,18,18,100.0
S Gopal,Sardar Patel Stadium,1,1,100.0
S Gopal,Sawai Mansingh Stadium,20,9,222.22222222222223
S Gopal,Sharjah Cricket Stadium,2,4,50.0
S Gopal,Sheikh Zayed Stadium,1,2,50.0
S Gopal,Wankhede Stadium,33,37,89.1891891891892
S Kaul,Dubai International Cricket Stadium,7,5,140.0
S Kaul,MA Chidambaram Stadium,7,9,77.77777777777779
S Kaul,Rajiv Gandhi International Stadium,1,8,12.5
S Kaul,Sardar Patel Stadium,2,2,100.0
S Kaul,Wankhede Stadium,2,9,22.22222222222222
S Kaul,Zayed Cricket Stadium,1,3,33.33333333333333
S Kaushik,M Chinnaswamy Stadium,0,1,0.0
S Ladda,Barabati Stadium,0,1,0.0
S Ladda,Feroz Shah Kotla,0,8,0.0
S Lamichhane,Punjab Cricket Association IS Bindra Stadium,0,1,0.0
S Nadeem,Dr. Y.S. Rajasekhara Reddy ACA-VDCA Cricket Stadium,1,5,20.0
S Nadeem,Dubai International Cricket Stadium,5,5,100.0
S Nadeem,Eden Gardens,10,16,62.5
S Nadeem,Feroz Shah Kotla,6,23,26.08695652173913
S Nadeem,M.Chinnaswamy Stadium,0,2,0.0
S Nadeem,MA Chidambaram Stadium,0,1,0.0
S Nadeem,Punjab Cricket Association IS Bindra Stadium,0,1,0.0
S Nadeem,Punjab Cricket Association Stadium,3,7,42.857142857142854
S Nadeem,Rajiv Gandhi International Stadium,0,3,0.0
S Nadeem,Sardar Patel Stadium,1,4,25.0
S Nadeem,Sheikh Zayed Stadium,5,11,45.45454545454545
S Nadeem,Subrata Roy Sahara Stadium,6,5,120.0
S Nadeem,Wankhede Stadium,2,4,50.0
S Narwal,Feroz Shah Kotla,12,9,133.33333333333331
S Narwal,M Chinnaswamy Stadium,0,1,0.0
S Narwal,Sardar Patel Stadium,2,2,100.0
S Narwal,Shaheed Veer Narayan Singh International Stadium,23,15,153.33333333333334
S Rana,Dr DY Patil Sports Academy,18,15,120.0
S Rana,Eden Gardens,19,11,172.72727272727272
S Rana,JSCA International Stadium Complex,1,2,50.0
S Rana,M Chinnaswamy Stadium,38,36,105.55555555555556
S Rana,Rajiv Gandhi International Stadium,12,7,171.42857142857142
S Rana,Sheikh Zayed Stadium,3,8,37.5
S Randiv,Wankhede Stadium,2,4,50.0
S Sohal,De Beers Diamond Oval,30,17,176.47058823529412
S Sohal,Dr DY Patil Sports Academy,34,28,121.42857142857142
S Sohal,Feroz Shah Kotla,62,41,151.21951219512195
S Sohal,Kingsmead,3,10,30.0
S Sohal,MA Chidambaram Stadium,56,30,186.66666666666666
S Sohal,Nehru Stadium,1,4,25.0
S Sohal,New Wanderers Stadium,9,12,75.0
S Sohal,OUTsurance Oval,3,12,25.0
S Sohal,Punjab Cricket Association Stadium,0,4,0.0
S Sohal,Rajiv Gandhi International Stadium,76,65,116.92307692307693
S Sohal,Sawai Mansingh Stadium,4,4,100.0
S Sohal,St George's Park,25,17,147.05882352941177
S Sohal,SuperSport Park,45,23,195.65217391304347
S Sohal,Wankhede Stadium,20,22,90.9090909090909
S Sreesanth,Barabati Stadium,12,5,240.0
S Sreesanth,Dr DY Patil Sports Academy,1,6,16.666666666666664
S Sreesanth,Kingsmead,4,8,50.0
S Sreesanth,M Chinnaswamy Stadium,0,2,0.0
S Sreesanth,Nehru Stadium,0,3,0.0
S Sreesanth,Punjab Cricket Association Stadium,15,17,88.23529411764706
S Sreesanth,Sawai Mansingh Stadium,1,2,50.0
S Sreesanth,SuperSport Park,1,10,10.0
S Sreesanth,Wankhede Stadium,0,2,0.0
S Sriram,Himachal Pradesh Cricket Association Stadium,4,7,57.14285714285714
S Sriram,M Chinnaswamy Stadium,27,29,93.10344827586206
S Tyagi,MA Chidambaram Stadium,3,4,75.0
S Vidyut,Dr DY Patil Sports Academy,16,14,114.28571428571428
S Vidyut,Feroz Shah Kotla,40,23,173.91304347826087
S Vidyut,MA Chidambaram Stadium,62,44,140.9090909090909
S Vidyut,Sawai Mansingh Stadium,5,10,50.0
S Vidyut,Wankhede Stadium,22,18,122.22222222222223
SA Abbott,Brabourne Stadium,7,5,140.0
SA Abbott,Eden Gardens,1,4,25.0
SA Abbott,M Chinnaswamy Stadium,14,9,155.55555555555557
SA Asnodkar,De Beers Diamond Oval,70,64,109.375
SA Asnodkar,Dr DY Patil Sports Academy,67,56,119.64285714285714
SA Asnodkar,Eden Gardens,5,3,166.66666666666669
SA Asnodkar,Kingsmead,4,6,66.66666666666666
SA Asnodkar,MA Chidambaram Stadium,41,26,157.69230769230768
SA Asnodkar,Newlands,3,6,50.0
SA Asnodkar,Punjab Cricket Association Stadium,9,9,100.0
SA Asnodkar,Sardar Patel Stadium,5,4,125.0
SA Asnodkar,Sawai Mansingh Stadium,159,125,127.2
SA Asnodkar,St George's Park,0,1,0.0
SA Asnodkar,SuperSport Park,21,16,131.25
SA Asnodkar,Wankhede Stadium,39,21,185.71428571428572
SA Yadav,Arun Jaitley Stadium,57,45,126.66666666666666
SA Yadav,Bharat Ratna Shri Atal Bihari Vajpayee Ekana Cricket Stadium,7,9,77.77777777777779
SA Yadav,Brabourne Stadium,50,39,128.2051282051282
SA Yadav,Dr DY Patil Sports Academy,83,60,138.33333333333334
SA Yadav,Dr. Y.S. Rajasekhara Reddy ACA-VDCA Cricket Stadium,2,2,100.0
SA Yadav,Dubai International Cricket Stadium,101,87,116.0919540229885
SA Yadav,Eden Gardens,244,176,138.63636363636365
SA Yadav,Feroz Shah Kotla,75,51,147.05882352941177
SA Yadav,Green Park,17,14,121.42857142857142
SA Yadav,Holkar Cricket Stadium,57,42,135.71428571428572
SA Yadav,JSCA International Stadium Complex,8,13,61.53846153846154
SA Yadav,M Chinnaswamy Stadium,61,54,112.96296296296295
SA Yadav,M.Chinnaswamy Stadium,47,33,142.42424242424244
SA Yadav,MA Chidambaram Stadium,300,228,131.57894736842107
SA Yadav,Maharashtra Cricket Association Stadium,290,194,149.48453608247422
SA Yadav,Narendra Modi Stadium,84,50,168.0
SA Yadav,Punjab Cricket Association IS Bindra Stadium,88,46,191.30434782608697
SA Yadav,Rajiv Gandhi International Stadium,57,59,96.61016949152543
SA Yadav,Sardar Patel Stadium,9,16,56.25
SA Yadav,Sawai Mansingh Stadium,106,80,132.5
SA Yadav,Sharjah Cricket Stadium,133,99,134.34343434343435
SA Yadav,Sheikh Zayed Stadium,382,230,166.08695652173913
SA Yadav,Wankhede Stadium,850,537,158.28677839851025
SA Yadav,Zayed Cricket Stadium,87,51,170.58823529411765
SB Bangar,Eden Gardens,14,10,140.0
SB Bangar,M Chinnaswamy Stadium,17,7,242.85714285714283
SB Bangar,Rajiv Gandhi International Stadium,13,26,50.0
SB Bangar,Sawai Mansingh Stadium,3,6,50.0
SB Jakati,Feroz Shah Kotla,1,2,50.0
SB Jakati,Kingsmead,7,7,100.0
SB Jakati,M Chinnaswamy Stadium,1,2,50.0
SB Jakati,MA Chidambaram Stadium,6,10,60.0
SB Jakati,New Wanderers Stadium,13,8,162.5
SB Joshi,M Chinnaswamy Stadium,6,14,42.857142857142854
SB Styris,Eden Gardens,6,7,85.71428571428571
SB Styris,Feroz Shah Kotla,29,28,103.57142857142858
SB Styris,M Chinnaswamy Stadium,2,3,66.66666666666666
SB Styris,MA Chidambaram Stadium,41,43,95.34883720930233
SB Styris,Newlands,14,8,175.0
SB Styris,Punjab Cricket Association Stadium,1,2,50.0
SB Styris,Rajiv Gandhi International Stadium,25,30,83.33333333333334
SB Styris,Sawai Mansingh Stadium,13,11,118.18181818181819
SB Wagh,Dr DY Patil Sports Academy,0,1,0.0
SB Wagh,Wankhede Stadium,2,2,100.0
SC Ganguly,Barabati Stadium,45,40,112.5
SC Ganguly,Brabourne Stadium,31,34,91.17647058823529
SC Ganguly,Buffalo Park,0,1,0.0
SC Ganguly,Dr DY Patil Sports Academy,18,30,60.0
SC Ganguly,Eden Gardens,532,444,119.81981981981981
SC Ganguly,Feroz Shah Kotla,46,45,102.22222222222221
SC Ganguly,Kingsmead,1,11,9.090909090909092
SC Ganguly,M Chinnaswamy Stadium,49,52,94.23076923076923
SC Ganguly,MA Chidambaram Stadium,46,57,80.7017543859649
SC Ganguly,New Wanderers Stadium,77,85,90.58823529411765
SC Ganguly,Newlands,1,12,8.333333333333332
SC Ganguly,Punjab Cricket Association Stadium,71,56,126.78571428571428
SC Ganguly,Rajiv Gandhi International Stadium,123,88,139.77272727272728
SC Ganguly,Sardar Patel Stadium,33,29,113.79310344827587
SC Ganguly,Sawai Mansingh Stadium,53,43,123.25581395348837
SC Ganguly,St George's Park,56,47,119.14893617021276
SC Ganguly,Subrata Roy Sahara Stadium,95,108,87.96296296296296
SC Ganguly,SuperSport Park,8,20,40.0
SC Ganguly,Wankhede Stadium,18,26,69.23076923076923
SD Chitnis,Feroz Shah Kotla,3,4,75.0
SD Chitnis,Himachal Pradesh Cricket Association Stadium,49,44,111.36363636363636
SD Chitnis,Kingsmead,6,8,75.0
SD Chitnis,Punjab Cricket Association Stadium,20,22,90.9090909090909
SD Chitnis,Rajiv Gandhi International Stadium,6,5,120.0
SD Chitnis,Wankhede Stadium,15,5,300.0
SD Lad,Wankhede Stadium,15,13,115.38461538461537
SE Bond,Eden Gardens,1,2,50.0
SE Marsh,Brabourne Stadium,57,47,121.27659574468086
SE Marsh,Dr DY Patil Sports Academy,1,3,33.33333333333333
SE Marsh,Eden Gardens,46,44,104.54545454545455
SE Marsh,Feroz Shah Kotla,128,85,150.58823529411765
SE Marsh,Himachal Pradesh Cricket Association Stadium,334,234,142.73504273504273
SE Marsh,Holkar Cricket Stadium,68,51,133.33333333333331
SE Marsh,M Chinnaswamy Stadium,79,73,108.21917808219179
SE Marsh,MA Chidambaram Stadium,173,121,142.97520661157023
SE Marsh,Maharashtra Cricket Association Stadium,10,13,76.92307692307693
SE Marsh,Punjab Cricket Association IS Bindra Stadium,258,183,140.98360655737704
SE Marsh,Punjab Cricket Association Stadium,806,632,127.53164556962024
SE Marsh,Rajiv Gandhi International Stadium,146,116,125.86206896551724
SE Marsh,Saurashtra Cricket Association Stadium,31,27,114.81481481481481
SE Marsh,Sawai Mansingh Stadium,7,6,116.66666666666667
SE Marsh,Wankhede Stadium,268,187,143.31550802139037
SE Rutherford,Arun Jaitley Stadium,41,21,195.23809523809524
SE Rutherford,Dr DY Patil Sports Academy,28,40,70.0
SE Rutherford,Dr. Y.S. Rajasekhara Reddy ACA-VDCA Cricket Stadium,19,24,79.16666666666666
SE Rutherford,MA Chidambaram Stadium,2,4,50.0
SE Rutherford,Sawai Mansingh Stadium,11,5,220.00000000000003
SE Rutherford,Wankhede Stadium,5,10,50.0
SJ Srivastava,Brabourne Stadium,1,1,100.0
SJ Srivastava,Punjab Cricket Association Stadium,4,4,100.0
SK Raina,Arun Jaitley Stadium,64,53,120.75471698113208
SK Raina,Barabati Stadium,35,27,129.62962962962962
SK Raina,Brabourne Stadium,137,83,165.06024096385542
SK Raina,Buffalo Park,32,19,168.42105263157893
SK Raina,De Beers Diamond Oval,13,11,118.18181818181819
SK Raina,Dr DY Patil Sports Academy,136,94,144.6808510638298
SK Raina,Dr. Y.S. Rajasekhara Reddy ACA-VDCA Cricket Stadium,27,25,108.0
SK Raina,Dubai International Cricket Stadium,9,19,47.368421052631575
SK Raina,Eden Gardens,325,261,124.52107279693487
SK Raina,Feroz Shah Kotla,306,206,148.54368932038835
SK Raina,Green Park,119,82,145.1219512195122
SK Raina,Himachal Pradesh Cricket Association Stadium,63,40,157.5
SK Raina,JSCA International Stadium Complex,99,85,116.47058823529413
SK Raina,Kingsmead,99,76,130.26315789473685
SK Raina,M Chinnaswamy Stadium,156,119,131.0924369747899
SK Raina,M.Chinnaswamy Stadium,11,10,110.00000000000001
SK Raina,MA Chidambaram Stadium,1483,1090,136.05504587155963
SK Raina,Maharashtra Cricket Association Stadium,252,186,135.48387096774192
SK Raina,Nehru Stadium,50,40,125.0
SK Raina,New Wanderers Stadium,52,40,130.0
SK Raina,Newlands,8,9,88.88888888888889
SK Raina,Punjab Cricket Association IS Bindra Stadium,112,72,155.55555555555557
SK Raina,Punjab Cricket Association Stadium,73,48,152.08333333333331
SK Raina,Rajiv Gandhi International Stadium,276,197,140.10152284263958
SK Raina,Sardar Patel Stadium,18,20,90.0
SK Raina,Saurashtra Cricket Association Stadium,327,239,136.82008368200837
SK Raina,Sawai Mansingh Stadium,150,111,135.13513513513513
SK Raina,Shaheed Veer Narayan Singh International Stadium,11,8,137.5
SK Raina,Sharjah Cricket Stadium,33,23,143.47826086956522
SK Raina,Sheikh Zayed Stadium,80,60,133.33333333333331
SK Raina,St George's Park,48,41,117.07317073170731
SK Raina,Subrata Roy Sahara Stadium,83,68,122.05882352941177
SK Raina,SuperSport Park,182,110,165.45454545454547
SK Raina,Vidarbha Cricket Association Stadium,52,42,123.80952380952381
SK Raina,Wankhede Stadium,577,383,150.65274151436032
SK Raina,Zayed Cricket Stadium,14,11,127.27272727272727
SK Trivedi,De Beers Diamond Oval,1,5,20.0
SK Trivedi,Dr DY Patil Sports Academy,1,3,33.33333333333333
SK Trivedi,Eden Gardens,4,4,100.0
SK Trivedi,Feroz Shah Kotla,10,12,83.33333333333334
SK Trivedi,M Chinnaswamy Stadium,3,7,42.857142857142854
SK Trivedi,OUTsurance Oval,6,9,66.66666666666666
SK Trivedi,Rajiv Gandhi International Stadium,0,1,0.0
SK Trivedi,SuperSport Park,2,3,66.66666666666666
SK Trivedi,Vidarbha Cricket Association Stadium,9,6,150.0
SK Trivedi,Wankhede Stadium,6,8,75.0
SK Warne,Brabourne Stadium,1,1,100.0
SK Warne,De Beers Diamond Oval,21,12,175.0
SK Warne,Dr DY Patil Sports Academy,16,16,100.0
SK Warne,Eden Gardens,6,10,60.0
SK Warne,Feroz Shah Kotla,14,14,100.0
SK Warne,Holkar Cricket Stadium,2,9,22.22222222222222
SK Warne,Kingsmead,18,29,62.06896551724138
SK Warne,M Chinnaswamy Stadium,4,7,57.14285714285714
SK Warne,Newlands,37,42,88.09523809523809
SK Warne,OUTsurance Oval,6,3,200.0
SK Warne,Punjab Cricket Association Stadium,5,3,166.66666666666669
SK Warne,Rajiv Gandhi International Stadium,22,8,275.0
SK Warne,Sardar Patel Stadium,1,2,50.0
SK Warne,Sawai Mansingh Stadium,18,22,81.81818181818183
SK Warne,St George's Park,21,17,123.52941176470588
SK Warne,SuperSport Park,3,11,27.27272727272727
SK Warne,Vidarbha Cricket Association Stadium,1,4,25.0
SK Warne,Wankhede Stadium,0,1,0.0
SL Malinga,Dr DY Patil Sports Academy,1,1,100.0
SL Malinga,Dubai International Cricket Stadium,2,4,50.0
SL Malinga,Eden Gardens,0,2,0.0
SL Malinga,Feroz Shah Kotla,17,25,68.0
SL Malinga,Himachal Pradesh Cricket Association Stadium,1,1,100.0
SL Malinga,Kingsmead,0,1,0.0
SL Malinga,M Chinnaswamy Stadium,17,16,106.25
SL Malinga,MA Chidambaram Stadium,7,5,140.0
SL Malinga,Sawai Mansingh Stadium,8,15,53.333333333333336
SL Malinga,Subrata Roy Sahara Stadium,14,14,100.0
SL Malinga,Wankhede Stadium,21,14,150.0
SM Curran,Arun Jaitley Stadium,20,28,71.42857142857143
SM Curran,Barsapara Cricket Stadium,1,2,50.0
SM Curran,Bharat Ratna Shri Atal Bihari Vajpayee Ekana Cricket Stadium,6,6,100.0
SM Curran,Dubai International Cricket Stadium,60,43,139.53488372093022
SM Curran,Eden Gardens,4,9,44.44444444444444
SM Curran,Himachal Pradesh Cricket Association Stadium,60,36,166.66666666666669
SM Curran,MA Chidambaram Stadium,29,21,138.0952380952381
SM Curran,Punjab Cricket Association IS Bindra Stadium,166,108,153.7037037037037
SM Curran,Rajiv Gandhi International Stadium,22,15,146.66666666666666
SM Curran,Sharjah Cricket Stadium,69,56,123.21428571428572
SM Curran,Sheikh Zayed Stadium,57,42,135.71428571428572
SM Curran,Wankhede Stadium,115,56,205.35714285714283
SM Curran,Zayed Cricket Stadium,4,4,100.0
SM Harwood,De Beers Diamond Oval,6,6,100.0
SM Harwood,St George's Park,3,7,42.857142857142854
SM Katich,De Beers Diamond Oval,9,11,81.81818181818183
SM Katich,Kingsmead,21,31,67.74193548387096
SM Katich,New Wanderers Stadium,11,10,110.00000000000001
SM Katich,OUTsurance Oval,20,10,200.0
SM Katich,Punjab Cricket Association Stadium,96,68,141.1764705882353
SM Katich,St George's Park,34,28,121.42857142857142
SM Katich,SuperSport Park,50,27,185.1851851851852
SM Pollock,Dr DY Patil Sports Academy,64,46,139.1304347826087
SM Pollock,Feroz Shah Kotla,16,15,106.66666666666667
SM Pollock,MA Chidambaram Stadium,17,15,113.33333333333333
SM Pollock,Punjab Cricket Association Stadium,22,21,104.76190476190477
SM Pollock,Sawai Mansingh Stadium,0,1,0.0
SM Pollock,Wankhede Stadium,28,13,215.3846153846154
SMSM Senanayake,Eden Gardens,7,13,53.84615384615385
SMSM Senanayake,JSCA International Stadium Complex,2,1,200.0
SMSM Senanayake,Punjab Cricket Association Stadium,1,2,50.0
SN Khan,Arun Jaitley Stadium,50,52,96.15384615384616
SN Khan,Bharat Ratna Shri Atal Bihari Vajpayee Ekana Cricket Stadium,4,8,50.0
SN Khan,Brabourne Stadium,12,13,92.3076923076923
SN Khan,Dr DY Patil Sports Academy,68,44,154.54545454545453
SN Khan,Dubai International Cricket Stadium,14,12,116.66666666666667
SN Khan,Eden Gardens,19,23,82.6086956521739
SN Khan,JSCA International Stadium Complex,31,21,147.61904761904762
SN Khan,M Chinnaswamy Stadium,58,26,223.0769230769231
SN Khan,M.Chinnaswamy Stadium,22,9,244.44444444444446
SN Khan,MA Chidambaram Stadium,75,65,115.38461538461537
SN Khan,Maharashtra Cricket Association Stadium,3,2,150.0
SN Khan,Punjab Cricket Association IS Bindra Stadium,54,42,128.57142857142858
SN Khan,Punjab Cricket Association Stadium,4,6,66.66666666666666
SN Khan,Rajiv Gandhi International Stadium,10,9,111.11111111111111
SN Khan,Sawai Mansingh Stadium,53,37,143.24324324324326
SN Khan,Sharjah Cricket Stadium,0,1,0.0
SN Khan,Sheikh Zayed Stadium,7,8,87.5
SN Khan,Wankhede Stadium,44,34,129.41176470588235
SN Thakur,Brabourne Stadium,51,22,231.81818181818184
SN Thakur,Dr DY Patil Sports Academy,27,23,117.3913043478261
SN Thakur,Dubai International Cricket Stadium,2,3,66.66666666666666
SN Thakur,Eden Gardens,84,49,171.42857142857142
SN Thakur,Feroz Shah Kotla,7,6,116.66666666666667
SN Thakur,M Chinnaswamy Stadium,0,1,0.0
SN Thakur,Maharashtra Cricket Association Stadium,2,5,40.0
SN Thakur,Narendra Modi Stadium,0,1,0.0
SN Thakur,Punjab Cricket Association IS Bindra Stadium,8,3,266.66666666666663
SN Thakur,Rajiv Gandhi International Stadium,10,9,111.11111111111111
SN Thakur,Saurashtra Cricket Association Stadium,0,1,0.0
SN Thakur,Sharjah Cricket Stadium,11,20,55.00000000000001
SN Thakur,Wankhede Stadium,81,58,139.6551724137931
SN Thakur,Zayed Cricket Stadium,3,2,150.0
SO Hetmyer,Barsapara Cricket Stadium,75,38,197.36842105263156
SO Hetmyer,Brabourne Stadium,32,20,160.0
SO Hetmyer,Dr DY Patil Sports Academy,70,45,155.55555555555557
SO Hetmyer,Dubai International Cricket Stadium,147,108,136.11111111111111
SO Hetmyer,Eden Gardens,4,7,57.14285714285714
SO Hetmyer,Himachal Pradesh Cricket Association Stadium,46,28,164.28571428571428
SO Hetmyer,M Chinnaswamy Stadium,3,9,33.33333333333333
SO Hetmyer,M.Chinnaswamy Stadium,80,53,150.9433962264151
SO Hetmyer,MA Chidambaram Stadium,44,28,157.14285714285714
SO Hetmyer,Maharashtra Cricket Association Stadium,35,20,175.0
SO Hetmyer,Narendra Modi Stadium,138,71,194.3661971830986
SO Hetmyer,Rajiv Gandhi International Stadium,31,25,124.0
SO Hetmyer,Sawai Mansingh Stadium,60,61,98.36065573770492
SO Hetmyer,Sharjah Cricket Stadium,88,51,172.54901960784315
SO Hetmyer,Sheikh Zayed Stadium,73,38,192.10526315789474
SO Hetmyer,Wankhede Stadium,168,106,158.49056603773585
SO Hetmyer,Zayed Cricket Stadium,28,16,175.0
SP Fleming,Eden Gardens,32,20,160.0
SP Fleming,Feroz Shah Kotla,44,28,157.14285714285714
SP Fleming,MA Chidambaram Stadium,80,74,108.10810810810811
SP Fleming,Rajiv Gandhi International Stadium,14,9,155.55555555555557
SP Fleming,Sawai Mansingh Stadium,0,2,0.0
SP Fleming,Wankhede Stadium,26,29,89.65517241379311
SP Goswami,Dr DY Patil Sports Academy,6,3,200.0
SP Goswami,Eden Gardens,33,35,94.28571428571428
SP Goswami,Feroz Shah Kotla,22,20,110.00000000000001
SP Goswami,Kingsmead,53,60,88.33333333333333
SP Goswami,M Chinnaswamy Stadium,72,66,109.09090909090908
SP Goswami,MA Chidambaram Stadium,10,19,52.63157894736842
SP Goswami,Rajiv Gandhi International Stadium,38,28,135.71428571428572
SP Goswami,Sawai Mansingh Stadium,42,41,102.4390243902439
SP Goswami,Sheikh Zayed Stadium,0,4,0.0
SP Goswami,Wankhede Stadium,17,17,100.0
SP Jackson,Brabourne Stadium,15,15,100.0
SP Jackson,Dr DY Patil Sports Academy,5,8,62.5
SP Jackson,Eden Gardens,22,14,157.14285714285714
SP Jackson,Rajiv Gandhi International Stadium,16,17,94.11764705882352
SP Jackson,Wankhede Stadium,3,3,100.0
SP Narine,Arun Jaitley Stadium,30,15,200.0
SP Narine,Brabourne Stadium,10,4,250.0
SP Narine,Dr DY Patil Sports Academy,38,21,180.95238095238096
SP Narine,Dubai International Cricket Stadium,27,28,96.42857142857143
SP Narine,Eden Gardens,346,215,160.93023255813955
SP Narine,Feroz Shah Kotla,6,7,85.71428571428571
SP Narine,Green Park,2,7,28.57142857142857
SP Narine,Holkar Cricket Stadium,75,36,208.33333333333334
SP Narine,JSCA International Stadium Complex,1,1,100.0
SP Narine,M Chinnaswamy Stadium,67,32,209.375
SP Narine,M.Chinnaswamy Stadium,37,26,142.30769230769232
SP Narine,MA Chidambaram Stadium,18,9,200.0
SP Narine,Maharashtra Cricket Association Stadium,39,25,156.0
SP Narine,Narendra Modi Stadium,0,6,0.0
SP Narine,Punjab Cricket Association IS Bindra Stadium,25,12,208.33333333333334
SP Narine,Punjab Cricket Association Stadium,1,2,50.0
SP Narine,Rajiv Gandhi International Stadium,57,26,219.23076923076925
SP Narine,Sawai Mansingh Stadium,84,53,158.49056603773585
SP Narine,Sharjah Cricket Stadium,56,35,160.0
SP Narine,Sheikh Zayed Stadium,96,61,157.37704918032787
SP Narine,Wankhede Stadium,30,31,96.7741935483871
SP Narine,Zayed Cricket Stadium,0,1,0.0
SPD Smith,Barabati Stadium,47,26,180.76923076923077
SPD Smith,Brabourne Stadium,82,51,160.7843137254902
SPD Smith,Dr. Y.S. Rajasekhara Reddy ACA-VDCA Cricket Stadium,13,10,130.0
SPD Smith,Dubai International Cricket Stadium,108,90,120.0
SPD Smith,Eden Gardens,25,30,83.33333333333334
SPD Smith,Feroz Shah Kotla,82,54,151.85185185185185
SPD Smith,Holkar Cricket Stadium,26,27,96.29629629629629
SPD Smith,JSCA International Stadium Complex,9,8,112.5
SPD Smith,M Chinnaswamy Stadium,132,89,148.31460674157304
SPD Smith,MA Chidambaram Stadium,127,101,125.74257425742574
SPD Smith,Maharashtra Cricket Association Stadium,469,332,141.26506024096386
SPD Smith,Narendra Modi Stadium,28,27,103.7037037037037
SPD Smith,Punjab Cricket Association IS Bindra Stadium,38,26,146.15384615384613
SPD Smith,Punjab Cricket Association Stadium,19,22,86.36363636363636
SPD Smith,Rajiv Gandhi International Stadium,131,125,104.80000000000001
SPD Smith,Sardar Patel Stadium,141,121,116.5289256198347
SPD Smith,Saurashtra Cricket Association Stadium,48,34,141.1764705882353
SPD Smith,Sawai Mansingh Stadium,314,252,124.60317460317461
SPD Smith,Shaheed Veer Narayan Singh International Stadium,17,8,212.5
SPD Smith,Sharjah Cricket Stadium,218,148,147.2972972972973
SPD Smith,Sheikh Zayed Stadium,79,74,106.75675675675676
SPD Smith,Subrata Roy Sahara Stadium,178,142,125.35211267605635
SPD Smith,Wankhede Stadium,101,93,108.6021505376344
SR Tendulkar,Brabourne Stadium,261,199,131.15577889447238
SR Tendulkar,Buffalo Park,49,44,111.36363636363636
SR Tendulkar,Dr DY Patil Sports Academy,136,119,114.28571428571428
SR Tendulkar,Eden Gardens,42,35,120.0
SR Tendulkar,Feroz Shah Kotla,188,152,123.6842105263158
SR Tendulkar,Kingsmead,77,61,126.22950819672131
SR Tendulkar,M Chinnaswamy Stadium,148,138,107.24637681159422
SR Tendulkar,MA Chidambaram Stadium,101,75,134.66666666666666
SR Tendulkar,New Wanderers Stadium,11,11,100.0
SR Tendulkar,Newlands,59,49,120.40816326530613
SR Tendulkar,Punjab Cricket Association Stadium,69,63,109.52380952380953
SR Tendulkar,Rajiv Gandhi International Stadium,65,55,118.18181818181819
SR Tendulkar,Sawai Mansingh Stadium,185,154,120.12987012987013
SR Tendulkar,St George's Park,79,62,127.41935483870968
SR Tendulkar,Subrata Roy Sahara Stadium,49,48,102.08333333333333
SR Tendulkar,SuperSport Park,89,72,123.61111111111111
SR Tendulkar,Wankhede Stadium,726,604,120.19867549668875
SR Watson,Arun Jaitley Stadium,58,49,118.36734693877551
SR Watson,Brabourne Stadium,137,94,145.74468085106383
SR Watson,Dr DY Patil Sports Academy,60,39,153.84615384615387
SR Watson,Dr. Y.S. Rajasekhara Reddy ACA-VDCA Cricket Stadium,50,32,156.25
SR Watson,Dubai International Cricket Stadium,175,156,112.17948717948718
SR Watson,Eden Gardens,157,128,122.65625
SR Watson,Feroz Shah Kotla,65,44,147.72727272727272
SR Watson,Holkar Cricket Stadium,21,17,123.52941176470588
SR Watson,JSCA International Stadium Complex,51,36,141.66666666666669
SR Watson,M Chinnaswamy Stadium,235,172,136.62790697674419
SR Watson,M.Chinnaswamy Stadium,36,31,116.12903225806453
SR Watson,MA Chidambaram Stadium,433,295,146.77966101694915
SR Watson,Maharashtra Cricket Association Stadium,275,162,169.7530864197531
SR Watson,Punjab Cricket Association IS Bindra Stadium,19,23,82.6086956521739
SR Watson,Punjab Cricket Association Stadium,113,78,144.87179487179486
SR Watson,Rajiv Gandhi International Stadium,172,162,106.17283950617285
SR Watson,Sardar Patel Stadium,146,104,140.3846153846154
SR Watson,Saurashtra Cricket Association Stadium,6,6,100.0
SR Watson,Sawai Mansingh Stadium,875,619,141.35702746365104
SR Watson,Shaheed Veer Narayan Singh International Stadium,14,18,77.77777777777779
SR Watson,Sharjah Cricket Stadium,119,78,152.56410256410254
SR Watson,Sheikh Zayed Stadium,89,79,112.65822784810126
SR Watson,Subrata Roy Sahara Stadium,90,51,176.47058823529412
SR Watson,Vidarbha Cricket Association Stadium,58,36,161.11111111111111
SR Watson,Wankhede Stadium,342,229,149.34497816593887
SS Cottrell,Dubai International Cricket Stadium,0,2,0.0
SS Iyer,Arun Jaitley Stadium,449,355,126.47887323943662
SS Iyer,Brabourne Stadium,176,121,145.45454545454547
SS Iyer,Dr DY Patil Sports Academy,81,62,130.64516129032256
SS Iyer,Dr. Y.S. Rajasekhara Reddy ACA-VDCA Cricket Stadium,89,78,114.1025641025641
SS Iyer,Dubai International Cricket Stadium,281,262,107.25190839694656
SS Iyer,Eden Gardens,97,81,119.75308641975309
SS Iyer,Feroz Shah Kotla,363,283,128.26855123674912
SS Iyer,Green Park,96,57,168.42105263157893
SS Iyer,M Chinnaswamy Stadium,0,4,0.0
SS Iyer,M.Chinnaswamy Stadium,119,80,148.75
SS Iyer,MA Chidambaram Stadium,51,38,134.21052631578948
SS Iyer,Maharashtra Cricket Association Stadium,50,43,116.27906976744187
SS Iyer,Punjab Cricket Association IS Bindra Stadium,45,40,112.5
SS Iyer,Rajiv Gandhi International Stadium,139,107,129.90654205607478
SS Iyer,Sawai Mansingh Stadium,4,5,80.0
SS Iyer,Shaheed Veer Narayan Singh International Stadium,70,56,125.0
SS Iyer,Sharjah Cricket Stadium,197,143,137.76223776223776
SS Iyer,Sheikh Zayed Stadium,134,121,110.74380165289257
SS Iyer,Wankhede Stadium,190,158,120.25316455696202
SS Iyer,Zayed Cricket Stadium,43,32,134.375
SS Prabhudessai,Bharat Ratna Shri Atal Bihari Vajpayee Ekana Cricket Stadium,6,7,85.71428571428571
SS Prabhudessai,Brabourne Stadium,15,20,75.0
SS Prabhudessai,Dr DY Patil Sports Academy,44,26,169.23076923076923
SS Prabhudessai,M Chinnaswamy Stadium,29,22,131.8181818181818
SS Prabhudessai,Maharashtra Cricket Association Stadium,2,7,28.57142857142857
SS Prabhudessai,Wankhede Stadium,6,5,120.0
SS Shaikh,Kingsmead,6,7,85.71428571428571
SS Tiwary,Brabourne Stadium,251,181,138.67403314917127
SS Tiwary,Dr DY Patil Sports Academy,65,46,141.30434782608697
SS Tiwary,Dr. Y.S. Rajasekhara Reddy ACA-VDCA Cricket Stadium,26,25,104.0
SS Tiwary,Dubai International Cricket Stadium,50,40,125.0
SS Tiwary,Eden Gardens,154,129,119.3798449612403
SS Tiwary,Feroz Shah Kotla,105,75,140.0
SS Tiwary,Himachal Pradesh Cricket Association Stadium,6,11,54.54545454545454
SS Tiwary,JSCA International Stadium Complex,1,3,33.33333333333333
SS Tiwary,Kingsmead,6,4,150.0
SS Tiwary,M Chinnaswamy Stadium,230,203,113.30049261083744
SS Tiwary,MA Chidambaram Stadium,86,81,106.17283950617285
SS Tiwary,Maharashtra Cricket Association Stadium,58,47,123.40425531914893
SS Tiwary,Nehru Stadium,26,24,108.33333333333333
SS Tiwary,Punjab Cricket Association Stadium,25,22,113.63636363636364
SS Tiwary,Rajiv Gandhi International Stadium,37,37,100.0
SS Tiwary,Sawai Mansingh Stadium,23,17,135.29411764705884
SS Tiwary,Shaheed Veer Narayan Singh International Stadium,26,25,104.0
SS Tiwary,Sharjah Cricket Stadium,16,21,76.19047619047619
SS Tiwary,Sheikh Zayed Stadium,102,77,132.46753246753246
SS Tiwary,St George's Park,4,3,133.33333333333331
SS Tiwary,Subrata Roy Sahara Stadium,88,75,117.33333333333333
SS Tiwary,SuperSport Park,3,5,60.0
SS Tiwary,Wankhede Stadium,43,36,119.44444444444444
SS Tiwary,Zayed Cricket Stadium,50,39,128.2051282051282
ST Jayasuriya,Brabourne Stadium,25,19,131.57894736842107
ST Jayasuriya,Buffalo Park,6,8,75.0
ST Jayasuriya,Dr DY Patil Sports Academy,70,57,122.80701754385966
ST Jayasuriya,Eden Gardens,18,10,180.0
ST Jayasuriya,Feroz Shah Kotla,73,52,140.3846153846154
ST Jayasuriya,Kingsmead,17,29,58.620689655172406
ST Jayasuriya,M Chinnaswamy Stadium,54,37,145.94594594594594
ST Jayasuriya,MA Chidambaram Stadium,20,11,181.8181818181818
ST Jayasuriya,New Wanderers Stadium,52,43,120.93023255813952
ST Jayasuriya,Newlands,26,20,130.0
ST Jayasuriya,Punjab Cricket Association Stadium,1,7,14.285714285714285
ST Jayasuriya,Rajiv Gandhi International Stadium,36,15,240.0
ST Jayasuriya,Sawai Mansingh Stadium,39,39,100.0
ST Jayasuriya,St George's Park,111,75,148.0
ST Jayasuriya,SuperSport Park,9,15,60.0
ST Jayasuriya,Wankhede Stadium,211,92,229.34782608695653
STR Binny,Arun Jaitley Stadium,0,1,0.0
STR Binny,Brabourne Stadium,3,3,100.0
STR Binny,Dr. Y.S. Rajasekhara Reddy ACA-VDCA Cricket Stadium,16,14,114.28571428571428
STR Binny,Dubai International Cricket Stadium,8,11,72.72727272727273
STR Binny,Eden Gardens,58,54,107.40740740740742
STR Binny,Feroz Shah Kotla,43,28,153.57142857142858
STR Binny,Holkar Cricket Stadium,18,20,90.0
STR Binny,JSCA International Stadium Complex,22,17,129.41176470588235
STR Binny,M Chinnaswamy Stadium,104,60,173.33333333333334
STR Binny,M.Chinnaswamy Stadium,16,18,88.88888888888889
STR Binny,MA Chidambaram Stadium,43,29,148.27586206896552
STR Binny,Maharashtra Cricket Association Stadium,24,32,75.0
STR Binny,Punjab Cricket Association IS Bindra Stadium,33,11,300.0
STR Binny,Punjab Cricket Association Stadium,37,35,105.71428571428572
STR Binny,Rajiv Gandhi International Stadium,26,26,100.0
STR Binny,Sardar Patel Stadium,45,60,75.0
STR Binny,Sawai Mansingh Stadium,248,167,148.50299401197603
STR Binny,Shaheed Veer Narayan Singh International Stadium,16,11,145.45454545454547
STR Binny,Sharjah Cricket Stadium,12,8,150.0
STR Binny,Sheikh Zayed Stadium,48,32,150.0
STR Binny,Subrata Roy Sahara Stadium,1,4,25.0
STR Binny,Wankhede Stadium,47,36,130.55555555555557
SV Samson,Arun Jaitley Stadium,98,73,134.24657534246575
SV Samson,Barsapara Cricket Stadium,42,29,144.82758620689654
SV Samson,Brabourne Stadium,114,82,139.02439024390242
SV Samson,Dr DY Patil Sports Academy,63,43,146.51162790697674
SV Samson,Dr. Y.S. Rajasekhara Reddy ACA-VDCA Cricket Stadium,42,54,77.77777777777779
SV Samson,Dubai International Cricket Stadium,226,180,125.55555555555556
SV Samson,Eden Gardens,294,207,142.02898550724638
SV Samson,Feroz Shah Kotla,329,279,117.92114695340501
SV Samson,Green Park,10,7,142.85714285714286
SV Samson,Himachal Pradesh Cricket Association Stadium,2,3,66.66666666666666
SV Samson,Holkar Cricket Stadium,28,23,121.73913043478262
SV Samson,M Chinnaswamy Stadium,44,37,118.91891891891892
SV Samson,M.Chinnaswamy Stadium,105,56,187.5
SV Samson,MA Chidambaram Stadium,34,29,117.24137931034481
SV Samson,Maharashtra Cricket Association Stadium,196,128,153.125
SV Samson,Narendra Modi Stadium,97,64,151.5625
SV Samson,Punjab Cricket Association IS Bindra Stadium,81,70,115.71428571428572
SV Samson,Punjab Cricket Association Stadium,77,62,124.19354838709677
SV Samson,Rajiv Gandhi International Stadium,287,194,147.93814432989691
SV Samson,Sardar Patel Stadium,116,99,117.17171717171718
SV Samson,Saurashtra Cricket Association Stadium,19,12,158.33333333333331
SV Samson,Sawai Mansingh Stadium,517,381,135.6955380577428
SV Samson,Shaheed Veer Narayan Singh International Stadium,20,16,125.0
SV Samson,Sharjah Cricket Stadium,220,126,174.6031746031746
SV Samson,Sheikh Zayed Stadium,111,80,138.75
SV Samson,Wankhede Stadium,565,380,148.6842105263158
SV Samson,Zayed Cricket Stadium,98,76,128.94736842105263
SW Billings,Arun Jaitley Stadium,1,5,20.0
SW Billings,Brabourne Stadium,15,9,166.66666666666669
SW Billings,Dr DY Patil Sports Academy,54,42,128.57142857142858
SW Billings,Feroz Shah Kotla,154,104,148.0769230769231
SW Billings,M.Chinnaswamy Stadium,34,26,130.76923076923077
SW Billings,MA Chidambaram Stadium,56,23,243.47826086956525
SW Billings,Maharashtra Cricket Association Stadium,81,71,114.08450704225352
SW Billings,Punjab Cricket Association IS Bindra Stadium,15,19,78.94736842105263
SW Billings,Rajiv Gandhi International Stadium,13,13,100.0
SW Billings,Sawai Mansingh Stadium,27,22,122.72727272727273
SW Billings,Shaheed Veer Narayan Singh International Stadium,4,6,66.66666666666666
SW Billings,Wankhede Stadium,49,45,108.88888888888889
SW Tait,Eden Gardens,0,1,0.0
SW Tait,Feroz Shah Kotla,11,12,91.66666666666666
SW Tait,Holkar Cricket Stadium,10,9,111.11111111111111
SW Tait,M Chinnaswamy Stadium,1,3,33.33333333333333
SW Tait,Sardar Patel Stadium,1,1,100.0
Sachin Baby,Feroz Shah Kotla,12,8,150.0
Sachin Baby,M Chinnaswamy Stadium,59,32,184.375
Sachin Baby,Maharashtra Cricket Association Stadium,2,4,50.0
Sachin Baby,Punjab Cricket Association IS Bindra Stadium,33,29,113.79310344827587
Sachin Baby,Rajiv Gandhi International Stadium,31,26,119.23076923076923
Sachin Baby,Zayed Cricket Stadium,7,16,43.75
Salman Butt,Eden Gardens,169,136,124.26470588235294
Salman Butt,Rajiv Gandhi International Stadium,4,4,100.0
Salman Butt,Sawai Mansingh Stadium,7,7,100.0
Salman Butt,Wankhede Stadium,13,13,100.0
Sandeep Sharma,Arun Jaitley Stadium,8,6,133.33333333333331
Sandeep Sharma,Dubai International Cricket Stadium,10,11,90.9090909090909
Sandeep Sharma,Eden Gardens,1,1,100.0
Sandeep Sharma,Feroz Shah Kotla,3,4,75.0
Sandeep Sharma,M Chinnaswamy Stadium,12,14,85.71428571428571
Sandeep Sharma,MA Chidambaram Stadium,1,4,25.0
Sandeep Sharma,Punjab Cricket Association Stadium,1,2,50.0
Sandeep Sharma,Rajiv Gandhi International Stadium,11,9,122.22222222222223
Sandeep Sharma,Saurashtra Cricket Association Stadium,1,1,100.0
Sandeep Sharma,Sawai Mansingh Stadium,2,6,33.33333333333333
Sandeep Sharma,Sharjah Cricket Stadium,0,1,0.0
Sandeep Sharma,Sheikh Zayed Stadium,4,9,44.44444444444444
Sandeep Sharma,Wankhede Stadium,0,1,0.0
Sanvir Singh,Narendra Modi Stadium,7,6,116.66666666666667
Sanvir Singh,Wankhede Stadium,4,3,133.33333333333331
Shahbaz Ahmed,Brabourne Stadium,18,27,66.66666666666666
Shahbaz Ahmed,Dr DY Patil Sports Academy,94,68,138.23529411764704
Shahbaz Ahmed,Dubai International Cricket Stadium,1,3,33.33333333333333
Shahbaz Ahmed,Eden Gardens,1,5,20.0
Shahbaz Ahmed,M Chinnaswamy Stadium,36,31,116.12903225806453
Shahbaz Ahmed,MA Chidambaram Stadium,15,12,125.0
Shahbaz Ahmed,Maharashtra Cricket Association Stadium,18,29,62.06896551724138
Shahbaz Ahmed,Narendra Modi Stadium,20,19,105.26315789473684
Shahbaz Ahmed,Punjab Cricket Association IS Bindra Stadium,5,3,166.66666666666669
Shahbaz Ahmed,Sharjah Cricket Stadium,21,18,116.66666666666667
Shahbaz Ahmed,Sheikh Zayed Stadium,1,1,100.0
Shahbaz Ahmed,Wankhede Stadium,77,47,163.82978723404256
Shahbaz Ahmed,Zayed Cricket Stadium,14,9,155.55555555555557
Shahid Afridi,Feroz Shah Kotla,33,14,235.71428571428572
Shahid Afridi,M Chinnaswamy Stadium,1,2,50.0
Shahid Afridi,MA Chidambaram Stadium,20,6,333.33333333333337
Shahid Afridi,Rajiv Gandhi International Stadium,26,21,123.80952380952381
Shahid Afridi,Sawai Mansingh Stadium,1,3,33.33333333333333
Shakib Al Hasan,Barabati Stadium,9,8,112.5
Shakib Al Hasan,Brabourne Stadium,13,11,118.18181818181819
Shakib Al Hasan,Dubai International Cricket Stadium,30,23,130.43478260869566
Shakib Al Hasan,Eden Gardens,295,221,133.4841628959276
Shakib Al Hasan,Green Park,3,8,37.5
Shakib Al Hasan,JSCA International Stadium Complex,0,1,0.0
Shakib Al Hasan,M Chinnaswamy Stadium,16,11,145.45454545454547
Shakib Al Hasan,MA Chidambaram Stadium,49,45,108.88888888888889
Shakib Al Hasan,Maharashtra Cricket Association Stadium,11,15,73.33333333333333
Shakib Al Hasan,Punjab Cricket Association IS Bindra Stadium,35,26,134.6153846153846
Shakib Al Hasan,Rajiv Gandhi International Stadium,109,98,111.22448979591837
Shakib Al Hasan,Sardar Patel Stadium,21,13,161.53846153846155
Shakib Al Hasan,Sawai Mansingh Stadium,15,16,93.75
Shakib Al Hasan,Sharjah Cricket Stadium,9,8,112.5
Shakib Al Hasan,Sheikh Zayed Stadium,1,2,50.0
Shakib Al Hasan,Subrata Roy Sahara Stadium,43,33,130.3030303030303
Shakib Al Hasan,Wankhede Stadium,105,76,138.1578947368421
Shashank Singh,Brabourne Stadium,10,6,166.66666666666669
Shashank Singh,Maharashtra Cricket Association Stadium,26,26,100.0
Shashank Singh,Wankhede Stadium,33,15,220.00000000000003
Shivam Mavi,Arun Jaitley Stadium,0,3,0.0
Shivam Mavi,Brabourne Stadium,0,1,0.0
Shivam Mavi,Dr DY Patil Sports Academy,2,4,50.0
Shivam Mavi,Dubai International Cricket Stadium,20,13,153.84615384615387
Shivam Mavi,Eden Gardens,13,12,108.33333333333333
Shivam Mavi,Maharashtra Cricket Association Stadium,1,2,50.0
Shivam Mavi,Sharjah Cricket Stadium,1,3,33.33333333333333
Shivam Mavi,Sheikh Zayed Stadium,9,11,81.81818181818183
Shivam Mavi,Wankhede Stadium,5,7,71.42857142857143
Shivam Sharma,M Chinnaswamy Stadium,4,2,200.0
Shivam Sharma,Punjab Cricket Association Stadium,1,1,100.0
Shoaib Ahmed,Buffalo Park,1,2,50.0
Shoaib Ahmed,Kingsmead,0,1,0.0
Shoaib Ahmed,SuperSport Park,0,3,0.0
Shoaib Akhtar,Wankhede Stadium,2,7,28.57142857142857
Shoaib Malik,Dr DY Patil Sports Academy,24,21,114.28571428571428
Shoaib Malik,Feroz Shah Kotla,9,8,112.5
Shoaib Malik,Punjab Cricket Association Stadium,19,17,111.76470588235294
Shubman Gill,Arun Jaitley Stadium,51,41,124.39024390243902
Shubman Gill,Bharat Ratna Shri Atal Bihari Vajpayee Ekana Cricket Stadium,0,2,0.0
Shubman Gill,Brabourne Stadium,179,122,146.72131147540983
Shubman Gill,Dr DY Patil Sports Academy,36,33,109.09090909090908
Shubman Gill,Dubai International Cricket Stadium,224,176,127.27272727272727
Shubman Gill,Eden Gardens,419,289,144.98269896193773
Shubman Gill,Holkar Cricket Stadium,16,8,200.0
Shubman Gill,M Chinnaswamy Stadium,104,51,203.92156862745097
Shubman Gill,M.Chinnaswamy Stadium,8,5,160.0
Shubman Gill,MA Chidambaram Stadium,120,96,125.0
Shubman Gill,Maharashtra Cricket Association Stadium,147,95,154.73684210526315
Shubman Gill,Narendra Modi Stadium,669,419,159.66587112171837
Shubman Gill,Punjab Cricket Association IS Bindra Stadium,132,98,134.6938775510204
Shubman Gill,Rajiv Gandhi International Stadium,3,4,75.0
Shubman Gill,Sawai Mansingh Stadium,42,44,95.45454545454545
Shubman Gill,Sharjah Cricket Stadium,280,233,120.1716738197425
Shubman Gill,Sheikh Zayed Stadium,176,168,104.76190476190477
Shubman Gill,Wankhede Stadium,74,98,75.51020408163265
Shubman Gill,Zayed Cricket Stadium,70,47,148.93617021276594
Sikandar Raza,Arun Jaitley Stadium,11,7,157.14285714285714
Sikandar Raza,Barsapara Cricket Stadium,1,2,50.0
Sikandar Raza,Bharat Ratna Shri Atal Bihari Vajpayee Ekana Cricket Stadium,57,41,139.02439024390242
Sikandar Raza,MA Chidambaram Stadium,13,7,185.71428571428572
Sikandar Raza,Punjab Cricket Association IS Bindra Stadium,52,35,148.57142857142858
Sikandar Raza,Rajiv Gandhi International Stadium,5,6,83.33333333333334
Simarjeet Singh,Brabourne Stadium,3,3,100.0
Simarjeet Singh,Maharashtra Cricket Association Stadium,2,2,100.0
Simarjeet Singh,Wankhede Stadium,2,3,66.66666666666666
Sohail Tanvir,Dr DY Patil Sports Academy,15,13,115.38461538461537
Sohail Tanvir,Eden Gardens,13,8,162.5
Sohail Tanvir,Sawai Mansingh Stadium,3,2,150.0
Sohail Tanvir,Wankhede Stadium,5,5,100.0
Sunny Gupta,MA Chidambaram Stadium,0,1,0.0
Sunny Singh,Dr DY Patil Sports Academy,12,6,200.0
Sunny Singh,Feroz Shah Kotla,2,4,50.0
Sunny Singh,M Chinnaswamy Stadium,4,5,80.0
Sunny Singh,Punjab Cricket Association Stadium,25,16,156.25
Swapnil Singh,Eden Gardens,0,1,0.0
Swapnil Singh,Maharashtra Cricket Association Stadium,10,17,58.82352941176471
Swapnil Singh,Narendra Modi Stadium,2,4,50.0
Swapnil Singh,Punjab Cricket Association IS Bindra Stadium,2,2,100.0
T Banton,Sharjah Cricket Stadium,8,12,66.66666666666666
T Banton,Sheikh Zayed Stadium,10,8,125.0
T Henderson,Kingsmead,0,1,0.0
T Henderson,Newlands,11,14,78.57142857142857
T Kohli,Feroz Shah Kotla,7,12,58.333333333333336
T Kohli,Kingsmead,1,4,25.0
T Kohli,MA Chidambaram Stadium,3,3,100.0
T Natarajan,Dubai International Cricket Stadium,3,5,60.0
T Shamsi,Zayed Cricket Stadium,2,4,50.0
T Stubbs,MA Chidambaram Stadium,20,21,95.23809523809523
T Stubbs,Wankhede Stadium,7,14,50.0
T Taibu,Eden Gardens,22,21,104.76190476190477
T Taibu,Rajiv Gandhi International Stadium,9,5,180.0
T Thushara,Kingsmead,1,5,20.0
T Thushara,Newlands,1,2,50.0
T Thushara,Sardar Patel Stadium,2,3,66.66666666666666
T Thushara,Vidarbha Cricket Association Stadium,8,8,100.0
TA Boult,Brabourne Stadium,17,9,188.88888888888889
TA Boult,Dr DY Patil Sports Academy,5,5,100.0
TA Boult,Dr. Y.S. Rajasekhara Reddy ACA-VDCA Cricket Stadium,6,3,200.0
TA Boult,Dubai International Cricket Stadium,0,3,0.0
TA Boult,Eden Gardens,5,10,50.0
TA Boult,Himachal Pradesh Cricket Association Stadium,1,2,50.0
TA Boult,MA Chidambaram Stadium,2,2,100.0
TA Boult,Maharashtra Cricket Association Stadium,5,7,71.42857142857143
TA Boult,Narendra Modi Stadium,11,8,137.5
TA Boult,Sawai Mansingh Stadium,15,11,136.36363636363635
TA Boult,Sheikh Zayed Stadium,0,1,0.0
TA Boult,Wankhede Stadium,2,1,200.0
TD Paine,M Chinnaswamy Stadium,8,17,47.05882352941176
TD Paine,Wankhede Stadium,2,9,22.22222222222222
TG Southee,Dr DY Patil Sports Academy,2,10,20.0
TG Southee,Dr. Y.S. Rajasekhara Reddy ACA-VDCA Cricket Stadium,4,7,57.14285714285714
TG Southee,Dubai International Cricket Stadium,4,4,100.0
TG Southee,Feroz Shah Kotla,8,5,160.0
TG Southee,M.Chinnaswamy Stadium,11,12,91.66666666666666
TG Southee,Maharashtra Cricket Association Stadium,43,30,143.33333333333334
TG Southee,Sawai Mansingh Stadium,14,17,82.35294117647058
TG Southee,Sharjah Cricket Stadium,3,5,60.0
TG Southee,Wankhede Stadium,31,16,193.75
TH David,Arun Jaitley Stadium,13,11,118.18181818181819
TH David,Bharat Ratna Shri Atal Bihari Vajpayee Ekana Cricket Stadium,32,18,177.77777777777777
TH David,Brabourne Stadium,56,29,193.10344827586206
TH David,Dr DY Patil Sports Academy,34,21,161.9047619047619
TH David,M Chinnaswamy Stadium,4,7,57.14285714285714
TH David,MA Chidambaram Stadium,15,17,88.23529411764706
TH David,Narendra Modi Stadium,2,5,40.0
TH David,Punjab Cricket Association IS Bindra Stadium,19,10,190.0
TH David,Rajiv Gandhi International Stadium,16,11,145.45454545454547
TH David,Sharjah Cricket Stadium,1,3,33.33333333333333
TH David,Wankhede Stadium,226,102,221.56862745098042
TK Curran,Dubai International Cricket Stadium,54,37,145.94594594594594
TK Curran,Eden Gardens,21,23,91.30434782608695
TK Curran,MA Chidambaram Stadium,2,5,40.0
TK Curran,Sharjah Cricket Stadium,14,10,140.0
TK Curran,Sheikh Zayed Stadium,15,16,93.75
TK Curran,Wankhede Stadium,21,16,131.25
TL Seifert,Brabourne Stadium,21,14,150.0
TL Seifert,Dubai International Cricket Stadium,2,4,50.0
TL Seifert,Maharashtra Cricket Association Stadium,3,5,60.0
TL Suman,Barabati Stadium,55,41,134.14634146341464
TL Suman,Brabourne Stadium,11,16,68.75
TL Suman,Buffalo Park,17,17,100.0
TL Suman,De Beers Diamond Oval,56,36,155.55555555555557
TL Suman,Dr DY Patil Sports Academy,62,45,137.77777777777777
TL Suman,Dr. Y.S. Rajasekhara Reddy ACA-VDCA Cricket Stadium,5,9,55.55555555555556
TL Suman,Eden Gardens,19,15,126.66666666666666
TL Suman,Feroz Shah Kotla,5,6,83.33333333333334
TL Suman,Himachal Pradesh Cricket Association Stadium,43,31,138.70967741935485
TL Suman,Kingsmead,3,7,42.857142857142854
TL Suman,M Chinnaswamy Stadium,78,57,136.8421052631579
TL Suman,MA Chidambaram Stadium,10,4,250.0
TL Suman,Maharashtra Cricket Association Stadium,12,14,85.71428571428571
TL Suman,New Wanderers Stadium,41,36,113.88888888888889
TL Suman,Punjab Cricket Association Stadium,4,5,80.0
TL Suman,Sardar Patel Stadium,9,15,60.0
TL Suman,St George's Park,41,30,136.66666666666666
TL Suman,Subrata Roy Sahara Stadium,17,29,58.620689655172406
TL Suman,SuperSport Park,79,64,123.4375
TL Suman,Vidarbha Cricket Association Stadium,55,45,122.22222222222223
TL Suman,Wankhede Stadium,54,51,105.88235294117648
TM Dilshan,Buffalo Park,17,19,89.47368421052632
TM Dilshan,Eden Gardens,64,53,120.75471698113208
TM Dilshan,Feroz Shah Kotla,77,67,114.92537313432835
TM Dilshan,Kingsmead,129,79,163.29113924050634
TM Dilshan,M Chinnaswamy Stadium,326,297,109.76430976430977
TM Dilshan,MA Chidambaram Stadium,1,3,33.33333333333333
TM Dilshan,Nehru Stadium,1,4,25.0
TM Dilshan,New Wanderers Stadium,14,15,93.33333333333333
TM Dilshan,OUTsurance Oval,43,60,71.66666666666667
TM Dilshan,Punjab Cricket Association Stadium,0,3,0.0
TM Dilshan,Rajiv Gandhi International Stadium,11,20,55.00000000000001
TM Dilshan,Sardar Patel Stadium,0,1,0.0
TM Dilshan,Sawai Mansingh Stadium,132,96,137.5
TM Dilshan,St George's Park,67,47,142.5531914893617
TM Dilshan,Subrata Roy Sahara Stadium,53,44,120.45454545454545
TM Dilshan,SuperSport Park,148,119,124.36974789915966
TM Dilshan,Wankhede Stadium,65,65,100.0
TM Head,Feroz Shah Kotla,2,2,100.0
TM Head,M Chinnaswamy Stadium,81,56,144.64285714285714
TM Head,Maharashtra Cricket Association Stadium,2,5,40.0
TM Head,Punjab Cricket Association IS Bindra Stadium,11,7,157.14285714285714
TM Head,Rajiv Gandhi International Stadium,30,22,136.36363636363635
TM Head,Saurashtra Cricket Association Stadium,30,16,187.5
TM Head,Wankhede Stadium,49,39,125.64102564102564
TM Srivastava,Eden Gardens,1,1,100.0
TM Srivastava,Kingsmead,0,1,0.0
TM Srivastava,Punjab Cricket Association Stadium,7,9,77.77777777777779
TR Birt,Feroz Shah Kotla,35,26,134.6153846153846
TR Birt,Himachal Pradesh Cricket Association Stadium,16,11,145.45454545454547
TR Birt,Nehru Stadium,20,12,166.66666666666669
TR Birt,Rajiv Gandhi International Stadium,4,8,50.0
TS Mills,Brabourne Stadium,0,1,0.0
TS Mills,Eden Gardens,2,5,40.0
TS Mills,M.Chinnaswamy Stadium,0,3,0.0
TS Mills,Maharashtra Cricket Association Stadium,0,2,0.0
TS Mills,Rajiv Gandhi International Stadium,6,3,200.0
TU Deshpande,Dubai International Cricket Stadium,20,9,222.22222222222223
TU Deshpande,MA Chidambaram Stadium,0,1,0.0
TU Deshpande,Sheikh Zayed Stadium,1,3,33.33333333333333
Tilak Varma,Arun Jaitley Stadium,41,29,141.3793103448276
Tilak Varma,Brabourne Stadium,69,56,123.21428571428572
Tilak Varma,Dr DY Patil Sports Academy,153,111,137.83783783783784
Tilak Varma,M Chinnaswamy Stadium,84,45,186.66666666666666
Tilak Varma,MA Chidambaram Stadium,26,22,118.18181818181819
Tilak Varma,Maharashtra Cricket Association Stadium,74,50,148.0
Tilak Varma,Narendra Modi Stadium,45,17,264.70588235294116
Tilak Varma,Punjab Cricket Association IS Bindra Stadium,26,10,260.0
Tilak Varma,Rajiv Gandhi International Stadium,37,17,217.6470588235294
Tilak Varma,Wankhede Stadium,185,153,120.91503267973856
U Kaul,MA Chidambaram Stadium,0,1,0.0
UA Birla,Subrata Roy Sahara Stadium,7,14,50.0
UBT Chand,Dr. Y.S. Rajasekhara Reddy ACA-VDCA Cricket Stadium,0,4,0.0
UBT Chand,Eden Gardens,0,1,0.0
UBT Chand,Feroz Shah Kotla,96,77,124.67532467532467
UBT Chand,Himachal Pradesh Cricket Association Stadium,25,32,78.125
UBT Chand,M Chinnaswamy Stadium,58,37,156.75675675675674
UBT Chand,MA Chidambaram Stadium,16,12,133.33333333333331
UBT Chand,Rajiv Gandhi International Stadium,17,23,73.91304347826086
UBT Chand,Sardar Patel Stadium,14,26,53.84615384615385
UBT Chand,Sawai Mansingh Stadium,2,10,20.0
UBT Chand,Shaheed Veer Narayan Singh International Stadium,54,58,93.10344827586206
UBT Chand,Wankhede Stadium,18,19,94.73684210526315
UT Khawaja,Dr. Y.S. Rajasekhara Reddy ACA-VDCA Cricket Stadium,60,50,120.0
UT Khawaja,Eden Gardens,21,16,131.25
UT Khawaja,Feroz Shah Kotla,30,27,111.11111111111111
UT Khawaja,M Chinnaswamy Stadium,16,6,266.66666666666663
UT Yadav,Arun Jaitley Stadium,3,5,60.0
UT Yadav,Barabati Stadium,3,4,75.0
UT Yadav,Brabourne Stadium,46,22,209.0909090909091
UT Yadav,Dr DY Patil Sports Academy,33,28,117.85714285714286
UT Yadav,Dubai International Cricket Stadium,0,2,0.0
UT Yadav,Eden Gardens,19,17,111.76470588235294
UT Yadav,Feroz Shah Kotla,14,21,66.66666666666666
UT Yadav,M Chinnaswamy Stadium,2,3,66.66666666666666
UT Yadav,M.Chinnaswamy Stadium,11,8,137.5
UT Yadav,MA Chidambaram Stadium,14,24,58.333333333333336
UT Yadav,Maharashtra Cricket Association Stadium,8,7,114.28571428571428
UT Yadav,Narendra Modi Stadium,5,6,83.33333333333334
UT Yadav,Rajiv Gandhi International Stadium,16,14,114.28571428571428
UT Yadav,Sawai Mansingh Stadium,0,1,0.0
UT Yadav,Sheikh Zayed Stadium,2,4,50.0
UT Yadav,Subrata Roy Sahara Stadium,9,10,90.0
UT Yadav,Wankhede Stadium,11,10,110.00000000000001
Umar Gul,Eden Gardens,37,17,217.6470588235294
Umar Gul,Sawai Mansingh Stadium,2,2,100.0
Umran Malik,Dr DY Patil Sports Academy,1,1,100.0
Umran Malik,Maharashtra Cricket Association Stadium,3,5,60.0
Umran Malik,Rajiv Gandhi International Stadium,19,7,271.42857142857144
Umran Malik,Wankhede Stadium,0,2,0.0
V Kohli,Arun Jaitley Stadium,148,103,143.68932038834953
V Kohli,Bharat Ratna Shri Atal Bihari Vajpayee Ekana Cricket Stadium,31,30,103.33333333333334
V Kohli,Brabourne Stadium,95,80,118.75
V Kohli,Dr DY Patil Sports Academy,63,46,136.95652173913044
V Kohli,Dubai International Cricket Stadium,325,256,126.953125
V Kohli,Eden Gardens,353,278,126.97841726618707
V Kohli,Feroz Shah Kotla,335,227,147.5770925110132
V Kohli,Himachal Pradesh Cricket Association Stadium,11,11,100.0
V Kohli,Holkar Cricket Stadium,48,27,177.77777777777777
V Kohli,JSCA International Stadium Complex,56,52,107.6923076923077
V Kohli,Kingsmead,75,64,117.1875
V Kohli,M Chinnaswamy Stadium,2161,1546,139.78007761966364
V Kohli,M.Chinnaswamy Stadium,447,305,146.55737704918033
V Kohli,MA Chidambaram Stadium,362,322,112.4223602484472
V Kohli,Maharashtra Cricket Association Stadium,242,218,111.0091743119266
V Kohli,Narendra Modi Stadium,54,53,101.88679245283019
V Kohli,Nehru Stadium,23,18,127.77777777777777
V Kohli,New Wanderers Stadium,31,25,124.0
V Kohli,Newlands,53,40,132.5
V Kohli,Punjab Cricket Association IS Bindra Stadium,146,121,120.66115702479338
V Kohli,Punjab Cricket Association Stadium,100,75,133.33333333333331
V Kohli,Rajiv Gandhi International Stadium,389,275,141.45454545454547
V Kohli,Sardar Patel Stadium,62,46,134.7826086956522
V Kohli,Saurashtra Cricket Association Stadium,164,113,145.13274336283186
V Kohli,Sawai Mansingh Stadium,149,158,94.30379746835443
V Kohli,Shaheed Veer Narayan Singh International Stadium,54,45,120.0
V Kohli,Sharjah Cricket Stadium,285,232,122.84482758620689
V Kohli,Sheikh Zayed Stadium,155,140,110.71428571428572
V Kohli,St George's Park,53,59,89.83050847457628
V Kohli,Subrata Roy Sahara Stadium,34,30,113.33333333333333
V Kohli,SuperSport Park,34,31,109.6774193548387
V Kohli,Vidarbha Cricket Association Stadium,3,4,75.0
V Kohli,Wankhede Stadium,571,412,138.59223300970874
V Kohli,Zayed Cricket Stadium,10,8,125.0
V Pratap Singh,Wankhede Stadium,0,1,0.0
V Sehwag,Barabati Stadium,105,80,131.25
V Sehwag,Brabourne Stadium,20,18,111.11111111111111
V Sehwag,Dr DY Patil Sports Academy,77,43,179.06976744186048
V Sehwag,Dubai International Cricket Stadium,32,26,123.07692307692308
V Sehwag,Eden Gardens,86,57,150.87719298245614
V Sehwag,Feroz Shah Kotla,933,557,167.5044883303411
V Sehwag,Himachal Pradesh Cricket Association Stadium,30,22,136.36363636363635
V Sehwag,Kingsmead,17,18,94.44444444444444
V Sehwag,M Chinnaswamy Stadium,96,65,147.6923076923077
V Sehwag,MA Chidambaram Stadium,81,55,147.27272727272725
V Sehwag,Maharashtra Cricket Association Stadium,58,52,111.53846153846155
V Sehwag,Nehru Stadium,80,47,170.2127659574468
V Sehwag,New Wanderers Stadium,0,2,0.0
V Sehwag,Newlands,38,16,237.5
V Sehwag,OUTsurance Oval,11,14,78.57142857142857
V Sehwag,Punjab Cricket Association Stadium,60,43,139.53488372093022
V Sehwag,Rajiv Gandhi International Stadium,229,117,195.72649572649573
V Sehwag,Sardar Patel Stadium,75,34,220.58823529411765
V Sehwag,Sawai Mansingh Stadium,105,67,156.71641791044777
V Sehwag,Shaheed Veer Narayan Singh International Stadium,45,41,109.75609756097562
V Sehwag,Sharjah Cricket Stadium,32,29,110.34482758620689
V Sehwag,Sheikh Zayed Stadium,56,40,140.0
V Sehwag,St George's Park,7,5,140.0
V Sehwag,Subrata Roy Sahara Stadium,108,65,166.15384615384616
V Sehwag,SuperSport Park,125,79,158.22784810126583
V Sehwag,Wankhede Stadium,196,122,160.65573770491804
V Shankar,Arun Jaitley Stadium,170,135,125.92592592592592
V Shankar,Bharat Ratna Shri Atal Bihari Vajpayee Ekana Cricket Stadium,10,12,83.33333333333334
V Shankar,Dr DY Patil Sports Academy,2,7,28.57142857142857
V Shankar,Dr. Y.S. Rajasekhara Reddy ACA-VDCA Cricket Stadium,25,11,227.27272727272728
V Shankar,Dubai International Cricket Stadium,90,86,104.65116279069768
V Shankar,Eden Gardens,93,52,178.84615384615387
V Shankar,Green Park,63,44,143.1818181818182
V Shankar,M Chinnaswamy Stadium,75,52,144.23076923076923
V Shankar,M.Chinnaswamy Stadium,27,18,150.0
V Shankar,MA Chidambaram Stadium,82,67,122.38805970149254
V Shankar,Maharashtra Cricket Association Stadium,67,53,126.41509433962264
V Shankar,Narendra Modi Stadium,115,69,166.66666666666669
V Shankar,Punjab Cricket Association IS Bindra Stadium,39,40,97.5
V Shankar,Rajiv Gandhi International Stadium,102,70,145.7142857142857
V Shankar,Sawai Mansingh Stadium,11,13,84.61538461538461
V Shankar,Wankhede Stadium,34,22,154.54545454545453
VG Arora,Brabourne Stadium,5,12,41.66666666666667
VG Arora,Dr DY Patil Sports Academy,0,1,0.0
VG Arora,Eden Gardens,1,1,100.0
VG Arora,Rajiv Gandhi International Stadium,2,1,200.0
VH Zol,M Chinnaswamy Stadium,29,26,111.53846153846155
VR Aaron,Arun Jaitley Stadium,3,7,42.857142857142854
VR Aaron,Dubai International Cricket Stadium,11,22,50.0
VR Aaron,Eden Gardens,4,5,80.0
VR Aaron,Feroz Shah Kotla,1,1,100.0
VR Aaron,Himachal Pradesh Cricket Association Stadium,0,5,0.0
VR Aaron,M Chinnaswamy Stadium,23,19,121.05263157894737
VR Aaron,MA Chidambaram Stadium,0,2,0.0
VR Aaron,Sharjah Cricket Stadium,1,2,50.0
VR Aaron,Wankhede Stadium,7,8,87.5
VR Iyer,Arun Jaitley Stadium,0,2,0.0
VR Iyer,Brabourne Stadium,30,28,107.14285714285714
VR Iyer,Dr DY Patil Sports Academy,70,59,118.64406779661016
VR Iyer,Dubai International Cricket Stadium,125,95,131.57894736842107
VR Iyer,Eden Gardens,136,122,111.47540983606557
VR Iyer,M Chinnaswamy Stadium,31,26,119.23076923076923
VR Iyer,MA Chidambaram Stadium,9,4,225.0
VR Iyer,Maharashtra Cricket Association Stadium,57,47,121.27659574468086
VR Iyer,Narendra Modi Stadium,83,40,207.50000000000003
VR Iyer,Punjab Cricket Association IS Bindra Stadium,34,27,125.92592592592592
VR Iyer,Rajiv Gandhi International Stadium,7,4,175.0
VR Iyer,Sharjah Cricket Stadium,133,121,109.91735537190081
VR Iyer,Wankhede Stadium,129,86,150.0
VR Iyer,Zayed Cricket Stadium,112,72,155.55555555555557
VRV Singh,MA Chidambaram Stadium,0,1,0.0
VRV Singh,Punjab Cricket Association Stadium,4,2,200.0
VS Malik,Brabourne Stadium,6,5,120.0
VS Malik,Punjab Cricket Association Stadium,1,2,50.0
VS Yeligati,Wankhede Stadium,2,2,100.0
VVS Laxman,Barabati Stadium,10,7,142.85714285714286
VVS Laxman,Brabourne Stadium,4,7,57.14285714285714
VVS Laxman,Buffalo Park,0,7,0.0
VVS Laxman,Dr DY Patil Sports Academy,59,43,137.2093023255814
VVS Laxman,Eden Gardens,0,6,0.0
VVS Laxman,Kingsmead,4,6,66.66666666666666
VVS Laxman,M Chinnaswamy Stadium,52,44,118.18181818181819
VVS Laxman,MA Chidambaram Stadium,12,11,109.09090909090908
VVS Laxman,Nehru Stadium,36,28,128.57142857142858
VVS Laxman,Newlands,15,20,75.0
VVS Laxman,Rajiv Gandhi International Stadium,66,56,117.85714285714286
VVS Laxman,Sardar Patel Stadium,10,12,83.33333333333334
VVS Laxman,Sawai Mansingh Stadium,8,10,80.0
VVS Laxman,Vidarbha Cricket Association Stadium,6,9,66.66666666666666
VY Mahesh,Dr DY Patil Sports Academy,3,5,60.0
VY Mahesh,Eden Gardens,3,6,50.0
VY Mahesh,Punjab Cricket Association Stadium,6,5,120.0
VY Mahesh,Sawai Mansingh Stadium,0,1,0.0
VY Mahesh,Wankhede Stadium,3,10,30.0
Vijaykumar Vyshak,M Chinnaswamy Stadium,13,9,144.44444444444443
Virat Singh,MA Chidambaram Stadium,11,12,91.66666666666666
Vishnu Vinod,Bharat Ratna Shri Atal Bihari Vajpayee Ekana Cricket Stadium,2,3,66.66666666666666
Vishnu Vinod,Feroz Shah Kotla,3,9,33.33333333333333
Vishnu Vinod,Holkar Cricket Stadium,7,12,58.333333333333336
Vishnu Vinod,M.Chinnaswamy Stadium,9,5,180.0
Vishnu Vinod,Narendra Modi Stadium,5,7,71.42857142857143
Vishnu Vinod,Wankhede Stadium,30,20,150.0
Vivrant Sharma,Wankhede Stadium,69,47,146.80851063829786
W Jaffer,Feroz Shah Kotla,10,9,111.11111111111111
W Jaffer,M Chinnaswamy Stadium,100,90,111.11111111111111
W Jaffer,New Wanderers Stadium,7,8,87.5
W Jaffer,Rajiv Gandhi International Stadium,5,5,100.0
W Jaffer,SuperSport Park,8,9,88.88888888888889
WA Mota,De Beers Diamond Oval,3,4,75.0
WA Mota,Kingsmead,10,16,62.5
WA Mota,New Wanderers Stadium,12,19,63.1578947368421
WA Mota,Newlands,1,2,50.0
WA Mota,Sawai Mansingh Stadium,1,1,100.0
WA Mota,SuperSport Park,4,7,57.14285714285714
WA Mota,Wankhede Stadium,25,26,96.15384615384616
WD Parnell,Dr DY Patil Sports Academy,28,31,90.32258064516128
WD Parnell,Eden Gardens,1,2,50.0
WD Parnell,Feroz Shah Kotla,2,2,100.0
WD Parnell,M Chinnaswamy Stadium,2,5,40.0
WD Parnell,Subrata Roy Sahara Stadium,12,18,66.66666666666666
WD Parnell,Wankhede Stadium,20,22,90.9090909090909
WP Saha,Arun Jaitley Stadium,14,7,200.0
WP Saha,Barabati Stadium,15,9,166.66666666666669
WP Saha,Bharat Ratna Shri Atal Bihari Vajpayee Ekana Cricket Stadium,47,37,127.02702702702702
WP Saha,Brabourne Stadium,84,62,135.48387096774192
WP Saha,Buffalo Park,8,4,200.0
WP Saha,Dr DY Patil Sports Academy,46,42,109.52380952380953
WP Saha,Dr. Y.S. Rajasekhara Reddy ACA-VDCA Cricket Stadium,67,53,126.41509433962264
WP Saha,Dubai International Cricket Stadium,125,80,156.25
WP Saha,Eden Gardens,289,227,127.31277533039646
WP Saha,Feroz Shah Kotla,46,50,92.0
WP Saha,Holkar Cricket Stadium,25,24,104.16666666666667
WP Saha,Kingsmead,22,15,146.66666666666666
WP Saha,M Chinnaswamy Stadium,237,177,133.89830508474577
WP Saha,M.Chinnaswamy Stadium,20,11,181.8181818181818
WP Saha,MA Chidambaram Stadium,172,155,110.96774193548387
WP Saha,Maharashtra Cricket Association Stadium,90,89,101.12359550561798
WP Saha,Narendra Modi Stadium,208,155,134.1935483870968
WP Saha,New Wanderers Stadium,7,4,175.0
WP Saha,Punjab Cricket Association IS Bindra Stadium,203,175,115.99999999999999
WP Saha,Punjab Cricket Association Stadium,189,129,146.51162790697674
WP Saha,Rajiv Gandhi International Stadium,133,95,140.0
WP Saha,Sardar Patel Stadium,1,2,50.0
WP Saha,Saurashtra Cricket Association Stadium,43,24,179.16666666666669
WP Saha,Sawai Mansingh Stadium,58,48,120.83333333333333
WP Saha,Sharjah Cricket Stadium,174,162,107.40740740740742
WP Saha,Sheikh Zayed Stadium,44,41,107.31707317073172
WP Saha,Subrata Roy Sahara Stadium,13,15,86.66666666666667
WP Saha,SuperSport Park,35,18,194.44444444444443
WP Saha,Wankhede Stadium,327,235,139.14893617021275
WP Saha,Zayed Cricket Stadium,12,13,92.3076923076923
WPUJC Vaas,Barabati Stadium,19,12,158.33333333333331
WPUJC Vaas,De Beers Diamond Oval,20,15,133.33333333333331
WPUJC Vaas,Dr DY Patil Sports Academy,0,1,0.0
WPUJC Vaas,Eden Gardens,0,1,0.0
WPUJC Vaas,Feroz Shah Kotla,3,8,37.5
WPUJC Vaas,Kingsmead,10,6,166.66666666666669
WPUJC Vaas,Rajiv Gandhi International Stadium,21,16,131.25
WPUJC Vaas,Sardar Patel Stadium,8,13,61.53846153846154
Washington Sundar,Arun Jaitley Stadium,1,2,50.0
Washington Sundar,Bharat Ratna Shri Atal Bihari Vajpayee Ekana Cricket Stadium,16,28,57.14285714285714
Washington Sundar,Dr DY Patil Sports Academy,18,14,128.57142857142858
Washington Sundar,Dubai International Cricket Stadium,62,50,124.0
Washington Sundar,Eden Gardens,1,3,33.33333333333333
Washington Sundar,Feroz Shah Kotla,5,3,166.66666666666669
Washington Sundar,M.Chinnaswamy Stadium,58,31,187.09677419354838
Washington Sundar,MA Chidambaram Stadium,27,32,84.375
Washington Sundar,Maharashtra Cricket Association Stadium,46,25,184.0
Washington Sundar,Narendra Modi Stadium,6,9,66.66666666666666
Washington Sundar,Rajiv Gandhi International Stadium,36,30,120.0
Washington Sundar,Sharjah Cricket Stadium,34,32,106.25
Washington Sundar,Sheikh Zayed Stadium,15,13,115.38461538461537
Washington Sundar,Wankhede Stadium,53,51,103.921568627451
X Thalaivan Sargunam,MA Chidambaram Stadium,10,17,58.82352941176471
Y Gnaneswara Rao,MA Chidambaram Stadium,19,17,111.76470588235294
Y Nagar,Barabati Stadium,1,6,16.666666666666664
Y Nagar,Feroz Shah Kotla,155,119,130.25210084033614
Y Nagar,Himachal Pradesh Cricket Association Stadium,10,7,142.85714285714286
Y Nagar,M Chinnaswamy Stadium,16,15,106.66666666666667
Y Nagar,MA Chidambaram Stadium,45,49,91.83673469387756
Y Nagar,Nehru Stadium,22,30,73.33333333333333
Y Nagar,New Wanderers Stadium,20,20,100.0
Y Nagar,Rajiv Gandhi International Stadium,7,3,233.33333333333334
Y Nagar,Sawai Mansingh Stadium,9,9,100.0
Y Nagar,Wankhede Stadium,0,1,0.0
Y Prithvi Raj,Rajiv Gandhi International Stadium,0,1,0.0
Y Venugopal Rao,Barabati Stadium,1,2,50.0
Y Venugopal Rao,Buffalo Park,2,5,40.0
Y Venugopal Rao,De Beers Diamond Oval,44,32,137.5
Y Venugopal Rao,Dr DY Patil Sports Academy,62,56,110.71428571428572
Y Venugopal Rao,Eden Gardens,41,39,105.12820512820514
Y Venugopal Rao,Feroz Shah Kotla,235,186,126.34408602150538
Y Venugopal Rao,Himachal Pradesh Cricket Association Stadium,37,32,115.625
Y Venugopal Rao,JSCA International Stadium Complex,4,1,400.0
Y Venugopal Rao,Kingsmead,10,13,76.92307692307693
Y Venugopal Rao,M Chinnaswamy Stadium,18,23,78.26086956521739
Y Venugopal Rao,MA Chidambaram Stadium,67,51,131.37254901960785
Y Venugopal Rao,Nehru Stadium,1,10,10.0
Y Venugopal Rao,New Wanderers Stadium,7,10,70.0
Y Venugopal Rao,Newlands,9,13,69.23076923076923
Y Venugopal Rao,Punjab Cricket Association Stadium,2,5,40.0
Y Venugopal Rao,Rajiv Gandhi International Stadium,218,171,127.48538011695906
Y Venugopal Rao,Sardar Patel Stadium,2,5,40.0
Y Venugopal Rao,Sawai Mansingh Stadium,83,51,162.7450980392157
Y Venugopal Rao,Sharjah Cricket Stadium,24,24,100.0
Y Venugopal Rao,Sheikh Zayed Stadium,16,12,133.33333333333331
Y Venugopal Rao,Subrata Roy Sahara Stadium,13,22,59.09090909090909
Y Venugopal Rao,SuperSport Park,52,41,126.82926829268293
Y Venugopal Rao,Wankhede Stadium,37,27,137.03703703703704
YA Abdulla,Punjab Cricket Association Stadium,0,1,0.0
YBK Jaiswal,Arun Jaitley Stadium,44,33,133.33333333333331
YBK Jaiswal,Barsapara Cricket Stadium,71,39,182.05128205128204
YBK Jaiswal,Brabourne Stadium,100,72,138.88888888888889
YBK Jaiswal,Dr DY Patil Sports Academy,20,21,95.23809523809523
YBK Jaiswal,Dubai International Cricket Stadium,116,81,143.20987654320987
YBK Jaiswal,Eden Gardens,101,55,183.63636363636365
YBK Jaiswal,Himachal Pradesh Cricket Association Stadium,50,36,138.88888888888889
YBK Jaiswal,M Chinnaswamy Stadium,47,37,127.02702702702702
YBK Jaiswal,MA Chidambaram Stadium,10,8,125.0
YBK Jaiswal,Maharashtra Cricket Association Stadium,20,14,142.85714285714286
YBK Jaiswal,Narendra Modi Stadium,44,36,122.22222222222223
YBK Jaiswal,Rajiv Gandhi International Stadium,54,37,145.94594594594594
YBK Jaiswal,Sawai Mansingh Stadium,170,109,155.96330275229357
YBK Jaiswal,Sharjah Cricket Stadium,52,54,96.29629629629629
YBK Jaiswal,Sheikh Zayed Stadium,0,2,0.0
YBK Jaiswal,Wankhede Stadium,218,125,174.4
YBK Jaiswal,Zayed Cricket Stadium,55,25,220.00000000000003
YK Pathan,Arun Jaitley Stadium,9,11,81.81818181818183
YK Pathan,Barabati Stadium,26,17,152.94117647058823
YK Pathan,Brabourne Stadium,144,71,202.8169014084507
YK Pathan,De Beers Diamond Oval,13,18,72.22222222222221
YK Pathan,Dr DY Patil Sports Academy,86,64,134.375
YK Pathan,Dr. Y.S. Rajasekhara Reddy ACA-VDCA Cricket Stadium,6,7,85.71428571428571
YK Pathan,Dubai International Cricket Stadium,11,8,137.5
YK Pathan,Eden Gardens,861,568,151.58450704225353
YK Pathan,Feroz Shah Kotla,157,118,133.05084745762713
YK Pathan,Green Park,36,36,100.0
YK Pathan,JSCA International Stadium Complex,131,89,147.19101123595507
YK Pathan,Kingsmead,38,36,105.55555555555556
YK Pathan,M Chinnaswamy Stadium,218,142,153.52112676056336
YK Pathan,M.Chinnaswamy Stadium,3,4,75.0
YK Pathan,MA Chidambaram Stadium,55,57,96.49122807017544
YK Pathan,Maharashtra Cricket Association Stadium,64,51,125.49019607843137
YK Pathan,Nehru Stadium,17,13,130.76923076923077
YK Pathan,Newlands,21,27,77.77777777777779
YK Pathan,OUTsurance Oval,1,5,20.0
YK Pathan,Punjab Cricket Association IS Bindra Stadium,33,22,150.0
YK Pathan,Punjab Cricket Association Stadium,80,50,160.0
YK Pathan,Rajiv Gandhi International Stadium,351,229,153.27510917030565
YK Pathan,Sardar Patel Stadium,96,60,160.0
YK Pathan,Sawai Mansingh Stadium,207,143,144.75524475524475
YK Pathan,Shaheed Veer Narayan Singh International Stadium,20,16,125.0
YK Pathan,Sharjah Cricket Stadium,0,2,0.0
YK Pathan,Sheikh Zayed Stadium,7,9,77.77777777777779
YK Pathan,St George's Park,24,14,171.42857142857142
YK Pathan,Subrata Roy Sahara Stadium,58,36,161.11111111111111
YK Pathan,SuperSport Park,104,62,167.74193548387098
YK Pathan,Vidarbha Cricket Association Stadium,5,7,71.42857142857143
YK Pathan,Wankhede Stadium,280,216,129.62962962962962
YS Chahal,Dr DY Patil Sports Academy,5,8,62.5
YS Chahal,Dubai International Cricket Stadium,1,3,33.33333333333333
YS Chahal,Eden Gardens,0,2,0.0
YS Chahal,M Chinnaswamy Stadium,8,10,80.0
YS Chahal,M.Chinnaswamy Stadium,1,1,100.0
YS Chahal,MA Chidambaram Stadium,4,12,33.33333333333333
YS Chahal,Maharashtra Cricket Association Stadium,4,9,44.44444444444444
YS Chahal,Rajiv Gandhi International Stadium,4,10,40.0
YS Chahal,Sawai Mansingh Stadium,0,4,0.0
YS Chahal,Wankhede Stadium,8,21,38.095238095238095
YS Chahal,Zayed Cricket Stadium,2,6,33.33333333333333
YV Dhull,Arun Jaitley Stadium,15,19,78.94736842105263
YV Dhull,M Chinnaswamy Stadium,1,4,25.0
YV Takawale,Dr DY Patil Sports Academy,41,52,78.84615384615384
YV Takawale,Dubai International Cricket Stadium,0,7,0.0
YV Takawale,Eden Gardens,45,36,125.0
YV Takawale,Kingsmead,18,22,81.81818181818183
YV Takawale,M Chinnaswamy Stadium,19,17,111.76470588235294
YV Takawale,Rajiv Gandhi International Stadium,5,5,100.0
YV Takawale,Sawai Mansingh Stadium,24,7,342.85714285714283
YV Takawale,Sharjah Cricket Stadium,40,28,142.85714285714286
YV Takawale,Sheikh Zayed Stadium,0,3,0.0
Yash Dayal,Dr DY Patil Sports Academy,0,1,0.0
Yashpal Singh,Kingsmead,6,19,31.57894736842105
Yashpal Singh,New Wanderers Stadium,13,20,65.0
Yashpal Singh,St George's Park,8,8,100.0
Younis Khan,Punjab Cricket Association Stadium,3,7,42.857142857142854
Yudhvir Singh,Bharat Ratna Shri Atal Bihari Vajpayee Ekana Cricket Stadium,0,1,0.0
Yudhvir Singh,Sawai Mansingh Stadium,1,1,100.0
Yuvraj Singh,Arun Jaitley Stadium,14,17,82.35294117647058
Yuvraj Singh,Barabati Stadium,4,6,66.66666666666666
Yuvraj Singh,Brabourne Stadium,24,21,114.28571428571428
Yuvraj Singh,De Beers Diamond Oval,18,13,138.46153846153845
Yuvraj Singh,Dr DY Patil Sports Academy,224,161,139.1304347826087
Yuvraj Singh,Dr. Y.S. Rajasekhara Reddy ACA-VDCA Cricket Stadium,71,57,124.56140350877195
Yuvraj Singh,Dubai International Cricket Stadium,35,34,102.94117647058823
Yuvraj Singh,Eden Gardens,127,77,164.93506493506493
Yuvraj Singh,Feroz Shah Kotla,218,160,136.25
Yuvraj Singh,Himachal Pradesh Cricket Association Stadium,21,24,87.5
Yuvraj Singh,Holkar Cricket Stadium,14,14,100.0
Yuvraj Singh,JSCA International Stadium Complex,43,29,148.27586206896552
Yuvraj Singh,Kingsmead,182,148,122.97297297297298
Yuvraj Singh,M Chinnaswamy Stadium,307,195,157.43589743589743
Yuvraj Singh,M.Chinnaswamy Stadium,27,16,168.75
Yuvraj Singh,MA Chidambaram Stadium,45,54,83.33333333333334
Yuvraj Singh,Maharashtra Cricket Association Stadium,54,39,138.46153846153845
Yuvraj Singh,New Wanderers Stadium,20,18,111.11111111111111
Yuvraj Singh,Newlands,18,14,128.57142857142858
Yuvraj Singh,OUTsurance Oval,18,31,58.06451612903226
Yuvraj Singh,Punjab Cricket Association IS Bindra Stadium,107,93,115.05376344086022
Yuvraj Singh,Punjab Cricket Association Stadium,327,205,159.51219512195124
Yuvraj Singh,Rajiv Gandhi International Stadium,179,159,112.57861635220125
Yuvraj Singh,Sawai Mansingh Stadium,107,72,148.61111111111111
Yuvraj Singh,Shaheed Veer Narayan Singh International Stadium,75,70,107.14285714285714
Yuvraj Singh,Sharjah Cricket Stadium,83,61,136.0655737704918
Yuvraj Singh,Sheikh Zayed Stadium,3,7,42.857142857142854
Yuvraj Singh,St George's Park,14,16,87.5
Yuvraj Singh,Subrata Roy Sahara Stadium,86,76,113.1578947368421
Yuvraj Singh,SuperSport Park,70,54,129.62962962962962
Yuvraj Singh,Wankhede Stadium,161,137,117.51824817518248
Z Khan,Brabourne Stadium,23,9,255.55555555555554
Z Khan,Buffalo Park,2,2,100.0
Z Khan,Dr DY Patil Sports Academy,1,3,33.33333333333333
Z Khan,Dr. Y.S. Rajasekhara Reddy ACA-VDCA Cricket Stadium,2,4,50.0
Z Khan,Dubai International Cricket Stadium,8,7,114.28571428571428
Z Khan,Eden Gardens,4,9,44.44444444444444
Z Khan,Feroz Shah Kotla,3,12,25.0
Z Khan,Kingsmead,4,6,66.66666666666666
Z Khan,M Chinnaswamy Stadium,44,46,95.65217391304348
Z Khan,M.Chinnaswamy Stadium,1,1,100.0
Z Khan,MA Chidambaram Stadium,21,21,100.0
Z Khan,Newlands,2,3,66.66666666666666
Z Khan,Punjab Cricket Association Stadium,1,5,20.0
Z Khan,Rajiv Gandhi International Stadium,0,7,0.0
Z Khan,Sawai Mansingh Stadium,1,5,20.0
